2025-11-30 16:26:24,349 [INFO] Activator:176 - 


2025-11-30 16:26:24,350 [INFO] Activator:177 - !SESSION log4j initialized
2025-11-30 16:26:27,288 [INFO] LogOutputStream:77 - [STDOUT_REDIRECT] 
2025-11-30 16:26:27,915 [ERROR] LogOutputStream:75 - [STDERR_REDIRECT] [Fatal Error] :1:1: Premature end of file.
2025-11-30 16:26:27,916 [ERROR] LogOutputStream:75 - [STDERR_REDIRECT] 
2025-11-30 16:26:28,842 [ERROR] LogOutputStream:75 - [STDERR_REDIRECT] [Fatal Error] :1:1: Premature end of file.
2025-11-30 16:26:28,842 [ERROR] LogOutputStream:75 - [STDERR_REDIRECT] 
2025-11-30 16:26:29,822 [ERROR] LogOutputStream:75 - [STDERR_REDIRECT] [Fatal Error] :1:1: Premature end of file.
2025-11-30 16:26:29,822 [ERROR] LogOutputStream:75 - [STDERR_REDIRECT] 
2025-11-30 16:26:29,928 [INFO] ApplicationProperties:184 - Using Application install path: C:\ST\STM32CubeIDE_1.18.1\STM32CubeIDE\plugins\com.st.stm32cube.common.mx_6.15.0.202507011659
2025-11-30 16:26:29,950 [INFO] DbMcusXml:78 - Set database path to: C:\ST\STM32CubeIDE_1.18.1\STM32CubeIDE\plugins\com.st.stm32cube.common.mx_6.15.0.202507011659\\db\/mcu/
2025-11-30 16:26:29,950 [INFO] ApiDb:274 - Set plugin database path to: C:\ST\STM32CubeIDE_1.18.1\STM32CubeIDE\plugins\com.st.stm32cube.common.mx_6.15.0.202507011659\\db\/plugins/boardmanager/
2025-11-30 16:26:29,951 [WARN] ApiDb:259 - Overriding images path with different value:  => C:\ST\STM32CubeIDE_1.18.1\STM32CubeIDE\plugins\com.st.stm32cube.common.mx_6.15.0.202507011659\\db\/plugins/mcufinder/images/
2025-11-30 16:26:29,960 [INFO] ApiDb:250 - Set database path to: C:\Users\shubh\.stmcufinder\plugins\mcufinder//mcu/
2025-11-30 16:26:29,962 [INFO] DbMcusAds:125 - Set database path to: C:\Users\shubh\.stmcufinder\plugins\mcufinder//mcu/
2025-11-30 16:26:29,964 [INFO] CrossReferenceDbSqlite:203 - Set database path to: C:\Users\shubh\.stmcufinder\plugins\mcufinder//mcu/cs/
2025-11-30 16:26:30,079 [INFO] RulesReader:64 - Compatibility file has been processed (317 Rules)
2025-11-30 16:26:30,170 [INFO] DbMcusXml:78 - Set database path to: C:\ST\STM32CubeIDE_1.18.1\STM32CubeIDE\plugins\com.st.stm32cube.common.mx_6.15.0.202507011659\\db\/mcu/
2025-11-30 16:26:30,170 [INFO] ApiDb:274 - Set plugin database path to: C:\ST\STM32CubeIDE_1.18.1\STM32CubeIDE\plugins\com.st.stm32cube.common.mx_6.15.0.202507011659\\db\/plugins/boardmanager/
2025-11-30 16:26:30,170 [INFO] ApiDb:261 - Set plugin images path to: C:\ST\STM32CubeIDE_1.18.1\STM32CubeIDE\plugins\com.st.stm32cube.common.mx_6.15.0.202507011659\\db\/plugins/mcufinder/images/
2025-11-30 16:26:30,171 [WARN] DbFile:41 - Overriding database path with different value: C:\Users\shubh\.stmcufinder\plugins\mcufinder/ => C:\Users\shubh\.stmcufinder\plugins\mcufinder
2025-11-30 16:26:30,171 [INFO] ApiDb:250 - Set database path to: C:\Users\shubh\.stmcufinder\plugins\mcufinder//mcu/
2025-11-30 16:26:30,171 [WARN] DbFile:41 - Overriding database path with different value: C:\Users\shubh\.stmcufinder\plugins\mcufinder/ => C:\Users\shubh\.stmcufinder\plugins\mcufinder
2025-11-30 16:26:30,171 [INFO] DbMcusAds:125 - Set database path to: C:\Users\shubh\.stmcufinder\plugins\mcufinder//mcu/
2025-11-30 16:26:30,171 [WARN] DbFile:41 - Overriding database path with different value: C:\Users\shubh\.stmcufinder\plugins\mcufinder/ => C:\Users\shubh\.stmcufinder\plugins\mcufinder
2025-11-30 16:26:30,171 [WARN] DbFile:41 - Overriding database path with different value: C:\Users\shubh\.stmcufinder\plugins\mcufinder/ => C:\Users\shubh\.stmcufinder\plugins\mcufinder
2025-11-30 16:26:30,171 [INFO] CrossReferenceDbSqlite:203 - Set database path to: C:\Users\shubh\.stmcufinder\plugins\mcufinder//mcu/cs/
2025-11-30 16:26:30,264 [INFO] MainPanel:274 - HeapMemory: 268435456
2025-11-30 16:26:30,417 [INFO] DbMcusXml:78 - Set database path to: C:\ST\STM32CubeIDE_1.18.1\STM32CubeIDE\plugins\com.st.stm32cube.common.mx_6.15.0.202507011659\\db\/mcu/
2025-11-30 16:26:30,418 [INFO] ApiDb:274 - Set plugin database path to: C:\ST\STM32CubeIDE_1.18.1\STM32CubeIDE\plugins\com.st.stm32cube.common.mx_6.15.0.202507011659\\db\/plugins/boardmanager/
2025-11-30 16:26:30,418 [INFO] ApiDb:261 - Set plugin images path to: C:\ST\STM32CubeIDE_1.18.1\STM32CubeIDE\plugins\com.st.stm32cube.common.mx_6.15.0.202507011659\\db\/plugins/mcufinder/images/
2025-11-30 16:26:30,418 [WARN] DbFile:41 - Overriding database path with different value: C:\Users\shubh\.stmcufinder\plugins\mcufinder/ => C:\Users\shubh\.stmcufinder\plugins\mcufinder
2025-11-30 16:26:30,418 [INFO] ApiDb:250 - Set database path to: C:\Users\shubh\.stmcufinder\plugins\mcufinder//mcu/
2025-11-30 16:26:30,418 [WARN] DbFile:41 - Overriding database path with different value: C:\Users\shubh\.stmcufinder\plugins\mcufinder/ => C:\Users\shubh\.stmcufinder\plugins\mcufinder
2025-11-30 16:26:30,419 [INFO] DbMcusAds:125 - Set database path to: C:\Users\shubh\.stmcufinder\plugins\mcufinder//mcu/
2025-11-30 16:26:30,419 [WARN] DbFile:41 - Overriding database path with different value: C:\Users\shubh\.stmcufinder\plugins\mcufinder/ => C:\Users\shubh\.stmcufinder\plugins\mcufinder
2025-11-30 16:26:30,419 [WARN] DbFile:41 - Overriding database path with different value: C:\Users\shubh\.stmcufinder\plugins\mcufinder/ => C:\Users\shubh\.stmcufinder\plugins\mcufinder
2025-11-30 16:26:30,419 [INFO] CrossReferenceDbSqlite:203 - Set database path to: C:\Users\shubh\.stmcufinder\plugins\mcufinder//mcu/cs/
2025-11-30 16:26:30,450 [INFO] ApplicationProperties:184 - Using Application install path: C:\ST\STM32CubeIDE_1.18.1\STM32CubeIDE\plugins\com.st.stm32cube.common.mx_6.15.0.202507011659
2025-11-30 16:26:30,453 [INFO] PluginManage:196 - Search for loadable plugins [exclusion list=, ]
2025-11-30 16:26:30,455 [INFO] PluginManage:310 - Check plugin analytics
2025-11-30 16:26:30,820 [INFO] AnalyticsPlugin:253 - Accepted Software Licenses: STM32CubeMX.6.15.0
2025-11-30 16:26:30,821 [INFO] AnalyticsPlugin:255 - Accepted CMSIS Pack Licenses: 
2025-11-30 16:26:30,821 [INFO] AnalyticsPlugin:257 - Accepted Firmware Licenses: 
2025-11-30 16:26:30,840 [INFO] PluginManage:359 - Loaded plugin analytics (category:tool,tabindex:-1)
2025-11-30 16:26:30,841 [INFO] PluginManage:310 - Check plugin cadmodel
2025-11-30 16:26:30,855 [INFO] CADModel:105 - Init CAD model plugin
2025-11-30 16:26:30,855 [INFO] PluginManage:359 - Loaded plugin cadmodel (category:power,tabindex:5)
2025-11-30 16:26:30,855 [INFO] PluginManage:310 - Check plugin clock
2025-11-30 16:26:30,871 [INFO] PluginManage:359 - Loaded plugin clock (category:base,tabindex:2)
2025-11-30 16:26:30,872 [INFO] PluginManage:310 - Check plugin ddr
2025-11-30 16:26:30,876 [INFO] PluginManage:359 - Loaded plugin ddr (category:tool,tabindex:6)
2025-11-30 16:26:30,876 [INFO] PluginManage:310 - Check plugin filemanager
2025-11-30 16:26:30,883 [ERROR] LogOutputStream:75 - [STDERR_REDIRECT] [Fatal Error] :1:1: Premature end of file.
2025-11-30 16:26:30,884 [ERROR] LogOutputStream:75 - [STDERR_REDIRECT] 
2025-11-30 16:26:31,319 [INFO] PluginManage:359 - Loaded plugin filemanager (category:base,tabindex:10)
2025-11-30 16:26:31,320 [INFO] PluginManage:310 - Check plugin ipmanager
2025-11-30 16:26:31,329 [INFO] PluginManage:359 - Loaded plugin ipmanager (category:base,tabindex:5)
2025-11-30 16:26:31,329 [INFO] PluginManage:310 - Check plugin lpbam
2025-11-30 16:26:31,339 [INFO] PluginManage:359 - Loaded plugin lpbam (category:base,tabindex:0)
2025-11-30 16:26:31,340 [INFO] PluginManage:310 - Check plugin memorymap
2025-11-30 16:26:31,358 [INFO] PluginManage:359 - Loaded plugin memorymap (category:base,tabindex:4)
2025-11-30 16:26:31,358 [INFO] PluginManage:310 - Check plugin pinoutandconfiguration
2025-11-30 16:26:31,370 [INFO] PluginManage:359 - Loaded plugin pinoutandconfiguration (category:base,tabindex:1)
2025-11-30 16:26:31,370 [INFO] PluginManage:310 - Check plugin pinoutconfig
2025-11-30 16:26:31,488 [WARN] SupportedApi:132 - Cannot load RTOS API schema: s4s-elt-must-match.1: The content of 'definitions' must match (annotation?, (simpleType | complexType)?, (unique | key | keyref)*)). A problem was found starting at: attribute.
2025-11-30 16:26:31,672 [INFO] PluginManage:359 - Loaded plugin pinoutconfig (category:base,tabindex:0)
2025-11-30 16:26:31,672 [INFO] PluginManage:310 - Check plugin power
2025-11-30 16:26:31,686 [INFO] PluginManage:359 - Loaded plugin power (category:power,tabindex:4)
2025-11-30 16:26:31,686 [INFO] PluginManage:310 - Check plugin projectmanager
2025-11-30 16:26:31,706 [INFO] PluginManage:359 - Loaded plugin projectmanager (category:projectmanager,tabindex:4)
2025-11-30 16:26:31,706 [INFO] PluginManage:310 - Check plugin rif
2025-11-30 16:26:31,719 [INFO] PluginManage:359 - Loaded plugin rif (category:base,tabindex:3)
2025-11-30 16:26:31,720 [INFO] PluginManage:310 - Check plugin thirdparty
2025-11-30 16:26:31,830 [ERROR] LogOutputStream:75 - [STDERR_REDIRECT] [Fatal Error] :1:1: Premature end of file.
2025-11-30 16:26:31,830 [ERROR] LogOutputStream:75 - [STDERR_REDIRECT] 
2025-11-30 16:26:31,874 [INFO] PluginManage:359 - Loaded plugin thirdparty (category:base,tabindex:-1)
2025-11-30 16:26:31,874 [WARN] IntegrityCheckThread:84 - waiting for thirdparty lock release [integrity check]
2025-11-30 16:26:31,874 [INFO] IntegrityCheckThread:86 - entering critical section [integrity check]
2025-11-30 16:26:31,874 [INFO] PluginManage:310 - Check plugin tools
2025-11-30 16:26:31,874 [INFO] ThirdPartyUpdaterWithRetryManager:70 - Updater plugin not ready yet. [1/15]
2025-11-30 16:26:31,878 [INFO] PluginManage:359 - Loaded plugin tools (category:base,tabindex:7)
2025-11-30 16:26:31,880 [INFO] PluginManage:310 - Check plugin tutovideos
2025-11-30 16:26:32,108 [INFO] PluginManage:359 - Loaded plugin tutovideos (category:base,tabindex:-1)
2025-11-30 16:26:32,108 [INFO] PluginManage:310 - Check plugin updater
2025-11-30 16:26:32,131 [INFO] PluginManage:359 - Loaded plugin updater (category:base,tabindex:12)
2025-11-30 16:26:32,131 [INFO] PluginManage:310 - Check plugin userauth
2025-11-30 16:26:32,135 [INFO] UserAuth:118 - Init User Auth plugin
2025-11-30 16:26:32,136 [INFO] PluginManage:359 - Loaded plugin userauth (category:base,tabindex:14)
2025-11-30 16:26:32,136 [INFO] PluginManage:283 - PluginManage : Loaded plugins [18]
2025-11-30 16:26:32,395 [INFO] PinOutPanel:1589 - setPackage(No Configuration,No Configuration)
2025-11-30 16:26:32,535 [INFO] CADModel:165 - CPN selected for project level
2025-11-30 16:26:32,535 [INFO] CADModel:114 - Register for checkConnection events
2025-11-30 16:26:32,559 [INFO] IPUIPlugin:80 - create IPUIPlugin
2025-11-30 16:26:32,559 [INFO] PluginManager:220 - loadIPPluginJar : add adc
2025-11-30 16:26:32,562 [INFO] IPUIPlugin:80 - create IPUIPlugin
2025-11-30 16:26:32,563 [INFO] PluginManager:220 - loadIPPluginJar : add aes
2025-11-30 16:26:32,567 [INFO] IPUIPlugin:80 - create IPUIPlugin
2025-11-30 16:26:32,567 [INFO] PluginManager:220 - loadIPPluginJar : add can
2025-11-30 16:26:32,570 [INFO] IPUIPlugin:80 - create IPUIPlugin
2025-11-30 16:26:32,570 [INFO] PluginManager:220 - loadIPPluginJar : add comp
2025-11-30 16:26:32,576 [INFO] IPUIPlugin:80 - create IPUIPlugin
2025-11-30 16:26:32,576 [INFO] PluginManager:220 - loadIPPluginJar : add cryp
2025-11-30 16:26:32,580 [INFO] IPUIPlugin:80 - create IPUIPlugin
2025-11-30 16:26:32,581 [INFO] PluginManager:220 - loadIPPluginJar : add ddr_ctrl_phy
2025-11-30 16:26:32,584 [INFO] IPUIPlugin:80 - create IPUIPlugin
2025-11-30 16:26:32,584 [INFO] PluginManager:220 - loadIPPluginJar : add dfsdm
2025-11-30 16:26:32,591 [INFO] IPUIPlugin:80 - create IPUIPlugin
2025-11-30 16:26:32,592 [INFO] PluginManager:220 - loadIPPluginJar : add dma
2025-11-30 16:26:32,595 [INFO] IPUIPlugin:80 - create IPUIPlugin
2025-11-30 16:26:32,595 [INFO] PluginManager:220 - loadIPPluginJar : add dma3
2025-11-30 16:26:32,599 [INFO] IPUIPlugin:80 - create IPUIPlugin
2025-11-30 16:26:32,599 [INFO] PluginManager:220 - loadIPPluginJar : add extmemmanager
2025-11-30 16:26:32,601 [INFO] IPUIPlugin:80 - create IPUIPlugin
2025-11-30 16:26:32,601 [INFO] PluginManager:220 - loadIPPluginJar : add fatfs
2025-11-30 16:26:32,606 [INFO] IPUIPlugin:80 - create IPUIPlugin
2025-11-30 16:26:32,607 [INFO] PluginManager:220 - loadIPPluginJar : add fmc
2025-11-30 16:26:32,614 [INFO] IPUIPlugin:80 - create IPUIPlugin
2025-11-30 16:26:32,614 [INFO] PluginManager:220 - loadIPPluginJar : add freertos
2025-11-30 16:26:32,616 [INFO] IPUIPlugin:80 - create IPUIPlugin
2025-11-30 16:26:32,616 [INFO] PluginManager:220 - loadIPPluginJar : add genericplugin
2025-11-30 16:26:32,619 [INFO] IPUIPlugin:80 - create IPUIPlugin
2025-11-30 16:26:32,619 [INFO] PluginManager:220 - loadIPPluginJar : add gfxmmu
2025-11-30 16:26:32,625 [INFO] IPUIPlugin:80 - create IPUIPlugin
2025-11-30 16:26:32,625 [INFO] PluginManager:220 - loadIPPluginJar : add gic
2025-11-30 16:26:32,631 [INFO] IPUIPlugin:80 - create IPUIPlugin
2025-11-30 16:26:32,631 [INFO] PluginManager:220 - loadIPPluginJar : add gpio
2025-11-30 16:26:32,634 [INFO] IPUIPlugin:80 - create IPUIPlugin
2025-11-30 16:26:32,634 [INFO] PluginManager:220 - loadIPPluginJar : add gtzc
2025-11-30 16:26:32,637 [INFO] IPUIPlugin:80 - create IPUIPlugin
2025-11-30 16:26:32,638 [INFO] PluginManager:220 - loadIPPluginJar : add hash
2025-11-30 16:26:32,641 [INFO] IPUIPlugin:80 - create IPUIPlugin
2025-11-30 16:26:32,641 [INFO] PluginManager:220 - loadIPPluginJar : add i2c
2025-11-30 16:26:32,644 [INFO] IPUIPlugin:80 - create IPUIPlugin
2025-11-30 16:26:32,645 [INFO] PluginManager:220 - loadIPPluginJar : add i2s
2025-11-30 16:26:32,647 [INFO] IPUIPlugin:80 - create IPUIPlugin
2025-11-30 16:26:32,647 [INFO] PluginManager:220 - loadIPPluginJar : add i3c
2025-11-30 16:26:32,650 [INFO] IPUIPlugin:80 - create IPUIPlugin
2025-11-30 16:26:32,650 [INFO] PluginManager:220 - loadIPPluginJar : add ipddr
2025-11-30 16:26:32,658 [INFO] IPUIPlugin:80 - create IPUIPlugin
2025-11-30 16:26:32,658 [INFO] PluginManager:220 - loadIPPluginJar : add linkedlist
2025-11-30 16:26:32,662 [INFO] IPUIPlugin:80 - create IPUIPlugin
2025-11-30 16:26:32,662 [INFO] PluginManager:220 - loadIPPluginJar : add lorawan
2025-11-30 16:26:32,663 [INFO] IPUIPlugin:80 - create IPUIPlugin
2025-11-30 16:26:32,663 [INFO] PluginManager:220 - loadIPPluginJar : add ltdc
2025-11-30 16:26:32,671 [INFO] IPUIPlugin:80 - create IPUIPlugin
2025-11-30 16:26:32,671 [INFO] PluginManager:220 - loadIPPluginJar : add mdma
2025-11-30 16:26:32,679 [INFO] IPUIPlugin:80 - create IPUIPlugin
2025-11-30 16:26:32,679 [INFO] PluginManager:220 - loadIPPluginJar : add nvic
2025-11-30 16:26:32,682 [INFO] IPUIPlugin:80 - create IPUIPlugin
2025-11-30 16:26:32,682 [INFO] PluginManager:220 - loadIPPluginJar : add opamp
2025-11-30 16:26:32,685 [INFO] IPUIPlugin:80 - create IPUIPlugin
2025-11-30 16:26:32,685 [INFO] PluginManager:220 - loadIPPluginJar : add openamp
2025-11-30 16:26:32,689 [INFO] IPUIPlugin:80 - create IPUIPlugin
2025-11-30 16:26:32,689 [INFO] PluginManager:220 - loadIPPluginJar : add pdm2pcm
2025-11-30 16:26:32,695 [INFO] IPUIPlugin:80 - create IPUIPlugin
2025-11-30 16:26:32,697 [INFO] PluginManager:220 - loadIPPluginJar : add plateformsettings
2025-11-30 16:26:32,700 [INFO] IPUIPlugin:80 - create IPUIPlugin
2025-11-30 16:26:32,700 [INFO] PluginManager:220 - loadIPPluginJar : add quadspi
2025-11-30 16:26:32,703 [INFO] IPUIPlugin:80 - create IPUIPlugin
2025-11-30 16:26:32,704 [INFO] PluginManager:220 - loadIPPluginJar : add radio
2025-11-30 16:26:32,708 [INFO] IPUIPlugin:80 - create IPUIPlugin
2025-11-30 16:26:32,708 [INFO] PluginManager:220 - loadIPPluginJar : add resmgrutility
2025-11-30 16:26:32,713 [INFO] IPUIPlugin:80 - create IPUIPlugin
2025-11-30 16:26:32,713 [INFO] PluginManager:220 - loadIPPluginJar : add sai
2025-11-30 16:26:32,716 [INFO] IPUIPlugin:80 - create IPUIPlugin
2025-11-30 16:26:32,716 [INFO] PluginManager:220 - loadIPPluginJar : add spi
2025-11-30 16:26:32,723 [INFO] IPUIPlugin:80 - create IPUIPlugin
2025-11-30 16:26:32,723 [INFO] PluginManager:220 - loadIPPluginJar : add stm32_wpan
2025-11-30 16:26:32,725 [INFO] IPUIPlugin:80 - create IPUIPlugin
2025-11-30 16:26:32,725 [INFO] PluginManager:220 - loadIPPluginJar : add tim
2025-11-30 16:26:32,729 [INFO] IPUIPlugin:80 - create IPUIPlugin
2025-11-30 16:26:32,729 [INFO] PluginManager:220 - loadIPPluginJar : add touchsensing
2025-11-30 16:26:32,732 [INFO] IPUIPlugin:80 - create IPUIPlugin
2025-11-30 16:26:32,732 [INFO] PluginManager:220 - loadIPPluginJar : add tracer_emb
2025-11-30 16:26:32,735 [INFO] IPUIPlugin:80 - create IPUIPlugin
2025-11-30 16:26:32,735 [INFO] PluginManager:220 - loadIPPluginJar : add ts
2025-11-30 16:26:32,738 [INFO] IPUIPlugin:80 - create IPUIPlugin
2025-11-30 16:26:32,738 [INFO] PluginManager:220 - loadIPPluginJar : add tsc
2025-11-30 16:26:32,740 [INFO] IPUIPlugin:80 - create IPUIPlugin
2025-11-30 16:26:32,741 [INFO] PluginManager:220 - loadIPPluginJar : add ucpd
2025-11-30 16:26:32,744 [INFO] IPUIPlugin:80 - create IPUIPlugin
2025-11-30 16:26:32,744 [INFO] PluginManager:220 - loadIPPluginJar : add usart
2025-11-30 16:26:32,747 [INFO] IPUIPlugin:80 - create IPUIPlugin
2025-11-30 16:26:32,747 [INFO] PluginManager:220 - loadIPPluginJar : add usbx
2025-11-30 16:26:32,827 [ERROR] LogOutputStream:75 - [STDERR_REDIRECT] [Fatal Error] :1:1: Premature end of file.
2025-11-30 16:26:32,827 [ERROR] LogOutputStream:75 - [STDERR_REDIRECT] 
2025-11-30 16:26:32,882 [FATAL] Updater:351 - Updater called before beeing initialized
2025-11-30 16:26:32,913 [INFO] RulesReader:64 - Compatibility file has been processed (317 Rules)
2025-11-30 16:26:32,926 [INFO] RulesReader:64 - Compatibility file has been processed (317 Rules)
2025-11-30 16:26:32,935 [INFO] CADModel:165 - CPN selected for project level
2025-11-30 16:26:32,936 [INFO] CADModel:114 - Register for checkConnection events
2025-11-30 16:26:32,936 [FATAL] Updater:351 - Updater called before beeing initialized
2025-11-30 16:26:32,936 [ERROR] CADModel:125 - Updater not yet initialized, retry later 
2025-11-30 16:26:33,086 [FATAL] Updater:351 - Updater called before beeing initialized
2025-11-30 16:26:33,088 [INFO] CADModel:165 - CPN selected for project level
2025-11-30 16:26:33,088 [INFO] CADModel:114 - Register for checkConnection events
2025-11-30 16:26:33,089 [FATAL] Updater:351 - Updater called before beeing initialized
2025-11-30 16:26:33,089 [ERROR] CADModel:125 - Updater not yet initialized, retry later 
2025-11-30 16:26:33,091 [FATAL] Updater:351 - Updater called before beeing initialized
2025-11-30 16:26:33,219 [FATAL] Updater:351 - Updater called before beeing initialized
2025-11-30 16:26:33,223 [INFO] DbMcusAds:53 - JSON generation date=Mon Nov 10 16:13:01 IST 2025 (1762771381096)
2025-11-30 16:26:33,223 [FATAL] Updater:351 - Updater called before beeing initialized
2025-11-30 16:26:33,270 [WARN] DetailPanel:346 - Failed to get advertising image, set to default
2025-11-30 16:26:33,369 [FATAL] Updater:351 - Updater called before beeing initialized
2025-11-30 16:26:33,371 [FATAL] Updater:351 - Updater called before beeing initialized
2025-11-30 16:26:33,371 [FATAL] Updater:351 - Updater called before beeing initialized
2025-11-30 16:26:33,371 [WARN] DetailPanel:346 - Failed to get advertising image, set to default
2025-11-30 16:26:33,372 [FATAL] Updater:351 - Updater called before beeing initialized
2025-11-30 16:26:33,422 [ERROR] Updater:1198 - MainUpdater not yet initialized. External WinMGr cannot be set.
2025-11-30 16:26:33,424 [INFO] Updater:1134 - Updater Version found : 6.15.0
2025-11-30 16:26:33,440 [INFO] ApplicationProperties:184 - Using Application install path: C:\ST\STM32CubeIDE_1.18.1\STM32CubeIDE\plugins\com.st.stm32cube.common.mx_6.15.0.202507011659
2025-11-30 16:26:33,880 [ERROR] LogOutputStream:75 - [STDERR_REDIRECT] [Fatal Error] :1:1: Premature end of file.
2025-11-30 16:26:33,880 [ERROR] LogOutputStream:75 - [STDERR_REDIRECT] 
2025-11-30 16:26:34,761 [INFO] McuFinderGlobals:63 - Set McuFinder mode to 2 (CubeIDE integrated)
2025-11-30 16:26:34,832 [ERROR] LogOutputStream:75 - [STDERR_REDIRECT] [Fatal Error] :1:1: Premature end of file.
2025-11-30 16:26:34,832 [ERROR] LogOutputStream:75 - [STDERR_REDIRECT] 
2025-11-30 16:26:34,876 [INFO] ThirdPartyUpdaterWithRetryManager:70 - Updater plugin not ready yet. [2/15]
2025-11-30 16:26:35,033 [ERROR] LogOutputStream:75 - [STDERR_REDIRECT] Nov 30, 2025 4:26:35 PM java.util.prefs.WindowsPreferences <init>
2025-11-30 16:26:35,044 [ERROR] LogOutputStream:75 - [STDERR_REDIRECT] WARNING: Could not open/create prefs root node Software\JavaSoft\Prefs at root 0xffffffff80000002. Windows RegCreateKeyEx(...) returned error code 5.
2025-11-30 16:26:35,044 [ERROR] LogOutputStream:75 - [STDERR_REDIRECT] 
2025-11-30 16:26:35,827 [INFO] MainUpdater:2872 - connection check result : 10
2025-11-30 16:26:35,829 [INFO] MainUpdater:289 - Updater Check For Update Now.
2025-11-30 16:26:35,830 [INFO] MicroXplorer:498 - Change Database Version : DB.6.0.150
2025-11-30 16:26:35,839 [ERROR] LogOutputStream:75 - [STDERR_REDIRECT] [Fatal Error] :1:1: Premature end of file.
2025-11-30 16:26:35,839 [ERROR] LogOutputStream:75 - [STDERR_REDIRECT] 
2025-11-30 16:26:35,839 [INFO] McuFinderGlobals:63 - Set McuFinder mode to 2 (CubeIDE integrated)
2025-11-30 16:26:35,841 [INFO] UserAuth:487 - Internet connection configuration mode: 1
2025-11-30 16:26:35,872 [INFO] JxBrowserEngine:152 - Initiate JxBrowser Engine with user profile folder
2025-11-30 16:26:36,027 [INFO] CheckServerUpdateThread:120 - End of CheckServer Thread
2025-11-30 16:26:36,043 [INFO] MainUpdater:2872 - connection check result : 10
2025-11-30 16:26:36,046 [INFO] McuFinderGlobals:76 - Set McuFinderConnectedMode to true
2025-11-30 16:26:36,265 [INFO] ServerAccessManage:452 - Complete download http(s) 200
2025-11-30 16:26:36,267 [INFO] ServerAccessManage:509 - Download File mcusAds.json._tmp_
2025-11-30 16:26:36,403 [INFO] LoadUrlFilesThread:156 - End of LoadUrlFiles Thread
2025-11-30 16:26:36,524 [INFO] ServerAccessManage:452 - Complete download http(s) 200
2025-11-30 16:26:36,525 [INFO] ServerAccessManage:509 - Download File cube-finder-db.zip
2025-11-30 16:26:36,890 [ERROR] LogOutputStream:75 - [STDERR_REDIRECT] [Fatal Error] :1:1: Premature end of file.
2025-11-30 16:26:36,890 [ERROR] LogOutputStream:75 - [STDERR_REDIRECT] 
2025-11-30 16:26:37,026 [INFO] WebApp:169 - Instantiating new browser for Auth
2025-11-30 16:26:37,876 [ERROR] LogOutputStream:75 - [STDERR_REDIRECT] [Fatal Error] :1:1: Premature end of file.
2025-11-30 16:26:37,876 [ERROR] LogOutputStream:75 - [STDERR_REDIRECT] 
2025-11-30 16:26:37,877 [WARN] MainUpdater:1193 - Updater busy. Cannot search thirdparties
2025-11-30 16:26:37,878 [INFO] ThirdPartyUpdaterWithRetryManager:96 - Updater plugin is busy. [1/15]
2025-11-30 16:26:38,018 [INFO] WebApp:463 - Apply proxy settings
2025-11-30 16:26:38,019 [INFO] WebApp:548 - Chromium requires no authentication
2025-11-30 16:26:38,034 [INFO] WebApp:491 - Direct internet connection detected
2025-11-30 16:26:38,073 [INFO] WebApp:900 - Register for checkConnection events
2025-11-30 16:26:38,073 [INFO] WebApp:463 - Apply proxy settings
2025-11-30 16:26:38,073 [INFO] WebApp:548 - Chromium requires no authentication
2025-11-30 16:26:38,073 [INFO] WebApp:491 - Direct internet connection detected
2025-11-30 16:26:38,291 [INFO] WebApp:225 - Starting web application
2025-11-30 16:26:38,291 [INFO] WebApp:593 - Web application path used C:\ST\STM32CubeIDE_1.18.1\STM32CubeIDE\plugins\com.st.stm32cube.common.mx_6.15.0.202507011659\db\plugins\mcufinder\reactClient1\index.html
2025-11-30 16:26:38,405 [INFO] UserAuth:487 - Internet connection configuration mode: 1
2025-11-30 16:26:38,525 [INFO] WebApp:191 - Connection restablished
2025-11-30 16:26:38,837 [ERROR] LogOutputStream:75 - [STDERR_REDIRECT] [Fatal Error] :1:1: Premature end of file.
2025-11-30 16:26:38,838 [ERROR] LogOutputStream:75 - [STDERR_REDIRECT] 
2025-11-30 16:26:39,842 [ERROR] LogOutputStream:75 - [STDERR_REDIRECT] [Fatal Error] :1:1: Premature end of file.
2025-11-30 16:26:39,842 [ERROR] LogOutputStream:75 - [STDERR_REDIRECT] 
2025-11-30 16:26:40,840 [ERROR] LogOutputStream:75 - [STDERR_REDIRECT] [Fatal Error] :1:1: Premature end of file.
2025-11-30 16:26:40,840 [ERROR] LogOutputStream:75 - [STDERR_REDIRECT] 
2025-11-30 16:26:40,878 [WARN] MainUpdater:1193 - Updater busy. Cannot search thirdparties
2025-11-30 16:26:40,878 [INFO] ThirdPartyUpdaterWithRetryManager:96 - Updater plugin is busy. [2/15]
2025-11-30 16:26:41,832 [ERROR] LogOutputStream:75 - [STDERR_REDIRECT] [Fatal Error] :1:1: Premature end of file.
2025-11-30 16:26:41,832 [ERROR] LogOutputStream:75 - [STDERR_REDIRECT] 
2025-11-30 16:26:42,829 [ERROR] LogOutputStream:75 - [STDERR_REDIRECT] [Fatal Error] :1:1: Premature end of file.
2025-11-30 16:26:42,829 [ERROR] LogOutputStream:75 - [STDERR_REDIRECT] 
2025-11-30 16:26:43,879 [WARN] MainUpdater:1193 - Updater busy. Cannot search thirdparties
2025-11-30 16:26:43,879 [INFO] ThirdPartyUpdaterWithRetryManager:96 - Updater plugin is busy. [3/15]
2025-11-30 16:26:43,911 [ERROR] LogOutputStream:75 - [STDERR_REDIRECT] [Fatal Error] :1:1: Premature end of file.
2025-11-30 16:26:43,912 [ERROR] LogOutputStream:75 - [STDERR_REDIRECT] 
2025-11-30 16:26:44,907 [ERROR] LogOutputStream:75 - [STDERR_REDIRECT] [Fatal Error] :1:1: Premature end of file.
2025-11-30 16:26:44,908 [ERROR] LogOutputStream:75 - [STDERR_REDIRECT] 
2025-11-30 16:26:45,918 [ERROR] LogOutputStream:75 - [STDERR_REDIRECT] [Fatal Error] :1:1: Premature end of file.
2025-11-30 16:26:45,919 [ERROR] LogOutputStream:75 - [STDERR_REDIRECT] 
2025-11-30 16:26:46,881 [WARN] MainUpdater:1193 - Updater busy. Cannot search thirdparties
2025-11-30 16:26:46,881 [INFO] ThirdPartyUpdaterWithRetryManager:96 - Updater plugin is busy. [4/15]
2025-11-30 16:26:46,900 [ERROR] LogOutputStream:75 - [STDERR_REDIRECT] [Fatal Error] :1:1: Premature end of file.
2025-11-30 16:26:46,900 [ERROR] LogOutputStream:75 - [STDERR_REDIRECT] 
2025-11-30 16:26:47,669 [INFO] FileExtend:248 - Unzip File : cube-finder-db.zip
2025-11-30 16:26:47,671 [INFO] FileExtend:263 - Standard Zip Deflate
2025-11-30 16:26:47,844 [ERROR] LogOutputStream:75 - [STDERR_REDIRECT] [Fatal Error] :1:1: Premature end of file.
2025-11-30 16:26:47,845 [ERROR] LogOutputStream:75 - [STDERR_REDIRECT] 
2025-11-30 16:26:48,850 [ERROR] LogOutputStream:75 - [STDERR_REDIRECT] [Fatal Error] :1:1: Premature end of file.
2025-11-30 16:26:48,850 [ERROR] LogOutputStream:75 - [STDERR_REDIRECT] 
2025-11-30 16:26:48,883 [INFO] LoadUrlFilesThread:156 - End of LoadUrlFiles Thread
2025-11-30 16:26:49,686 [INFO] ServerAccessManage:452 - Complete download http(s) 200
2025-11-30 16:26:49,687 [INFO] ServerAccessManage:509 - Download File crdb.zip
2025-11-30 16:26:49,838 [ERROR] LogOutputStream:75 - [STDERR_REDIRECT] [Fatal Error] :1:1: Premature end of file.
2025-11-30 16:26:49,839 [ERROR] LogOutputStream:75 - [STDERR_REDIRECT] 
2025-11-30 16:26:49,882 [WARN] MainUpdater:1193 - Updater busy. Cannot search thirdparties
2025-11-30 16:26:49,882 [INFO] ThirdPartyUpdaterWithRetryManager:96 - Updater plugin is busy. [5/15]
2025-11-30 16:26:50,459 [INFO] FileExtend:248 - Unzip File : crdb.zip
2025-11-30 16:26:50,461 [INFO] FileExtend:263 - Standard Zip Deflate
2025-11-30 16:26:50,638 [INFO] LoadUrlFilesThread:156 - End of LoadUrlFiles Thread
2025-11-30 16:26:50,831 [ERROR] LogOutputStream:75 - [STDERR_REDIRECT] [Fatal Error] :1:1: Premature end of file.
2025-11-30 16:26:50,831 [ERROR] LogOutputStream:75 - [STDERR_REDIRECT] 
2025-11-30 16:26:50,840 [INFO] ServerAccessManage:452 - Complete download http(s) 200
2025-11-30 16:26:50,842 [INFO] ServerAccessManage:509 - Download File tutoVideoDB.zip
2025-11-30 16:26:50,873 [INFO] FileExtend:248 - Unzip File : tutoVideoDB.zip
2025-11-30 16:26:50,873 [INFO] FileExtend:263 - Standard Zip Deflate
2025-11-30 16:26:50,987 [INFO] LoadUrlFilesThread:156 - End of LoadUrlFiles Thread
2025-11-30 16:26:50,990 [WARN] DbFile:41 - Overriding database path with different value: C:\Users\shubh\.stmcufinder\plugins\mcufinder/ => C:\Users\shubh\.stmcufinder\plugins\mcufinder
2025-11-30 16:26:51,113 [INFO] ServerAccessManage:452 - Complete download http(s) 200
2025-11-30 16:26:51,113 [INFO] ServerAccessManage:509 - Download File api_config.json
2025-11-30 16:26:51,242 [INFO] LoadUrlFilesThread:156 - End of LoadUrlFiles Thread
2025-11-30 16:26:51,246 [INFO] DbMcusAds:53 - JSON generation date=Tue Nov 25 19:38:32 IST 2025 (1764079712287)
2025-11-30 16:26:51,331 [INFO] LoadUrlFilesThread:185 - End of LoadServerUrlFiles without Thread
2025-11-30 16:26:51,332 [INFO] TargetSelectorAdapter:259 - Refresh data is successful
2025-11-30 16:26:51,566 [INFO] ApiDb:581 - Connected to CubeFinder SQLite database (C:\Users\shubh\.stmcufinder\plugins\mcufinder\mcu\cube-finder-db.db)
2025-11-30 16:26:51,668 [INFO] ApiDb:668 - CubeFinder database Data Model version=2.1
2025-11-30 16:26:51,668 [INFO] ApiDb:669 - CubeFinder database Configuration version=3.0.39
2025-11-30 16:26:51,669 [INFO] ApiDb:670 - CubeFinder database generation date=2025-11-05 (1762334721)
2025-11-30 16:26:51,669 [INFO] ApiDb:671 - CubeFinder database FW Pack versions=[FP-ATR-ASTRA1_V2.0.0, FP-SNS-FLIGHT1_V5.1.0, FP-SNS-MOTENV1_V5.1.0, FP-SNS-MOTENVWB1_V1.4.0, FP-SNS-SMARTAG2_V1.2.0, FP-SNS-STBOX1_V2.1.0, STM32Cube_FW_C0_V1.4.0, STM32Cube_FW_F4_V1.28.3, STM32Cube_FW_F7_V1.17.4, STM32Cube_FW_G0_V1.6.2, STM32Cube_FW_G4_V1.6.1, STM32Cube_FW_H5_V1.5.1, STM32Cube_FW_H7RS_V1.3.0, STM32Cube_FW_H7_V1.12.1, STM32Cube_FW_L0_V1.12.2, STM32Cube_FW_L4_V1.18.1, STM32Cube_FW_L5_V1.6.0, STM32Cube_FW_N6_V1.3.0, STM32Cube_FW_U0_V1.3.0, STM32Cube_FW_U3_V1.2.1, STM32Cube_FW_U5_V1.8.0, STM32Cube_FW_WB0_V1.4.0, STM32Cube_FW_WBA_V1.8.0, STM32Cube_FW_WB_V1.24.0, STM32Cube_FW_WL3_V1.3.0, STM32Cube_FW_WL_V1.4.0, X-CUBE-ALGOBUILD_V1.4.0, X-CUBE-ALS_V1.0.2, X-CUBE-AZRTOS-F4_V1.1.0, X-CUBE-AZRTOS-F7_V1.1.0, X-CUBE-AZRTOS-G0_V1.1.0, X-CUBE-AZRTOS-G4_V2.0.0, X-CUBE-AZRTOS-H7RS_V1.1.0, X-CUBE-AZRTOS-H7_V3.4.0, X-CUBE-AZRTOS-L4_V2.0.0, X-CUBE-AZRTOS-L5_V2.0.0, X-CUBE-AZRTOS-WB_V2.0.0, X-CUBE-AZRTOS-WL_V2.0.0, X-CUBE-BLE1_V7.1.0, X-CUBE-BLE2_V3.3.0, X-CUBE-BLEMGR_V4.1.0, X-CUBE-EEPRMA1_V5.2.0, X-CUBE-FREERTOS_V1.3.1, X-CUBE-GNSS1_V6.0.0, X-CUBE-MEMS1_V11.3.0, X-CUBE-NFC4_V3.0.0, X-CUBE-NFC7_V2.0.0, X-CUBE-SFXS2LP1_V4.0.0, X-CUBE-ST67W61_V1.1.0, X-CUBE-SUBG2_V5.0.0, X-CUBE-TOF1_V3.4.3]
2025-11-30 16:26:51,845 [ERROR] LogOutputStream:75 - [STDERR_REDIRECT] [Fatal Error] :1:1: Premature end of file.
2025-11-30 16:26:51,845 [ERROR] LogOutputStream:75 - [STDERR_REDIRECT] 
2025-11-30 16:26:52,830 [ERROR] LogOutputStream:75 - [STDERR_REDIRECT] [Fatal Error] :1:1: Premature end of file.
2025-11-30 16:26:52,831 [ERROR] LogOutputStream:75 - [STDERR_REDIRECT] 
2025-11-30 16:26:53,188 [WARN] PackLoader:240 - Cannot read IP mode file for STMicroelectronics.FP-SNS-MOTENVWB1.1.4.0
2025-11-30 16:26:53,197 [WARN] PackLoader:240 - Cannot read IP mode file for STMicroelectronics.FP-ATR-ASTRA1.2.0.2
2025-11-30 16:26:53,210 [WARN] PackLoader:240 - Cannot read IP mode file for STMicroelectronics.X-CUBE-SMBUS.2.1.0
2025-11-30 16:26:53,215 [WARN] PackLoader:240 - Cannot read IP mode file for STMicroelectronics.X-CUBE-ST60.1.0.0
2025-11-30 16:26:53,250 [WARN] PackLoader:240 - Cannot read IP mode file for STMicroelectronics.X-CUBE-AZRTOS-F7.1.1.0
2025-11-30 16:26:53,261 [WARN] PackLoader:240 - Cannot read IP mode file for STMicroelectronics.FP-SNS-MOTENV1.5.1.0
2025-11-30 16:26:53,292 [WARN] PackLoader:240 - Cannot read IP mode file for Infineon.AIROC-Wi-Fi-Bluetooth-STM32.1.7.1
2025-11-30 16:26:53,330 [WARN] PackLoader:240 - Cannot read IP mode file for STMicroelectronics.X-CUBE-AZRTOS-H7.3.4.0
2025-11-30 16:26:53,340 [WARN] PackLoader:240 - Cannot read IP mode file for STMicroelectronics.X-CUBE-DISPLAY.3.0.0
2025-11-30 16:26:53,356 [WARN] PackLoader:240 - Cannot read IP mode file for STMicroelectronics.X-CUBE-NFC10.1.0.0
2025-11-30 16:26:53,370 [WARN] PackLoader:240 - Cannot read IP mode file for STMicroelectronics.X-CUBE-BLEMGR.4.0.0
2025-11-30 16:26:53,380 [WARN] PackLoader:240 - Cannot read IP mode file for STMicroelectronics.X-CUBE-ST60.1.1.0
2025-11-30 16:26:53,388 [WARN] PackLoader:240 - Cannot read IP mode file for emotas.I-CUBE-CANOPEN.1.3.0
2025-11-30 16:26:53,395 [WARN] PackLoader:240 - Cannot read IP mode file for STMicroelectronics.X-CUBE-GNSS1.7.1.0
2025-11-30 16:26:53,402 [WARN] ConditionMgr:438 - getConditionDescription Invalid condition id : Cortex-A Device cause : null
2025-11-30 16:26:53,417 [WARN] ConditionMgr:1044 - genDependencies : Invalid condition id : Cortex-A Device cause : null
2025-11-30 16:26:53,417 [WARN] ConditionMgr:1044 - genDependencies : Invalid condition id : Cortex-A Device cause : null
2025-11-30 16:26:53,417 [WARN] ConditionMgr:1044 - genDependencies : Invalid condition id : Cortex-A Device cause : null
2025-11-30 16:26:53,426 [WARN] PackLoader:240 - Cannot read IP mode file for STMicroelectronics.FP-SNS-STBOX1.2.1.0
2025-11-30 16:26:53,434 [WARN] PackLoader:240 - Cannot read IP mode file for STMicroelectronics.FP-SNS-SMARTAG2.1.2.0
2025-11-30 16:26:53,439 [WARN] PackLoader:240 - Cannot read IP mode file for STMicroelectronics.FP-SNS-FLIGHT1.5.1.0
2025-11-30 16:26:53,450 [INFO] LogOutputStream:77 - [STDOUT_REDIRECT] 1 : Invalid condition id : UX_CORESTACK_Condition cause : null
2025-11-30 16:26:53,452 [INFO] LogOutputStream:77 - [STDOUT_REDIRECT] 1 : Invalid condition id : UX_CORESTACK_Condition cause : null
2025-11-30 16:26:53,454 [INFO] LogOutputStream:77 - [STDOUT_REDIRECT] 1 : Invalid condition id : UX_CORESTACK_Condition cause : null
2025-11-30 16:26:53,454 [INFO] LogOutputStream:77 - [STDOUT_REDIRECT] 1 : Invalid condition id : UX_CORESTACK_Condition cause : null
2025-11-30 16:26:53,455 [INFO] LogOutputStream:77 - [STDOUT_REDIRECT] 1 : Invalid condition id : UX_CORESTACK_Condition cause : null
2025-11-30 16:26:53,459 [WARN] PackLoader:240 - Cannot read IP mode file for STMicroelectronics.X-CUBE-AZRTOS-WL.2.0.0
2025-11-30 16:26:53,464 [WARN] PackLoader:240 - Cannot read IP mode file for STMicroelectronics.FP-SNS-MOTENV1.5.0.0
2025-11-30 16:26:53,483 [WARN] PackLoader:240 - Cannot read IP mode file for STMicroelectronics.X-CUBE-AZRTOS-H7RS.1.2.0
2025-11-30 16:26:53,496 [WARN] PackLoader:240 - Cannot read IP mode file for WES.I-CUBE-Cesium.1.3.0
2025-11-30 16:26:53,503 [WARN] PackLoader:240 - Cannot read IP mode file for STMicroelectronics.X-CUBE-BLE2.3.3.0
2025-11-30 16:26:53,522 [WARN] PackLoader:240 - Cannot read IP mode file for STMicroelectronics.X-CUBE-NFC9.1.0.0
2025-11-30 16:26:53,529 [WARN] PackLoader:240 - Cannot read IP mode file for wolfSSL.I-CUBE-wolfSSL.5.8.0
2025-11-30 16:26:53,534 [WARN] PackLoader:240 - Cannot read IP mode file for STMicroelectronics.X-CUBE-BLE1.7.1.0
2025-11-30 16:26:53,540 [WARN] PackLoader:240 - Cannot read IP mode file for wolfSSL.I-CUBE-wolfMQTT.1.19.2
2025-11-30 16:26:53,545 [WARN] PackLoader:240 - Cannot read IP mode file for STMicroelectronics.X-CUBE-FREERTOS.1.4.0
2025-11-30 16:26:53,552 [WARN] PackLoader:240 - Cannot read IP mode file for STMicroelectronics.X-CUBE-EEPRMA1.5.2.0
2025-11-30 16:26:53,559 [WARN] PackLoader:240 - Cannot read IP mode file for STMicroelectronics.X-CUBE-ST67W61.1.1.0
2025-11-30 16:26:53,564 [WARN] PackLoader:240 - Cannot read IP mode file for STMicroelectronics.X-CUBE-AI.10.1.0
2025-11-30 16:26:53,608 [WARN] PackLoader:240 - Cannot read IP mode file for STMicroelectronics.X-CUBE-MEMS1.12.0.0
2025-11-30 16:26:53,752 [WARN] PackLoader:240 - Cannot read IP mode file for STMicroelectronics.X-CUBE-AZRTOS-G0.1.1.0
2025-11-30 16:26:53,762 [WARN] PackLoader:240 - Cannot read IP mode file for STMicroelectronics.X-CUBE-SAFEA1.1.2.2
2025-11-30 16:26:53,772 [WARN] PackLoader:240 - Cannot read IP mode file for STMicroelectronics.X-CUBE-NFC4.3.0.0
2025-11-30 16:26:53,783 [WARN] PackLoader:240 - Cannot read IP mode file for EmbeddedOffice.I-CUBE-FS-RTOS.1.0.1
2025-11-30 16:26:53,790 [WARN] PackLoader:240 - Cannot read IP mode file for STMicroelectronics.X-CUBE-WB05N.2.0.0
2025-11-30 16:26:53,795 [WARN] PackLoader:240 - Cannot read IP mode file for wolfSSL.I-CUBE-wolfTPM.3.8.0
2025-11-30 16:26:53,801 [WARN] PackLoader:240 - Cannot read IP mode file for STMicroelectronics.X-CUBE-TCPP.4.2.0
2025-11-30 16:26:53,811 [WARN] PackLoader:240 - Cannot read IP mode file for RealThread.X-CUBE-RT-Thread_Nano.4.1.1
2025-11-30 16:26:53,816 [WARN] PackLoader:240 - Cannot read IP mode file for STMicroelectronics.FP-ATR-SIGFOX1.3.2.0
2025-11-30 16:26:53,824 [WARN] PackLoader:240 - Cannot read IP mode file for STMicroelectronics.X-CUBE-EEPRMA1.5.1.0
2025-11-30 16:26:53,833 [WARN] PackLoader:240 - Cannot read IP mode file for ITTIA_DB.I-CUBE-ITTIADB.8.9.0
2025-11-30 16:26:53,840 [WARN] PackLoader:240 - Cannot read IP mode file for STMicroelectronics.X-CUBE-ST67W61.1.0.0
2025-11-30 16:26:53,844 [WARN] PackLoader:240 - Cannot read IP mode file for STMicroelectronics.X-CUBE-AI.10.2.0
2025-11-30 16:26:53,849 [ERROR] LogOutputStream:75 - [STDERR_REDIRECT] [Fatal Error] :1:1: Premature end of file.
2025-11-30 16:26:53,850 [ERROR] LogOutputStream:75 - [STDERR_REDIRECT] 
2025-11-30 16:26:53,873 [WARN] PackLoader:240 - Cannot read IP mode file for SEGGER.I-CUBE-embOS.1.3.1
2025-11-30 16:26:53,921 [WARN] PackLoader:240 - Cannot read IP mode file for STMicroelectronics.X-CUBE-ALGOBUILD.1.4.0
2025-11-30 16:26:53,973 [WARN] PackLoader:240 - Cannot read IP mode file for STMicroelectronics.X-CUBE-MEMS1.11.3.0
2025-11-30 16:26:54,243 [WARN] PackLoader:240 - Cannot read IP mode file for STMicroelectronics.X-CUBE-PM33A1.1.0.0
2025-11-30 16:26:54,271 [WARN] PackLoader:240 - Cannot read IP mode file for STMicroelectronics.X-CUBE-AZRTOS-F4.1.1.0
2025-11-30 16:26:54,283 [WARN] PackLoader:240 - Cannot read IP mode file for Avnet-IotConnect.X-CUBE-IoTC-DA16k-PMOD.1.0.0
2025-11-30 16:26:54,289 [WARN] PackLoader:240 - Cannot read IP mode file for STMicroelectronics.X-CUBE-ISPU.2.1.0
2025-11-30 16:26:54,312 [WARN] PackLoader:240 - Cannot read IP mode file for STMicroelectronics.X-CUBE-IPS.3.2.0
2025-11-30 16:26:54,330 [WARN] PackLoader:240 - Cannot read IP mode file for STMicroelectronics.X-CUBE-NFC12.1.0.0
2025-11-30 16:26:54,348 [WARN] PackLoader:240 - Cannot read IP mode file for STMicroelectronics.X-CUBE-AZRTOS-L5.2.0.0
2025-11-30 16:26:54,362 [WARN] PackLoader:240 - Cannot read IP mode file for STMicroelectronics.X-CUBE-NFC6.3.1.0
2025-11-30 16:26:54,370 [WARN] PackLoader:240 - Cannot read IP mode file for STMicroelectronics.X-CUBE-FREERTOS.1.3.1
2025-11-30 16:26:54,374 [WARN] PackLoader:240 - Cannot read IP mode file for STMicroelectronics.X-CUBE-TOUCHGFX.4.26.0
2025-11-30 16:26:54,382 [WARN] PackLoader:240 - Cannot read IP mode file for STMicroelectronics.FP-SNS-STAIOTCFT.1.0.0
2025-11-30 16:26:54,389 [WARN] PackLoader:240 - Cannot read IP mode file for STMicroelectronics.X-CUBE-DPower.1.3.0
2025-11-30 16:26:54,405 [WARN] ConditionMgr:438 - getConditionDescription Invalid condition id : LAN8742 Phy interface Condition cause : null
2025-11-30 16:26:54,405 [WARN] PackLoader:240 - Cannot read IP mode file for STMicroelectronics.X-CUBE-AZRTOS-L4.2.0.0
2025-11-30 16:26:54,407 [WARN] ConditionMgr:1044 - genDependencies : Invalid condition id : LAN8742 Phy interface Condition cause : null
2025-11-30 16:26:54,407 [WARN] ConditionMgr:1044 - genDependencies : Invalid condition id : LAN8742 Phy interface Condition cause : null
2025-11-30 16:26:54,408 [WARN] ConditionMgr:1044 - genDependencies : Invalid condition id : LAN8742 Phy interface Condition cause : null
2025-11-30 16:26:54,415 [WARN] PackLoader:240 - Cannot read IP mode file for STMicroelectronics.X-CUBE-SFXS2LP1.4.0.0
2025-11-30 16:26:54,427 [WARN] PackLoader:240 - Cannot read IP mode file for STMicroelectronics.X-CUBE-BLEMGR.4.1.0
2025-11-30 16:26:54,446 [WARN] ConditionMgr:438 - getConditionDescription Invalid condition id : UX DEVICE CLASS RTOS Condition cause : null
2025-11-30 16:26:54,446 [WARN] ConditionMgr:438 - getConditionDescription Invalid condition id : UX DEVICE CLASS RTOS Condition cause : null
2025-11-30 16:26:54,448 [WARN] PackLoader:240 - Cannot read IP mode file for STMicroelectronics.X-CUBE-AZRTOS-WB.2.0.0
2025-11-30 16:26:54,449 [WARN] ConditionMgr:1044 - genDependencies : Invalid condition id : UX DEVICE CLASS RTOS Condition cause : null
2025-11-30 16:26:54,449 [WARN] ConditionMgr:1044 - genDependencies : Invalid condition id : UX DEVICE CLASS RTOS Condition cause : null
2025-11-30 16:26:54,450 [WARN] ConditionMgr:1044 - genDependencies : Invalid condition id : UX DEVICE CLASS RTOS Condition cause : null
2025-11-30 16:26:54,450 [WARN] ConditionMgr:1044 - genDependencies : Invalid condition id : UX DEVICE CLASS RTOS Condition cause : null
2025-11-30 16:26:54,450 [WARN] ConditionMgr:1044 - genDependencies : Invalid condition id : UX DEVICE CLASS RTOS Condition cause : null
2025-11-30 16:26:54,455 [WARN] PackLoader:240 - Cannot read IP mode file for STMicroelectronics.X-CUBE-GNSS1.7.0.1
2025-11-30 16:26:54,459 [WARN] PackLoader:240 - Cannot read IP mode file for STMicroelectronics.X-CUBE-TOUCHGFX.4.25.0
2025-11-30 16:26:54,465 [WARN] PackLoader:240 - Cannot read IP mode file for STMicroelectronics.FP-SNS-STBOX1.2.0.0
2025-11-30 16:26:54,482 [WARN] PackLoader:240 - Cannot read IP mode file for STMicroelectronics.X-CUBE-SUBG2.5.0.0
2025-11-30 16:26:54,506 [WARN] PackLoader:240 - Cannot read IP mode file for STMicroelectronics.X-CUBE-AZRTOS-H7RS.1.1.0
2025-11-30 16:26:54,515 [WARN] PackLoader:240 - Cannot read IP mode file for Cesanta.I-CUBE-Mongoose.7.13.0
2025-11-30 16:26:54,531 [WARN] PackLoader:240 - Cannot read IP mode file for STMicroelectronics.X-CUBE-AZRTOS-G4.2.0.0
2025-11-30 16:26:54,538 [WARN] PackLoader:240 - Cannot read IP mode file for wolfSSL.I-CUBE-wolfSSH.1.4.20
2025-11-30 16:26:54,544 [WARN] PackLoader:240 - Cannot read IP mode file for STMicroelectronics.X-CUBE-NFC7.2.0.0
2025-11-30 16:26:54,557 [WARN] PackLoader:240 - Cannot read IP mode file for STMicroelectronics.X-CUBE-IPS.3.1.0
2025-11-30 16:26:54,567 [WARN] PackLoader:240 - Cannot read IP mode file for STMicroelectronics.X-CUBE-ALS.1.0.2
2025-11-30 16:26:54,576 [WARN] PackLoader:240 - Cannot read IP mode file for STMicroelectronics.X-CUBE-STSE01.1.0.0
2025-11-30 16:26:54,583 [WARN] PackLoader:240 - Cannot read IP mode file for portGmbH.I-Cube-SoM-uGOAL.1.1.0
2025-11-30 16:26:54,597 [WARN] PackLoader:240 - Cannot read IP mode file for STMicroelectronics.X-CUBE-TOF1.3.4.3
2025-11-30 16:26:54,611 [INFO] ThirdParty:978 - Integrity check success = true
2025-11-30 16:26:54,611 [INFO] IntegrityCheckThread:100 - exiting critical section [integrity check]
2025-11-30 16:26:54,611 [INFO] IntegrityCheckThread:103 - End integrity checks thread
2025-11-30 16:26:54,843 [ERROR] LogOutputStream:75 - [STDERR_REDIRECT] [Fatal Error] :1:1: Premature end of file.
2025-11-30 16:26:54,843 [ERROR] LogOutputStream:75 - [STDERR_REDIRECT] 
2025-11-30 16:26:54,988 [INFO] ApiDb:240 - Found 880 in-development CPN: [B-G473E-ZEST1S, B-WB1M-WPAN1, B-WBA5M-WPAN, B-WL5M-SUBG1, NUCLEO-C031C6, NUCLEO-C051C8, NUCLEO-C071RB, NUCLEO-C092RC, NUCLEO-H503RB, NUCLEO-H533RE, NUCLEO-H563ZI, NUCLEO-H7S3L8, NUCLEO-N657X0-Q, NUCLEO-U031R8, NUCLEO-U083RC, NUCLEO-U385RG-Q, NUCLEO-U545RE-Q, NUCLEO-U5A5ZJ-Q, NUCLEO-WB05KZ, NUCLEO-WB07CC, NUCLEO-WB09KE, NUCLEO-WBA52CG, NUCLEO-WBA55CG, NUCLEO-WL33CC1, NUCLEO-WL33CC2, STEVAL-PROTEUS1, STEVAL-SMARTAG2, STEVAL-STWINBX1, STM320518-EVAL, STM32C0116-DK, STM32C011D6Y3TR, STM32C011D6Y6TR, STM32C011F4P3, STM32C011F4P6, STM32C011F4U3, STM32C011F4U6TR, STM32C011F6P3, STM32C011F6P6, STM32C011F6U3, STM32C011F6U6TR, STM32C011J4M3, STM32C011J4M6, STM32C011J6M3, STM32C011J6M6, STM32C0316-DK, STM32C031C4T3, STM32C031C4T6, STM32C031C4U3, STM32C031C4U6, STM32C031C6T3, STM32C031C6T6, STM32C031C6U3, STM32C031C6U6, STM32C031F4P3, STM32C031F4P6, STM32C031F6P3, STM32C031F6P6, STM32C031G4U3, STM32C031G4U6, STM32C031G6U3, STM32C031G6U6, STM32C031K4T3, STM32C031K4T6, STM32C031K4U3, STM32C031K4U6, STM32C031K6T3, STM32C031K6T6, STM32C031K6U3, STM32C031K6U6, STM32C051C6T6, STM32C051C6U6, STM32C051C8T6, STM32C051C8U6, STM32C051D8Y6TR, STM32C051F6P6, STM32C051F8P6, STM32C051G6U6, STM32C051G8U6, STM32C051K6T6, STM32C051K6U6, STM32C051K8T6, STM32C071C8T6, STM32C071C8T6N, STM32C071C8U6, STM32C071C8U6N, STM32C071CBT6, STM32C071CBT6N, STM32C071CBU6, STM32C071CBU6N, STM32C071F8P6, STM32C071F8P6N, STM32C071FBP6, STM32C071FBP6N, STM32C071FBY6TR, STM32C071G8U6, STM32C071G8U6N, STM32C071GBU6, STM32C071GBU6N, STM32C071K8T6, STM32C071K8T6N, STM32C071K8U6, STM32C071K8U6N, STM32C071KBT6, STM32C071KBT6N, STM32C071KBU6, STM32C071KBU6N, STM32C071R8T6, STM32C071R8T6N, STM32C071RBI6N, STM32C071RBT6, STM32C071RBT6N, STM32C091CBT6, STM32C091CBU6, STM32C091CCT6, STM32C091CCU6, STM32C091ECY6TR, STM32C091FBP6, STM32C091FCP6, STM32C091GBU6, STM32C091GCU6, STM32C091KBT6, STM32C091KBU6, STM32C091KCT6, STM32C091KCU6, STM32C091RBT6, STM32C091RCI6, STM32C091RCT6, STM32C092CBT6, STM32C092CBU6, STM32C092CCT6, STM32C092CCU6, STM32C092ECY6TR, STM32C092FBP6, STM32C092FCP6, STM32C092GBU6, STM32C092GCU6, STM32C092KBT6, STM32C092KBU6, STM32C092KCT6, STM32C092KCU6, STM32C092RBT6, STM32C092RCI6, STM32C092RCT6, STM32G071K8TXN, STM32G071K8UXN, STM32G081GBU6N, STM32G081KBT6N, STM32G081KBUXN, STM32G0B1CCT6N, STM32G0B1KCT6, STM32G0B1NEY6TR, STM32G0B1RCT6N, STM32G0C1CCT6, STM32G0C1CCT6N, STM32G0C1CCU6N, STM32G0C1CET6N, STM32G0C1CEU6N, STM32G0C1KCT6, STM32G0C1NEY6TR, STM32G0C1RCI6N, STM32G0C1RCT6N, STM32G0C1REI6N, STM32G0C1RET6N, STM32G0C1VCI6, STM32G0C1VEI6, STM32G411C6T3, STM32G411C6T6, STM32G411C6U3, STM32G411C6U6, STM32G411C8T3, STM32G411C8T6, STM32G411C8U3, STM32G411C8U6, STM32G411CBT3, STM32G411CBT6, STM32G411CBU3, STM32G411CBU6, STM32G411K6T3, STM32G411K6T6, STM32G411K6U3, STM32G411K6U6, STM32G411K8T3, STM32G411K8T6, STM32G411K8U3, STM32G411K8U6, STM32G411KBT3, STM32G411KBT6, STM32G411KBU3, STM32G411KBU6, STM32G411M6T3, STM32G411M6T6, STM32G411M8T3, STM32G411M8T6, STM32G411MBT3, STM32G411MBT6, STM32G411R6T3, STM32G411R6T6, STM32G411R8T3, STM32G411R8T6, STM32G411RBT3, STM32G411RBT6, STM32G414CBT3, STM32G414CBT6, STM32G414CBU3, STM32G414CBU6, STM32G414CCT3, STM32G414CCT6, STM32G414CCU3, STM32G414CCU6, STM32G414MBT3, STM32G414MBT6, STM32G414MCT3, STM32G414MCT6, STM32G414RBT3, STM32G414RBT6, STM32G414RCT3, STM32G414RCT6, STM32G414VBT3, STM32G414VBT6, STM32G414VCT3, STM32G414VCT6, STM32G431CBT3Z, STM32G431RBT3Z, STM32G471CCT6, STM32G471CCU6, STM32G471CET3, STM32G471CET6, STM32G471CEU3, STM32G471CEU6, STM32G471MCT6, STM32G471MET3, STM32G471MET6, STM32G471MEY6TR, STM32G471QCT6, STM32G471QET3, STM32G471RCT6, STM32G471RET3, STM32G471RET6, STM32G471VCH6, STM32G471VCI6, STM32G471VCT6, STM32G471VEH3, STM32G471VEH6, STM32G471VEI3, STM32G471VEI6, STM32G471VET3, STM32G471VET6, STM32G473QET3Z, STM32G473RET3Z, STM32G474CCT6, STM32G491RET3Z, STM32H503CBT6, STM32H503CBU6, STM32H503EBY6TR, STM32H503KBU6, STM32H503RBT6, STM32H523CCT6, STM32H523CCU6, STM32H523CET6, STM32H523CEU6, STM32H523HEY6TR, STM32H523RCT6, STM32H523RET6, STM32H523VCI6, STM32H523VCT6, STM32H523VEI6, STM32H523VET6, STM32H523ZCJ6, STM32H523ZCT6, STM32H523ZEJ6, STM32H523ZET6, STM32H533CET6, STM32H533CEU6, STM32H533HEY6TR, STM32H533RET6, STM32H533VEI6, STM32H533VET6, STM32H533ZEJ6, STM32H533ZET6, STM32H562AGI6, STM32H562AII6, STM32H562IGK6, STM32H562IGT6, STM32H562IIK6, STM32H562IIT6, STM32H562RGT6, STM32H562RGV6, STM32H562RIT6, STM32H562RIV6, STM32H562VGT6, STM32H562VIT6, STM32H562ZGT6, STM32H562ZIT6, STM32H563AGI6, STM32H563AII3Q, STM32H563AII6, STM32H563IGK6, STM32H563IGT6, STM32H563IIK3Q, STM32H563IIK6, STM32H563IIT3Q, STM32H563IIT6, STM32H563MIY3QTR, STM32H563RGT6, STM32H563RGV6, STM32H563RIT6, STM32H563RIV6, STM32H563VGT6, STM32H563VIT3Q, STM32H563VIT6, STM32H563ZGT6, STM32H563ZIT3Q, STM32H563ZIT6, STM32H573AII3Q, STM32H573AII6, STM32H573I-DK, STM32H573IIK3Q, STM32H573IIK6, STM32H573IIT3Q, STM32H573IIT6, STM32H573MIY3QTR, STM32H573RIT6, STM32H573RIV6, STM32H573VIT3Q, STM32H573VIT6, STM32H573ZIT3Q, STM32H573ZIT6, STM32H7R3A8I6, STM32H7R3I8K6, STM32H7R3I8T6, STM32H7R3L8H6, STM32H7R3L8H6H, STM32H7R3R8V6, STM32H7R3V8H6, STM32H7R3V8T6, STM32H7R3V8Y6TR, STM32H7R3Z8J6, STM32H7R3Z8T6, STM32H7R7A8I6, STM32H7R7I8K6, STM32H7R7I8T6, STM32H7R7L8H6, STM32H7R7L8H6H, STM32H7R7Z8J6, STM32H7S3A8I6, STM32H7S3I8K6, STM32H7S3I8T6, STM32H7S3L8H6, STM32H7S3L8H6H, STM32H7S3R8V6, STM32H7S3V8H6, STM32H7S3V8T6, STM32H7S3V8Y6TR, STM32H7S3Z8J6, STM32H7S3Z8T6, STM32H7S78-DK, STM32H7S7A8I6, STM32H7S7I8K6, STM32H7S7I8T6, STM32H7S7L8H6, STM32H7S7L8H6H, STM32H7S7Z8J6, STM32L4R5QGI6STR, STM32MP131AAE3, STM32MP131AAF3, STM32MP131AAG3, STM32MP131CAE3, STM32MP131CAF3, STM32MP131CAG3, STM32MP131DAE7, STM32MP131DAF7, STM32MP131DAG7, STM32MP131FAE7, STM32MP131FAF7, STM32MP131FAG7, STM32MP133AAE3, STM32MP133AAF3, STM32MP133AAG3, STM32MP133CAE3, STM32MP133CAF3, STM32MP133CAG3, STM32MP133DAE7, STM32MP133DAF7, STM32MP133DAG7, STM32MP133FAE7, STM32MP133FAF7, STM32MP133FAG7, STM32MP135AAE3, STM32MP135AAF3, STM32MP135AAG3, STM32MP135CAE3, STM32MP135CAF3, STM32MP135CAG3, STM32MP135DAE7, STM32MP135DAF7, STM32MP135DAG7, STM32MP135F-DK, STM32MP135FAE7, STM32MP135FAF7, STM32MP135FAF7T, STM32MP135FAF7U, STM32MP135FAG7, STM32MP211AAL3, STM32MP211AAM3, STM32MP211AAN3, STM32MP211AAO3, STM32MP211CAL3, STM32MP211CAM3, STM32MP211CAN3, STM32MP211CAO3, STM32MP211DAL3, STM32MP211DAM3, STM32MP211DAN3, STM32MP211DAO3, STM32MP211FAL3, STM32MP211FAM3, STM32MP211FAN3, STM32MP211FAO3, STM32MP213AAL3, STM32MP213AAM3, STM32MP213AAN3, STM32MP213AAO3, STM32MP213CAL3, STM32MP213CAM3, STM32MP213CAN3, STM32MP213CAO3, STM32MP213DAL3, STM32MP213DAM3, STM32MP213DAN3, STM32MP213DAO3, STM32MP213FAL3, STM32MP213FAM3, STM32MP213FAN3, STM32MP213FAO3, STM32MP215AAL3, STM32MP215AAM3, STM32MP215AAN3, STM32MP215AAO3, STM32MP215CAL3, STM32MP215CAM3, STM32MP215CAN3, STM32MP215CAO3, STM32MP215DAL3, STM32MP215DAM3, STM32MP215DAN3, STM32MP215DAO3, STM32MP215F-DK, STM32MP215FAL3, STM32MP215FAM3, STM32MP215FAN3, STM32MP215FAO3, STM32MP231AAJ3, STM32MP231AAK3, STM32MP231AAL3, STM32MP231CAJ3, STM32MP231CAK3, STM32MP231CAL3, STM32MP231DAJ3, STM32MP231DAK3, STM32MP231DAL3, STM32MP231FAJ3, STM32MP231FAK3, STM32MP231FAL3, STM32MP233AAJ3, STM32MP233AAK3, STM32MP233AAL3, STM32MP233CAJ3, STM32MP233CAK3, STM32MP233CAL3, STM32MP233DAJ3, STM32MP233DAK3, STM32MP233DAL3, STM32MP233FAJ3, STM32MP233FAK3, STM32MP233FAL3, STM32MP235AAJ3, STM32MP235AAK3, STM32MP235AAL3, STM32MP235CAJ3, STM32MP235CAK3, STM32MP235CAL3, STM32MP235DAJ3, STM32MP235DAK3, STM32MP235DAL3, STM32MP235FAJ3, STM32MP235FAK3, STM32MP235FAL3, STM32MP251AAI3, STM32MP251AAK3, STM32MP251AAL3, STM32MP251CAI3, STM32MP251CAK3, STM32MP251CAL3, STM32MP251DAI3, STM32MP251DAK3, STM32MP251DAL3, STM32MP251FAI3, STM32MP251FAK3, STM32MP251FAL3, STM32MP253AAI3, STM32MP253AAK3, STM32MP253AAL3, STM32MP253CAI3, STM32MP253CAK3, STM32MP253CAL3, STM32MP253DAI3, STM32MP253DAK3, STM32MP253DAL3, STM32MP253FAI3, STM32MP253FAK3, STM32MP253FAL3, STM32MP255AAI3, STM32MP255AAK3, STM32MP255AAL3, STM32MP255CAI3, STM32MP255CAK3, STM32MP255CAL3, STM32MP255DAI3, STM32MP255DAK3, STM32MP255DAL3, STM32MP255FAI3, STM32MP255FAK3, STM32MP255FAL3, STM32MP257AAI3, STM32MP257AAK3, STM32MP257AAL3, STM32MP257CAI3, STM32MP257CAK3, STM32MP257CAL3, STM32MP257DAI3, STM32MP257DAK3, STM32MP257DAL3, STM32MP257F-DK, STM32MP257F-EV1, STM32MP257FAI3, STM32MP257FAK3, STM32MP257FAL3, STM32N645A0H3Q, STM32N645B0H3Q, STM32N645I0H3Q, STM32N645L0H3Q, STM32N645X0H3Q, STM32N645Z0H3Q, STM32N647A0H3Q, STM32N647B0H3Q, STM32N647I0H3Q, STM32N647L0H3Q, STM32N647X0H3Q, STM32N647Z0H3Q, STM32N655A0H3Q, STM32N655B0H3Q, STM32N655I0H3Q, STM32N655L0H3Q, STM32N655X0H3Q, STM32N655Z0H3Q, STM32N6570-DK, STM32N657A0H3Q, STM32N657B0H3Q, STM32N657I0H3Q, STM32N657L0H3Q, STM32N657X0H3Q, STM32N657Z0H3Q, STM32U031C6T6, STM32U031C6U6, STM32U031C8T6, STM32U031C8U6, STM32U031F4P6, STM32U031F6P6, STM32U031F8P6, STM32U031G6Y6TR, STM32U031G8Y6TR, STM32U031K4U6, STM32U031K6U6, STM32U031K8U6, STM32U031R6I6, STM32U031R6T6, STM32U031R8I6, STM32U031R8T6, STM32U073C8T6, STM32U073C8U6, STM32U073CBT6, STM32U073CBU6, STM32U073CCT6, STM32U073CCU6, STM32U073H8Y6TR, STM32U073HBY6TR, STM32U073HCY6TR, STM32U073K8U6, STM32U073KBU6, STM32U073KCU6, STM32U073M8I6, STM32U073M8T6, STM32U073MBI6, STM32U073MBT6, STM32U073MCI6, STM32U073MCT6, STM32U073R8I6, STM32U073R8T6, STM32U073RBI6, STM32U073RBT6, STM32U073RCI6, STM32U073RCT6, STM32U083C-DK, STM32U083CCT6, STM32U083CCU6, STM32U083HCY6TR, STM32U083KCU6, STM32U083MCI6, STM32U083MCT6, STM32U083RCI6, STM32U083RCT6, STM32U375CET6, STM32U375CET6Q, STM32U375CEU6, STM32U375CEU6Q, STM32U375CEY6QTR, STM32U375CGT6, STM32U375CGT6Q, STM32U375CGU6, STM32U375CGU6Q, STM32U375CGY6QTR, STM32U375KEU6, STM32U375KGU6, STM32U375REI6, STM32U375REI6Q, STM32U375RET6, STM32U375RET6Q, STM32U375REY6GTR, STM32U375REY6QTR, STM32U375RGI6, STM32U375RGI6Q, STM32U375RGT6, STM32U375RGT6Q, STM32U375RGY6GTR, STM32U375RGY6QTR, STM32U375VEI6, STM32U375VEI6Q, STM32U375VET6, STM32U375VET6Q, STM32U375VGI6, STM32U375VGI6Q, STM32U375VGT6, STM32U375VGT6Q, STM32U385CGT6, STM32U385CGT6Q, STM32U385CGU6, STM32U385CGU6Q, STM32U385CGY6QTR, STM32U385KGU6, STM32U385RGI6, STM32U385RGI6Q, STM32U385RGT6, STM32U385RGT6Q, STM32U385RGY6GTR, STM32U385RGY6QTR, STM32U385VGI6, STM32U385VGI6Q, STM32U385VGT6, STM32U385VGT6Q, STM32U535CBT6, STM32U535CBT6Q, STM32U535CBU6, STM32U535CBU6Q, STM32U535CCT6, STM32U535CCT6Q, STM32U535CCU6, STM32U535CCU6Q, STM32U535CET6, STM32U535CET6Q, STM32U535CEU6, STM32U535CEU6Q, STM32U535JEY6QTR, STM32U535NCY6QTR, STM32U535NEY6QTR, STM32U535RBI6, STM32U535RBI6Q, STM32U535RBT6, STM32U535RBT6Q, STM32U535RCI6, STM32U535RCI6Q, STM32U535RCT6, STM32U535RCT6Q, STM32U535REI6, STM32U535REI6Q, STM32U535RET6, STM32U535RET6Q, STM32U535VCI6, STM32U535VCI6Q, STM32U535VCT6, STM32U535VCT6Q, STM32U535VEI6, STM32U535VEI6Q, STM32U535VET6, STM32U535VET6Q, STM32U545CET6, STM32U545CET6Q, STM32U545CEU6, STM32U545CEU6Q, STM32U545JEY6QTR, STM32U545NEY6QTR, STM32U545REI6, STM32U545REI6Q, STM32U545RET6, STM32U545RET6Q, STM32U545VEI6, STM32U545VEI6Q, STM32U545VET6, STM32U545VET6Q, STM32U595AIH6, STM32U595AIH6Q, STM32U595AJH6, STM32U595AJH6Q, STM32U595QII6, STM32U595QII6Q, STM32U595QJI6, STM32U595QJI6Q, STM32U595RIT6, STM32U595RIT6Q, STM32U595RJT6, STM32U595RJT6Q, STM32U595VIT6, STM32U595VIT6Q, STM32U595VJT6, STM32U595VJT6Q, STM32U595ZIT6, STM32U595ZIT6Q, STM32U595ZIY6QTR, STM32U595ZJT6, STM32U595ZJT6Q, STM32U595ZJY6QTR, STM32U599BJY6QTR, STM32U599NIH6Q, STM32U599NJH6Q, STM32U599VIT6Q, STM32U599VJT6, STM32U599VJT6Q, STM32U599ZIT6Q, STM32U599ZIY6QTR, STM32U599ZJT6Q, STM32U599ZJY6QTR, STM32U5A5AJH6, STM32U5A5AJH6Q, STM32U5A5QII3Q , STM32U5A5QJI6, STM32U5A5QJI6Q, STM32U5A5RJT6, STM32U5A5RJT6Q, STM32U5A5VJT6, STM32U5A5VJT6Q, STM32U5A5ZJT6, STM32U5A5ZJT6Q, STM32U5A5ZJY6QTR, STM32U5A9BJY6QTR, STM32U5A9J-DK, STM32U5A9NJH6Q, STM32U5A9VJT6Q, STM32U5A9ZJT6Q, STM32U5A9ZJY6QTR, STM32U5F7VIT6, STM32U5F7VIT6Q, STM32U5F7VJT6, STM32U5F7VJT6Q, STM32U5F9BJY6QTR, STM32U5F9NJH6Q, STM32U5F9VIT6Q, STM32U5F9VJT6Q, STM32U5F9ZIJ6QTR, STM32U5F9ZIT6Q, STM32U5F9ZJJ6QTR, STM32U5F9ZJT6Q, STM32U5G7VJT6, STM32U5G7VJT6Q, STM32U5G9BJY6QTR, STM32U5G9J-DK1, STM32U5G9J-DK2, STM32U5G9NJH6Q, STM32U5G9VJT6Q, STM32U5G9ZJJ6QTR, STM32U5G9ZJT6Q, STM32WB05KZV6TR, STM32WB05KZV7TR, STM32WB05TZF6TR, STM32WB05TZF7TR, STM32WB06CCF6TR, STM32WB06CCF7TR, STM32WB06CCV6TR, STM32WB06CCV7TR, STM32WB06KCV6TR, STM32WB06KCV7TR, STM32WB07CCF6TR, STM32WB07CCF7TR, STM32WB07CCV6TR, STM32WB07CCV7TR, STM32WB07KCV6TR, STM32WB07KCV7TR, STM32WB09KEV6TR, STM32WB09KEV7TR, STM32WB09TEF6TR, STM32WB09TEF7TR, STM32WB1MMCH6, STM32WBA50KGU6, STM32WBA50KGU6TR, STM32WBA52CEU6, STM32WBA52CEU6TR, STM32WBA52CEU7, STM32WBA52CEU7TR, STM32WBA52CGU6, STM32WBA52CGU6TR, STM32WBA52CGU6U, STM32WBA52CGU7, STM32WBA52CGU7TR, STM32WBA52KEU6, STM32WBA52KEU6TR, STM32WBA52KGU6, STM32WBA52KGU6TR, STM32WBA54CEU6, STM32WBA54CEU6TR, STM32WBA54CEU7, STM32WBA54CEU7TR, STM32WBA54CGU6, STM32WBA54CGU6TR, STM32WBA54CGU7, STM32WBA54CGU7TR, STM32WBA54KEU6, STM32WBA54KEU6TR, STM32WBA54KEU7, STM32WBA54KEU7TR, STM32WBA54KGU6, STM32WBA54KGU6TR, STM32WBA54KGU7, STM32WBA54KGU7TR, STM32WBA55CEU6, STM32WBA55CEU6TR, STM32WBA55CEU7, STM32WBA55CEU7TR, STM32WBA55CGU6, STM32WBA55CGU6TR, STM32WBA55CGU6U, STM32WBA55CGU7, STM32WBA55CGU7TR, STM32WBA55G-DK1, STM32WBA55HEF6, STM32WBA55HEF7, STM32WBA55HGF6, STM32WBA55HGF7, STM32WBA55UEI6, STM32WBA55UEI6TR, STM32WBA55UEI7, STM32WBA55UEI7TR, STM32WBA55UGI6, STM32WBA55UGI6TR, STM32WBA55UGI7, STM32WBA55UGI7TR, STM32WBA5MMGH6TR, STM32WBA62MGF6, STM32WBA62MIF6, STM32WBA65MGF7, STM32WBA65MIF6, STM32WBA65MIF7, STM32WL30K8V6, STM32WL30KBV6, STM32WL31C8V6, STM32WL31CBV6, STM32WL31K8V6, STM32WL31KBV6, STM32WL33C8V6, STM32WL33C8V6X, STM32WL33CBV6, STM32WL33CBV6X, STM32WL33CCV6, STM32WL33CCV6A, STM32WL33CCV6X, STM32WL33K8V7, STM32WL33K8V7X, STM32WL33KBV7 , STM32WL33KBV7X, STM32WL33KCV7, STM32WL33KCV7X, STM32WL5MOCH6, STM32WL5MOCH6TR]
2025-11-30 16:26:54,997 [INFO] DbMcus:218 - Found 4876 MCUs, 4876 are supported
2025-11-30 16:26:54,999 [INFO] ApiDb:423 - Load user favorites file C:\Users\shubh/.stm32cubeide/favorites.mcus.txt: 0 item(s)
2025-11-30 16:26:54,999 [INFO] ApiDb:427 - User favorites MCUs=[]
2025-11-30 16:26:54,999 [INFO] DbMcus:224 - Set 0 / 0 favorites MCUs
2025-11-30 16:26:55,857 [ERROR] LogOutputStream:75 - [STDERR_REDIRECT] [Fatal Error] :1:1: Premature end of file.
2025-11-30 16:26:55,858 [ERROR] LogOutputStream:75 - [STDERR_REDIRECT] 
2025-11-30 16:26:55,886 [INFO] ApiDb:668 - CubeFinder database Data Model version=2.1
2025-11-30 16:26:55,886 [INFO] ApiDb:669 - CubeFinder database Configuration version=3.0.39
2025-11-30 16:26:55,887 [INFO] ApiDb:670 - CubeFinder database generation date=2025-11-05 (1762334721)
2025-11-30 16:26:55,887 [INFO] ApiDb:671 - CubeFinder database FW Pack versions=[FP-ATR-ASTRA1_V2.0.0, FP-SNS-FLIGHT1_V5.1.0, FP-SNS-MOTENV1_V5.1.0, FP-SNS-MOTENVWB1_V1.4.0, FP-SNS-SMARTAG2_V1.2.0, FP-SNS-STBOX1_V2.1.0, STM32Cube_FW_C0_V1.4.0, STM32Cube_FW_F4_V1.28.3, STM32Cube_FW_F7_V1.17.4, STM32Cube_FW_G0_V1.6.2, STM32Cube_FW_G4_V1.6.1, STM32Cube_FW_H5_V1.5.1, STM32Cube_FW_H7RS_V1.3.0, STM32Cube_FW_H7_V1.12.1, STM32Cube_FW_L0_V1.12.2, STM32Cube_FW_L4_V1.18.1, STM32Cube_FW_L5_V1.6.0, STM32Cube_FW_N6_V1.3.0, STM32Cube_FW_U0_V1.3.0, STM32Cube_FW_U3_V1.2.1, STM32Cube_FW_U5_V1.8.0, STM32Cube_FW_WB0_V1.4.0, STM32Cube_FW_WBA_V1.8.0, STM32Cube_FW_WB_V1.24.0, STM32Cube_FW_WL3_V1.3.0, STM32Cube_FW_WL_V1.4.0, X-CUBE-ALGOBUILD_V1.4.0, X-CUBE-ALS_V1.0.2, X-CUBE-AZRTOS-F4_V1.1.0, X-CUBE-AZRTOS-F7_V1.1.0, X-CUBE-AZRTOS-G0_V1.1.0, X-CUBE-AZRTOS-G4_V2.0.0, X-CUBE-AZRTOS-H7RS_V1.1.0, X-CUBE-AZRTOS-H7_V3.4.0, X-CUBE-AZRTOS-L4_V2.0.0, X-CUBE-AZRTOS-L5_V2.0.0, X-CUBE-AZRTOS-WB_V2.0.0, X-CUBE-AZRTOS-WL_V2.0.0, X-CUBE-BLE1_V7.1.0, X-CUBE-BLE2_V3.3.0, X-CUBE-BLEMGR_V4.1.0, X-CUBE-EEPRMA1_V5.2.0, X-CUBE-FREERTOS_V1.3.1, X-CUBE-GNSS1_V6.0.0, X-CUBE-MEMS1_V11.3.0, X-CUBE-NFC4_V3.0.0, X-CUBE-NFC7_V2.0.0, X-CUBE-SFXS2LP1_V4.0.0, X-CUBE-ST67W61_V1.1.0, X-CUBE-SUBG2_V5.0.0, X-CUBE-TOF1_V3.4.3]
2025-11-30 16:26:55,939 [INFO] DbBoardsSqlite:226 - include board P-NUCLEO-WB55-NUCLEO as a kit item of type 'Nucleo-64'
2025-11-30 16:26:55,939 [INFO] DbBoardsSqlite:226 - include board P-NUCLEO-WB55-USBDONGLE as a kit item of type 'Nucleo USB Dongle'
2025-11-30 16:26:55,939 [INFO] DbBoardsSqlite:226 - include board STEVAL-IDP005V1 as a kit item of type 'Evaluation Board'
2025-11-30 16:26:55,939 [INFO] DbBoardsSqlite:226 - include board STEVAL-IDP005V2 as a kit item of type 'Evaluation Board'
2025-11-30 16:26:56,006 [INFO] ApiDb:240 - Found 880 in-development CPN: [B-G473E-ZEST1S, B-WB1M-WPAN1, B-WBA5M-WPAN, B-WL5M-SUBG1, NUCLEO-C031C6, NUCLEO-C051C8, NUCLEO-C071RB, NUCLEO-C092RC, NUCLEO-H503RB, NUCLEO-H533RE, NUCLEO-H563ZI, NUCLEO-H7S3L8, NUCLEO-N657X0-Q, NUCLEO-U031R8, NUCLEO-U083RC, NUCLEO-U385RG-Q, NUCLEO-U545RE-Q, NUCLEO-U5A5ZJ-Q, NUCLEO-WB05KZ, NUCLEO-WB07CC, NUCLEO-WB09KE, NUCLEO-WBA52CG, NUCLEO-WBA55CG, NUCLEO-WL33CC1, NUCLEO-WL33CC2, STEVAL-PROTEUS1, STEVAL-SMARTAG2, STEVAL-STWINBX1, STM320518-EVAL, STM32C0116-DK, STM32C011D6Y3TR, STM32C011D6Y6TR, STM32C011F4P3, STM32C011F4P6, STM32C011F4U3, STM32C011F4U6TR, STM32C011F6P3, STM32C011F6P6, STM32C011F6U3, STM32C011F6U6TR, STM32C011J4M3, STM32C011J4M6, STM32C011J6M3, STM32C011J6M6, STM32C0316-DK, STM32C031C4T3, STM32C031C4T6, STM32C031C4U3, STM32C031C4U6, STM32C031C6T3, STM32C031C6T6, STM32C031C6U3, STM32C031C6U6, STM32C031F4P3, STM32C031F4P6, STM32C031F6P3, STM32C031F6P6, STM32C031G4U3, STM32C031G4U6, STM32C031G6U3, STM32C031G6U6, STM32C031K4T3, STM32C031K4T6, STM32C031K4U3, STM32C031K4U6, STM32C031K6T3, STM32C031K6T6, STM32C031K6U3, STM32C031K6U6, STM32C051C6T6, STM32C051C6U6, STM32C051C8T6, STM32C051C8U6, STM32C051D8Y6TR, STM32C051F6P6, STM32C051F8P6, STM32C051G6U6, STM32C051G8U6, STM32C051K6T6, STM32C051K6U6, STM32C051K8T6, STM32C071C8T6, STM32C071C8T6N, STM32C071C8U6, STM32C071C8U6N, STM32C071CBT6, STM32C071CBT6N, STM32C071CBU6, STM32C071CBU6N, STM32C071F8P6, STM32C071F8P6N, STM32C071FBP6, STM32C071FBP6N, STM32C071FBY6TR, STM32C071G8U6, STM32C071G8U6N, STM32C071GBU6, STM32C071GBU6N, STM32C071K8T6, STM32C071K8T6N, STM32C071K8U6, STM32C071K8U6N, STM32C071KBT6, STM32C071KBT6N, STM32C071KBU6, STM32C071KBU6N, STM32C071R8T6, STM32C071R8T6N, STM32C071RBI6N, STM32C071RBT6, STM32C071RBT6N, STM32C091CBT6, STM32C091CBU6, STM32C091CCT6, STM32C091CCU6, STM32C091ECY6TR, STM32C091FBP6, STM32C091FCP6, STM32C091GBU6, STM32C091GCU6, STM32C091KBT6, STM32C091KBU6, STM32C091KCT6, STM32C091KCU6, STM32C091RBT6, STM32C091RCI6, STM32C091RCT6, STM32C092CBT6, STM32C092CBU6, STM32C092CCT6, STM32C092CCU6, STM32C092ECY6TR, STM32C092FBP6, STM32C092FCP6, STM32C092GBU6, STM32C092GCU6, STM32C092KBT6, STM32C092KBU6, STM32C092KCT6, STM32C092KCU6, STM32C092RBT6, STM32C092RCI6, STM32C092RCT6, STM32G071K8TXN, STM32G071K8UXN, STM32G081GBU6N, STM32G081KBT6N, STM32G081KBUXN, STM32G0B1CCT6N, STM32G0B1KCT6, STM32G0B1NEY6TR, STM32G0B1RCT6N, STM32G0C1CCT6, STM32G0C1CCT6N, STM32G0C1CCU6N, STM32G0C1CET6N, STM32G0C1CEU6N, STM32G0C1KCT6, STM32G0C1NEY6TR, STM32G0C1RCI6N, STM32G0C1RCT6N, STM32G0C1REI6N, STM32G0C1RET6N, STM32G0C1VCI6, STM32G0C1VEI6, STM32G411C6T3, STM32G411C6T6, STM32G411C6U3, STM32G411C6U6, STM32G411C8T3, STM32G411C8T6, STM32G411C8U3, STM32G411C8U6, STM32G411CBT3, STM32G411CBT6, STM32G411CBU3, STM32G411CBU6, STM32G411K6T3, STM32G411K6T6, STM32G411K6U3, STM32G411K6U6, STM32G411K8T3, STM32G411K8T6, STM32G411K8U3, STM32G411K8U6, STM32G411KBT3, STM32G411KBT6, STM32G411KBU3, STM32G411KBU6, STM32G411M6T3, STM32G411M6T6, STM32G411M8T3, STM32G411M8T6, STM32G411MBT3, STM32G411MBT6, STM32G411R6T3, STM32G411R6T6, STM32G411R8T3, STM32G411R8T6, STM32G411RBT3, STM32G411RBT6, STM32G414CBT3, STM32G414CBT6, STM32G414CBU3, STM32G414CBU6, STM32G414CCT3, STM32G414CCT6, STM32G414CCU3, STM32G414CCU6, STM32G414MBT3, STM32G414MBT6, STM32G414MCT3, STM32G414MCT6, STM32G414RBT3, STM32G414RBT6, STM32G414RCT3, STM32G414RCT6, STM32G414VBT3, STM32G414VBT6, STM32G414VCT3, STM32G414VCT6, STM32G431CBT3Z, STM32G431RBT3Z, STM32G471CCT6, STM32G471CCU6, STM32G471CET3, STM32G471CET6, STM32G471CEU3, STM32G471CEU6, STM32G471MCT6, STM32G471MET3, STM32G471MET6, STM32G471MEY6TR, STM32G471QCT6, STM32G471QET3, STM32G471RCT6, STM32G471RET3, STM32G471RET6, STM32G471VCH6, STM32G471VCI6, STM32G471VCT6, STM32G471VEH3, STM32G471VEH6, STM32G471VEI3, STM32G471VEI6, STM32G471VET3, STM32G471VET6, STM32G473QET3Z, STM32G473RET3Z, STM32G474CCT6, STM32G491RET3Z, STM32H503CBT6, STM32H503CBU6, STM32H503EBY6TR, STM32H503KBU6, STM32H503RBT6, STM32H523CCT6, STM32H523CCU6, STM32H523CET6, STM32H523CEU6, STM32H523HEY6TR, STM32H523RCT6, STM32H523RET6, STM32H523VCI6, STM32H523VCT6, STM32H523VEI6, STM32H523VET6, STM32H523ZCJ6, STM32H523ZCT6, STM32H523ZEJ6, STM32H523ZET6, STM32H533CET6, STM32H533CEU6, STM32H533HEY6TR, STM32H533RET6, STM32H533VEI6, STM32H533VET6, STM32H533ZEJ6, STM32H533ZET6, STM32H562AGI6, STM32H562AII6, STM32H562IGK6, STM32H562IGT6, STM32H562IIK6, STM32H562IIT6, STM32H562RGT6, STM32H562RGV6, STM32H562RIT6, STM32H562RIV6, STM32H562VGT6, STM32H562VIT6, STM32H562ZGT6, STM32H562ZIT6, STM32H563AGI6, STM32H563AII3Q, STM32H563AII6, STM32H563IGK6, STM32H563IGT6, STM32H563IIK3Q, STM32H563IIK6, STM32H563IIT3Q, STM32H563IIT6, STM32H563MIY3QTR, STM32H563RGT6, STM32H563RGV6, STM32H563RIT6, STM32H563RIV6, STM32H563VGT6, STM32H563VIT3Q, STM32H563VIT6, STM32H563ZGT6, STM32H563ZIT3Q, STM32H563ZIT6, STM32H573AII3Q, STM32H573AII6, STM32H573I-DK, STM32H573IIK3Q, STM32H573IIK6, STM32H573IIT3Q, STM32H573IIT6, STM32H573MIY3QTR, STM32H573RIT6, STM32H573RIV6, STM32H573VIT3Q, STM32H573VIT6, STM32H573ZIT3Q, STM32H573ZIT6, STM32H7R3A8I6, STM32H7R3I8K6, STM32H7R3I8T6, STM32H7R3L8H6, STM32H7R3L8H6H, STM32H7R3R8V6, STM32H7R3V8H6, STM32H7R3V8T6, STM32H7R3V8Y6TR, STM32H7R3Z8J6, STM32H7R3Z8T6, STM32H7R7A8I6, STM32H7R7I8K6, STM32H7R7I8T6, STM32H7R7L8H6, STM32H7R7L8H6H, STM32H7R7Z8J6, STM32H7S3A8I6, STM32H7S3I8K6, STM32H7S3I8T6, STM32H7S3L8H6, STM32H7S3L8H6H, STM32H7S3R8V6, STM32H7S3V8H6, STM32H7S3V8T6, STM32H7S3V8Y6TR, STM32H7S3Z8J6, STM32H7S3Z8T6, STM32H7S78-DK, STM32H7S7A8I6, STM32H7S7I8K6, STM32H7S7I8T6, STM32H7S7L8H6, STM32H7S7L8H6H, STM32H7S7Z8J6, STM32L4R5QGI6STR, STM32MP131AAE3, STM32MP131AAF3, STM32MP131AAG3, STM32MP131CAE3, STM32MP131CAF3, STM32MP131CAG3, STM32MP131DAE7, STM32MP131DAF7, STM32MP131DAG7, STM32MP131FAE7, STM32MP131FAF7, STM32MP131FAG7, STM32MP133AAE3, STM32MP133AAF3, STM32MP133AAG3, STM32MP133CAE3, STM32MP133CAF3, STM32MP133CAG3, STM32MP133DAE7, STM32MP133DAF7, STM32MP133DAG7, STM32MP133FAE7, STM32MP133FAF7, STM32MP133FAG7, STM32MP135AAE3, STM32MP135AAF3, STM32MP135AAG3, STM32MP135CAE3, STM32MP135CAF3, STM32MP135CAG3, STM32MP135DAE7, STM32MP135DAF7, STM32MP135DAG7, STM32MP135F-DK, STM32MP135FAE7, STM32MP135FAF7, STM32MP135FAF7T, STM32MP135FAF7U, STM32MP135FAG7, STM32MP211AAL3, STM32MP211AAM3, STM32MP211AAN3, STM32MP211AAO3, STM32MP211CAL3, STM32MP211CAM3, STM32MP211CAN3, STM32MP211CAO3, STM32MP211DAL3, STM32MP211DAM3, STM32MP211DAN3, STM32MP211DAO3, STM32MP211FAL3, STM32MP211FAM3, STM32MP211FAN3, STM32MP211FAO3, STM32MP213AAL3, STM32MP213AAM3, STM32MP213AAN3, STM32MP213AAO3, STM32MP213CAL3, STM32MP213CAM3, STM32MP213CAN3, STM32MP213CAO3, STM32MP213DAL3, STM32MP213DAM3, STM32MP213DAN3, STM32MP213DAO3, STM32MP213FAL3, STM32MP213FAM3, STM32MP213FAN3, STM32MP213FAO3, STM32MP215AAL3, STM32MP215AAM3, STM32MP215AAN3, STM32MP215AAO3, STM32MP215CAL3, STM32MP215CAM3, STM32MP215CAN3, STM32MP215CAO3, STM32MP215DAL3, STM32MP215DAM3, STM32MP215DAN3, STM32MP215DAO3, STM32MP215F-DK, STM32MP215FAL3, STM32MP215FAM3, STM32MP215FAN3, STM32MP215FAO3, STM32MP231AAJ3, STM32MP231AAK3, STM32MP231AAL3, STM32MP231CAJ3, STM32MP231CAK3, STM32MP231CAL3, STM32MP231DAJ3, STM32MP231DAK3, STM32MP231DAL3, STM32MP231FAJ3, STM32MP231FAK3, STM32MP231FAL3, STM32MP233AAJ3, STM32MP233AAK3, STM32MP233AAL3, STM32MP233CAJ3, STM32MP233CAK3, STM32MP233CAL3, STM32MP233DAJ3, STM32MP233DAK3, STM32MP233DAL3, STM32MP233FAJ3, STM32MP233FAK3, STM32MP233FAL3, STM32MP235AAJ3, STM32MP235AAK3, STM32MP235AAL3, STM32MP235CAJ3, STM32MP235CAK3, STM32MP235CAL3, STM32MP235DAJ3, STM32MP235DAK3, STM32MP235DAL3, STM32MP235FAJ3, STM32MP235FAK3, STM32MP235FAL3, STM32MP251AAI3, STM32MP251AAK3, STM32MP251AAL3, STM32MP251CAI3, STM32MP251CAK3, STM32MP251CAL3, STM32MP251DAI3, STM32MP251DAK3, STM32MP251DAL3, STM32MP251FAI3, STM32MP251FAK3, STM32MP251FAL3, STM32MP253AAI3, STM32MP253AAK3, STM32MP253AAL3, STM32MP253CAI3, STM32MP253CAK3, STM32MP253CAL3, STM32MP253DAI3, STM32MP253DAK3, STM32MP253DAL3, STM32MP253FAI3, STM32MP253FAK3, STM32MP253FAL3, STM32MP255AAI3, STM32MP255AAK3, STM32MP255AAL3, STM32MP255CAI3, STM32MP255CAK3, STM32MP255CAL3, STM32MP255DAI3, STM32MP255DAK3, STM32MP255DAL3, STM32MP255FAI3, STM32MP255FAK3, STM32MP255FAL3, STM32MP257AAI3, STM32MP257AAK3, STM32MP257AAL3, STM32MP257CAI3, STM32MP257CAK3, STM32MP257CAL3, STM32MP257DAI3, STM32MP257DAK3, STM32MP257DAL3, STM32MP257F-DK, STM32MP257F-EV1, STM32MP257FAI3, STM32MP257FAK3, STM32MP257FAL3, STM32N645A0H3Q, STM32N645B0H3Q, STM32N645I0H3Q, STM32N645L0H3Q, STM32N645X0H3Q, STM32N645Z0H3Q, STM32N647A0H3Q, STM32N647B0H3Q, STM32N647I0H3Q, STM32N647L0H3Q, STM32N647X0H3Q, STM32N647Z0H3Q, STM32N655A0H3Q, STM32N655B0H3Q, STM32N655I0H3Q, STM32N655L0H3Q, STM32N655X0H3Q, STM32N655Z0H3Q, STM32N6570-DK, STM32N657A0H3Q, STM32N657B0H3Q, STM32N657I0H3Q, STM32N657L0H3Q, STM32N657X0H3Q, STM32N657Z0H3Q, STM32U031C6T6, STM32U031C6U6, STM32U031C8T6, STM32U031C8U6, STM32U031F4P6, STM32U031F6P6, STM32U031F8P6, STM32U031G6Y6TR, STM32U031G8Y6TR, STM32U031K4U6, STM32U031K6U6, STM32U031K8U6, STM32U031R6I6, STM32U031R6T6, STM32U031R8I6, STM32U031R8T6, STM32U073C8T6, STM32U073C8U6, STM32U073CBT6, STM32U073CBU6, STM32U073CCT6, STM32U073CCU6, STM32U073H8Y6TR, STM32U073HBY6TR, STM32U073HCY6TR, STM32U073K8U6, STM32U073KBU6, STM32U073KCU6, STM32U073M8I6, STM32U073M8T6, STM32U073MBI6, STM32U073MBT6, STM32U073MCI6, STM32U073MCT6, STM32U073R8I6, STM32U073R8T6, STM32U073RBI6, STM32U073RBT6, STM32U073RCI6, STM32U073RCT6, STM32U083C-DK, STM32U083CCT6, STM32U083CCU6, STM32U083HCY6TR, STM32U083KCU6, STM32U083MCI6, STM32U083MCT6, STM32U083RCI6, STM32U083RCT6, STM32U375CET6, STM32U375CET6Q, STM32U375CEU6, STM32U375CEU6Q, STM32U375CEY6QTR, STM32U375CGT6, STM32U375CGT6Q, STM32U375CGU6, STM32U375CGU6Q, STM32U375CGY6QTR, STM32U375KEU6, STM32U375KGU6, STM32U375REI6, STM32U375REI6Q, STM32U375RET6, STM32U375RET6Q, STM32U375REY6GTR, STM32U375REY6QTR, STM32U375RGI6, STM32U375RGI6Q, STM32U375RGT6, STM32U375RGT6Q, STM32U375RGY6GTR, STM32U375RGY6QTR, STM32U375VEI6, STM32U375VEI6Q, STM32U375VET6, STM32U375VET6Q, STM32U375VGI6, STM32U375VGI6Q, STM32U375VGT6, STM32U375VGT6Q, STM32U385CGT6, STM32U385CGT6Q, STM32U385CGU6, STM32U385CGU6Q, STM32U385CGY6QTR, STM32U385KGU6, STM32U385RGI6, STM32U385RGI6Q, STM32U385RGT6, STM32U385RGT6Q, STM32U385RGY6GTR, STM32U385RGY6QTR, STM32U385VGI6, STM32U385VGI6Q, STM32U385VGT6, STM32U385VGT6Q, STM32U535CBT6, STM32U535CBT6Q, STM32U535CBU6, STM32U535CBU6Q, STM32U535CCT6, STM32U535CCT6Q, STM32U535CCU6, STM32U535CCU6Q, STM32U535CET6, STM32U535CET6Q, STM32U535CEU6, STM32U535CEU6Q, STM32U535JEY6QTR, STM32U535NCY6QTR, STM32U535NEY6QTR, STM32U535RBI6, STM32U535RBI6Q, STM32U535RBT6, STM32U535RBT6Q, STM32U535RCI6, STM32U535RCI6Q, STM32U535RCT6, STM32U535RCT6Q, STM32U535REI6, STM32U535REI6Q, STM32U535RET6, STM32U535RET6Q, STM32U535VCI6, STM32U535VCI6Q, STM32U535VCT6, STM32U535VCT6Q, STM32U535VEI6, STM32U535VEI6Q, STM32U535VET6, STM32U535VET6Q, STM32U545CET6, STM32U545CET6Q, STM32U545CEU6, STM32U545CEU6Q, STM32U545JEY6QTR, STM32U545NEY6QTR, STM32U545REI6, STM32U545REI6Q, STM32U545RET6, STM32U545RET6Q, STM32U545VEI6, STM32U545VEI6Q, STM32U545VET6, STM32U545VET6Q, STM32U595AIH6, STM32U595AIH6Q, STM32U595AJH6, STM32U595AJH6Q, STM32U595QII6, STM32U595QII6Q, STM32U595QJI6, STM32U595QJI6Q, STM32U595RIT6, STM32U595RIT6Q, STM32U595RJT6, STM32U595RJT6Q, STM32U595VIT6, STM32U595VIT6Q, STM32U595VJT6, STM32U595VJT6Q, STM32U595ZIT6, STM32U595ZIT6Q, STM32U595ZIY6QTR, STM32U595ZJT6, STM32U595ZJT6Q, STM32U595ZJY6QTR, STM32U599BJY6QTR, STM32U599NIH6Q, STM32U599NJH6Q, STM32U599VIT6Q, STM32U599VJT6, STM32U599VJT6Q, STM32U599ZIT6Q, STM32U599ZIY6QTR, STM32U599ZJT6Q, STM32U599ZJY6QTR, STM32U5A5AJH6, STM32U5A5AJH6Q, STM32U5A5QII3Q , STM32U5A5QJI6, STM32U5A5QJI6Q, STM32U5A5RJT6, STM32U5A5RJT6Q, STM32U5A5VJT6, STM32U5A5VJT6Q, STM32U5A5ZJT6, STM32U5A5ZJT6Q, STM32U5A5ZJY6QTR, STM32U5A9BJY6QTR, STM32U5A9J-DK, STM32U5A9NJH6Q, STM32U5A9VJT6Q, STM32U5A9ZJT6Q, STM32U5A9ZJY6QTR, STM32U5F7VIT6, STM32U5F7VIT6Q, STM32U5F7VJT6, STM32U5F7VJT6Q, STM32U5F9BJY6QTR, STM32U5F9NJH6Q, STM32U5F9VIT6Q, STM32U5F9VJT6Q, STM32U5F9ZIJ6QTR, STM32U5F9ZIT6Q, STM32U5F9ZJJ6QTR, STM32U5F9ZJT6Q, STM32U5G7VJT6, STM32U5G7VJT6Q, STM32U5G9BJY6QTR, STM32U5G9J-DK1, STM32U5G9J-DK2, STM32U5G9NJH6Q, STM32U5G9VJT6Q, STM32U5G9ZJJ6QTR, STM32U5G9ZJT6Q, STM32WB05KZV6TR, STM32WB05KZV7TR, STM32WB05TZF6TR, STM32WB05TZF7TR, STM32WB06CCF6TR, STM32WB06CCF7TR, STM32WB06CCV6TR, STM32WB06CCV7TR, STM32WB06KCV6TR, STM32WB06KCV7TR, STM32WB07CCF6TR, STM32WB07CCF7TR, STM32WB07CCV6TR, STM32WB07CCV7TR, STM32WB07KCV6TR, STM32WB07KCV7TR, STM32WB09KEV6TR, STM32WB09KEV7TR, STM32WB09TEF6TR, STM32WB09TEF7TR, STM32WB1MMCH6, STM32WBA50KGU6, STM32WBA50KGU6TR, STM32WBA52CEU6, STM32WBA52CEU6TR, STM32WBA52CEU7, STM32WBA52CEU7TR, STM32WBA52CGU6, STM32WBA52CGU6TR, STM32WBA52CGU6U, STM32WBA52CGU7, STM32WBA52CGU7TR, STM32WBA52KEU6, STM32WBA52KEU6TR, STM32WBA52KGU6, STM32WBA52KGU6TR, STM32WBA54CEU6, STM32WBA54CEU6TR, STM32WBA54CEU7, STM32WBA54CEU7TR, STM32WBA54CGU6, STM32WBA54CGU6TR, STM32WBA54CGU7, STM32WBA54CGU7TR, STM32WBA54KEU6, STM32WBA54KEU6TR, STM32WBA54KEU7, STM32WBA54KEU7TR, STM32WBA54KGU6, STM32WBA54KGU6TR, STM32WBA54KGU7, STM32WBA54KGU7TR, STM32WBA55CEU6, STM32WBA55CEU6TR, STM32WBA55CEU7, STM32WBA55CEU7TR, STM32WBA55CGU6, STM32WBA55CGU6TR, STM32WBA55CGU6U, STM32WBA55CGU7, STM32WBA55CGU7TR, STM32WBA55G-DK1, STM32WBA55HEF6, STM32WBA55HEF7, STM32WBA55HGF6, STM32WBA55HGF7, STM32WBA55UEI6, STM32WBA55UEI6TR, STM32WBA55UEI7, STM32WBA55UEI7TR, STM32WBA55UGI6, STM32WBA55UGI6TR, STM32WBA55UGI7, STM32WBA55UGI7TR, STM32WBA5MMGH6TR, STM32WBA62MGF6, STM32WBA62MIF6, STM32WBA65MGF7, STM32WBA65MIF6, STM32WBA65MIF7, STM32WL30K8V6, STM32WL30KBV6, STM32WL31C8V6, STM32WL31CBV6, STM32WL31K8V6, STM32WL31KBV6, STM32WL33C8V6, STM32WL33C8V6X, STM32WL33CBV6, STM32WL33CBV6X, STM32WL33CCV6, STM32WL33CCV6A, STM32WL33CCV6X, STM32WL33K8V7, STM32WL33K8V7X, STM32WL33KBV7 , STM32WL33KBV7X, STM32WL33KCV7, STM32WL33KCV7X, STM32WL5MOCH6, STM32WL5MOCH6TR]
2025-11-30 16:26:56,392 [INFO] BoardInfo:889 - No configuration file found for board P-NUCLEO-WB55
2025-11-30 16:26:56,395 [INFO] DbBoards:161 - Kit is not supported: P-NUCLEO-WB55
2025-11-30 16:26:56,406 [INFO] BoardInfo:889 - No configuration file found for board STEVAL-BFA001V1B
2025-11-30 16:26:56,408 [INFO] DbBoards:161 - Kit is not supported: STEVAL-BFA001V1B
2025-11-30 16:26:56,411 [INFO] BoardInfo:889 - No configuration file found for board STEVAL-BFA001V2B
2025-11-30 16:26:56,413 [INFO] DbBoards:161 - Kit is not supported: STEVAL-BFA001V2B
2025-11-30 16:26:56,830 [INFO] DbBoards:168 - Found 212 boards, 209 are supported
2025-11-30 16:26:56,830 [INFO] DbBoards:169 - Found 212 boards, 43 of them is supported for  Bsp
2025-11-30 16:26:56,833 [INFO] ApiDb:423 - Load user favorites file C:\Users\shubh/.stm32cubeide/favorites.boards.txt: 1 item(s)
2025-11-30 16:26:56,833 [INFO] ApiDb:427 - User favorites Boards=[NUCLEO-H503RB]
2025-11-30 16:26:56,835 [INFO] DbBoards:198 - Set 1 / 1 favorites Boards
2025-11-30 16:26:56,841 [INFO] ApiDb:668 - CubeFinder database Data Model version=2.1
2025-11-30 16:26:56,842 [INFO] ApiDb:669 - CubeFinder database Configuration version=3.0.39
2025-11-30 16:26:56,842 [INFO] ApiDb:670 - CubeFinder database generation date=2025-11-05 (1762334721)
2025-11-30 16:26:56,842 [INFO] ApiDb:671 - CubeFinder database FW Pack versions=[FP-ATR-ASTRA1_V2.0.0, FP-SNS-FLIGHT1_V5.1.0, FP-SNS-MOTENV1_V5.1.0, FP-SNS-MOTENVWB1_V1.4.0, FP-SNS-SMARTAG2_V1.2.0, FP-SNS-STBOX1_V2.1.0, STM32Cube_FW_C0_V1.4.0, STM32Cube_FW_F4_V1.28.3, STM32Cube_FW_F7_V1.17.4, STM32Cube_FW_G0_V1.6.2, STM32Cube_FW_G4_V1.6.1, STM32Cube_FW_H5_V1.5.1, STM32Cube_FW_H7RS_V1.3.0, STM32Cube_FW_H7_V1.12.1, STM32Cube_FW_L0_V1.12.2, STM32Cube_FW_L4_V1.18.1, STM32Cube_FW_L5_V1.6.0, STM32Cube_FW_N6_V1.3.0, STM32Cube_FW_U0_V1.3.0, STM32Cube_FW_U3_V1.2.1, STM32Cube_FW_U5_V1.8.0, STM32Cube_FW_WB0_V1.4.0, STM32Cube_FW_WBA_V1.8.0, STM32Cube_FW_WB_V1.24.0, STM32Cube_FW_WL3_V1.3.0, STM32Cube_FW_WL_V1.4.0, X-CUBE-ALGOBUILD_V1.4.0, X-CUBE-ALS_V1.0.2, X-CUBE-AZRTOS-F4_V1.1.0, X-CUBE-AZRTOS-F7_V1.1.0, X-CUBE-AZRTOS-G0_V1.1.0, X-CUBE-AZRTOS-G4_V2.0.0, X-CUBE-AZRTOS-H7RS_V1.1.0, X-CUBE-AZRTOS-H7_V3.4.0, X-CUBE-AZRTOS-L4_V2.0.0, X-CUBE-AZRTOS-L5_V2.0.0, X-CUBE-AZRTOS-WB_V2.0.0, X-CUBE-AZRTOS-WL_V2.0.0, X-CUBE-BLE1_V7.1.0, X-CUBE-BLE2_V3.3.0, X-CUBE-BLEMGR_V4.1.0, X-CUBE-EEPRMA1_V5.2.0, X-CUBE-FREERTOS_V1.3.1, X-CUBE-GNSS1_V6.0.0, X-CUBE-MEMS1_V11.3.0, X-CUBE-NFC4_V3.0.0, X-CUBE-NFC7_V2.0.0, X-CUBE-SFXS2LP1_V4.0.0, X-CUBE-ST67W61_V1.1.0, X-CUBE-SUBG2_V5.0.0, X-CUBE-TOF1_V3.4.3]
2025-11-30 16:26:56,864 [ERROR] LogOutputStream:75 - [STDERR_REDIRECT] [Fatal Error] :1:1: Premature end of file.
2025-11-30 16:26:56,864 [ERROR] LogOutputStream:75 - [STDERR_REDIRECT] 
2025-11-30 16:26:57,804 [ERROR] DbExamplesSqlite:437 - Missing JSON key: board_cpn
2025-11-30 16:26:57,804 [ERROR] DbExamplesSqlite:437 - Missing JSON key: board_cpn
2025-11-30 16:26:57,805 [ERROR] DbExamplesSqlite:437 - Missing JSON key: board_cpn
2025-11-30 16:26:57,805 [ERROR] DbExamplesSqlite:437 - Missing JSON key: board_cpn
2025-11-30 16:26:57,872 [ERROR] LogOutputStream:75 - [STDERR_REDIRECT] [Fatal Error] :1:1: Premature end of file.
2025-11-30 16:26:57,872 [ERROR] LogOutputStream:75 - [STDERR_REDIRECT] 
2025-11-30 16:26:58,187 [ERROR] DbExamplesSqlite:437 - Missing JSON key: board_cpn
2025-11-30 16:26:58,187 [ERROR] DbExamplesSqlite:437 - Missing JSON key: board_cpn
2025-11-30 16:26:58,197 [INFO] DbExamplesSqlite:395 - Ignored 42 examples not supported by CubeIDE
2025-11-30 16:26:58,198 [INFO] DbExamplesSqlite:396 - Found 10883 examples active
2025-11-30 16:26:58,198 [INFO] DbExamplesSqlite:397 - Found 0 examples obsolete
2025-11-30 16:26:58,198 [INFO] DbExamplesSqlite:398 - Found 0 examples under development
2025-11-30 16:26:58,198 [INFO] DbExamplesSqlite:399 - Found 85 examples not building
2025-11-30 16:26:58,201 [INFO] DbExamples:125 - Found 10926 examples
2025-11-30 16:26:58,317 [ERROR] DbExamples:208 - Found 73 examples with invalid data (board or MCU)
2025-11-30 16:26:58,318 [INFO] DbExamples:222 - Found 134 boards with related examples
2025-11-30 16:26:58,319 [INFO] DbExamples:235 - Found 111 MCUs with related examples
2025-11-30 16:26:58,351 [INFO] ApiDb:414 - User favorites file not found: C:\Users\shubh/.stm32cubeide/favorites.examples.txt
2025-11-30 16:26:58,351 [INFO] DbExamples:250 - Set 0 / 0 favorites Examples
2025-11-30 16:26:58,708 [INFO] McuFinderGlobals:76 - Set McuFinderConnectedMode to true
2025-11-30 16:26:58,727 [INFO] MultiScanPanel:200 - Auto-refresh data requested => check proxy status ongoing
2025-11-30 16:26:58,735 [INFO] FinderPluginLoader:96 - Searching for filters in installed packs
2025-11-30 16:26:58,867 [ERROR] LogOutputStream:75 - [STDERR_REDIRECT] [Fatal Error] :1:1: Premature end of file.
2025-11-30 16:26:58,868 [ERROR] LogOutputStream:75 - [STDERR_REDIRECT] 
2025-11-30 16:26:59,861 [ERROR] LogOutputStream:75 - [STDERR_REDIRECT] [Fatal Error] :1:1: Premature end of file.
2025-11-30 16:26:59,861 [ERROR] LogOutputStream:75 - [STDERR_REDIRECT] 
2025-11-30 16:27:00,838 [ERROR] LogOutputStream:75 - [STDERR_REDIRECT] [Fatal Error] :1:1: Premature end of file.
2025-11-30 16:27:00,838 [ERROR] LogOutputStream:75 - [STDERR_REDIRECT] 
2025-11-30 16:27:00,896 [INFO] LoadUrlFilesThread:185 - End of LoadServerUrlFiles without Thread
2025-11-30 16:27:00,918 [INFO] DetailPanel:341 - Set advertising image to C:/Users/shubh/STM32Cube/Repository/\en.mcu-finder-preevent.jpg
2025-11-30 16:27:01,845 [ERROR] LogOutputStream:75 - [STDERR_REDIRECT] [Fatal Error] :1:1: Premature end of file.
2025-11-30 16:27:01,846 [ERROR] LogOutputStream:75 - [STDERR_REDIRECT] 
2025-11-30 16:27:02,862 [ERROR] LogOutputStream:75 - [STDERR_REDIRECT] [Fatal Error] :1:1: Premature end of file.
2025-11-30 16:27:02,863 [ERROR] LogOutputStream:75 - [STDERR_REDIRECT] 
2025-11-30 16:27:03,835 [ERROR] LogOutputStream:75 - [STDERR_REDIRECT] [Fatal Error] :1:1: Premature end of file.
2025-11-30 16:27:03,835 [ERROR] LogOutputStream:75 - [STDERR_REDIRECT] 
2025-11-30 16:27:04,829 [ERROR] LogOutputStream:75 - [STDERR_REDIRECT] [Fatal Error] :1:1: Premature end of file.
2025-11-30 16:27:04,830 [ERROR] LogOutputStream:75 - [STDERR_REDIRECT] 
2025-11-30 16:27:05,868 [ERROR] LogOutputStream:75 - [STDERR_REDIRECT] [Fatal Error] :1:1: Premature end of file.
2025-11-30 16:27:05,868 [ERROR] LogOutputStream:75 - [STDERR_REDIRECT] 
2025-11-30 16:27:06,855 [ERROR] LogOutputStream:75 - [STDERR_REDIRECT] [Fatal Error] :1:1: Premature end of file.
2025-11-30 16:27:06,856 [ERROR] LogOutputStream:75 - [STDERR_REDIRECT] 
2025-11-30 16:27:07,853 [ERROR] LogOutputStream:75 - [STDERR_REDIRECT] [Fatal Error] :1:1: Premature end of file.
2025-11-30 16:27:07,853 [ERROR] LogOutputStream:75 - [STDERR_REDIRECT] 
2025-11-30 16:27:08,838 [ERROR] LogOutputStream:75 - [STDERR_REDIRECT] [Fatal Error] :1:1: Premature end of file.
2025-11-30 16:27:08,839 [ERROR] LogOutputStream:75 - [STDERR_REDIRECT] 
2025-11-30 16:27:09,839 [ERROR] LogOutputStream:75 - [STDERR_REDIRECT] [Fatal Error] :1:1: Premature end of file.
2025-11-30 16:27:09,839 [ERROR] LogOutputStream:75 - [STDERR_REDIRECT] 
2025-11-30 16:27:10,869 [ERROR] LogOutputStream:75 - [STDERR_REDIRECT] [Fatal Error] :1:1: Premature end of file.
2025-11-30 16:27:10,869 [ERROR] LogOutputStream:75 - [STDERR_REDIRECT] 
2025-11-30 16:27:11,840 [ERROR] LogOutputStream:75 - [STDERR_REDIRECT] [Fatal Error] :1:1: Premature end of file.
2025-11-30 16:27:11,840 [ERROR] LogOutputStream:75 - [STDERR_REDIRECT] 
2025-11-30 16:27:12,842 [ERROR] LogOutputStream:75 - [STDERR_REDIRECT] [Fatal Error] :1:1: Premature end of file.
2025-11-30 16:27:12,842 [ERROR] LogOutputStream:75 - [STDERR_REDIRECT] 
2025-11-30 16:27:13,869 [ERROR] LogOutputStream:75 - [STDERR_REDIRECT] [Fatal Error] :1:1: Premature end of file.
2025-11-30 16:27:13,869 [ERROR] LogOutputStream:75 - [STDERR_REDIRECT] 
2025-11-30 16:27:14,835 [ERROR] LogOutputStream:75 - [STDERR_REDIRECT] [Fatal Error] :1:1: Premature end of file.
2025-11-30 16:27:14,835 [ERROR] LogOutputStream:75 - [STDERR_REDIRECT] 
2025-11-30 16:27:15,848 [ERROR] LogOutputStream:75 - [STDERR_REDIRECT] [Fatal Error] :1:1: Premature end of file.
2025-11-30 16:27:15,849 [ERROR] LogOutputStream:75 - [STDERR_REDIRECT] 
2025-11-30 16:27:16,860 [ERROR] LogOutputStream:75 - [STDERR_REDIRECT] [Fatal Error] :1:1: Premature end of file.
2025-11-30 16:27:16,861 [ERROR] LogOutputStream:75 - [STDERR_REDIRECT] 
2025-11-30 16:27:17,847 [ERROR] LogOutputStream:75 - [STDERR_REDIRECT] [Fatal Error] :1:1: Premature end of file.
2025-11-30 16:27:17,849 [ERROR] LogOutputStream:75 - [STDERR_REDIRECT] 
2025-11-30 16:27:18,834 [ERROR] LogOutputStream:75 - [STDERR_REDIRECT] [Fatal Error] :1:1: Premature end of file.
2025-11-30 16:27:18,834 [ERROR] LogOutputStream:75 - [STDERR_REDIRECT] 
2025-11-30 16:27:19,839 [ERROR] LogOutputStream:75 - [STDERR_REDIRECT] [Fatal Error] :1:1: Premature end of file.
2025-11-30 16:27:19,839 [ERROR] LogOutputStream:75 - [STDERR_REDIRECT] 
2025-11-30 16:27:20,840 [ERROR] LogOutputStream:75 - [STDERR_REDIRECT] [Fatal Error] :1:1: Premature end of file.
2025-11-30 16:27:20,840 [ERROR] LogOutputStream:75 - [STDERR_REDIRECT] 
2025-11-30 16:27:21,839 [ERROR] LogOutputStream:75 - [STDERR_REDIRECT] [Fatal Error] :1:1: Premature end of file.
2025-11-30 16:27:21,840 [ERROR] LogOutputStream:75 - [STDERR_REDIRECT] 
2025-11-30 16:27:22,866 [ERROR] LogOutputStream:75 - [STDERR_REDIRECT] [Fatal Error] :1:1: Premature end of file.
2025-11-30 16:27:22,867 [ERROR] LogOutputStream:75 - [STDERR_REDIRECT] 
2025-11-30 16:27:23,862 [ERROR] LogOutputStream:75 - [STDERR_REDIRECT] [Fatal Error] :1:1: Premature end of file.
2025-11-30 16:27:23,862 [ERROR] LogOutputStream:75 - [STDERR_REDIRECT] 
2025-11-30 16:27:24,837 [ERROR] LogOutputStream:75 - [STDERR_REDIRECT] [Fatal Error] :1:1: Premature end of file.
2025-11-30 16:27:24,837 [ERROR] LogOutputStream:75 - [STDERR_REDIRECT] 
2025-11-30 16:27:25,840 [ERROR] LogOutputStream:75 - [STDERR_REDIRECT] [Fatal Error] :1:1: Premature end of file.
2025-11-30 16:27:25,842 [ERROR] LogOutputStream:75 - [STDERR_REDIRECT] 
2025-11-30 16:27:26,839 [ERROR] LogOutputStream:75 - [STDERR_REDIRECT] [Fatal Error] :1:1: Premature end of file.
2025-11-30 16:27:26,839 [ERROR] LogOutputStream:75 - [STDERR_REDIRECT] 
2025-11-30 16:27:27,869 [ERROR] LogOutputStream:75 - [STDERR_REDIRECT] [Fatal Error] :1:1: Premature end of file.
2025-11-30 16:27:27,869 [ERROR] LogOutputStream:75 - [STDERR_REDIRECT] 
2025-11-30 16:27:28,850 [ERROR] LogOutputStream:75 - [STDERR_REDIRECT] [Fatal Error] :1:1: Premature end of file.
2025-11-30 16:27:28,850 [ERROR] LogOutputStream:75 - [STDERR_REDIRECT] 
2025-11-30 16:27:29,835 [ERROR] LogOutputStream:75 - [STDERR_REDIRECT] [Fatal Error] :1:1: Premature end of file.
2025-11-30 16:27:29,835 [ERROR] LogOutputStream:75 - [STDERR_REDIRECT] 
2025-11-30 16:27:30,838 [ERROR] LogOutputStream:75 - [STDERR_REDIRECT] [Fatal Error] :1:1: Premature end of file.
2025-11-30 16:27:30,838 [ERROR] LogOutputStream:75 - [STDERR_REDIRECT] 
2025-11-30 16:27:31,837 [ERROR] LogOutputStream:75 - [STDERR_REDIRECT] [Fatal Error] :1:1: Premature end of file.
2025-11-30 16:27:31,838 [ERROR] LogOutputStream:75 - [STDERR_REDIRECT] 
2025-11-30 16:27:32,841 [ERROR] LogOutputStream:75 - [STDERR_REDIRECT] [Fatal Error] :1:1: Premature end of file.
2025-11-30 16:27:32,841 [ERROR] LogOutputStream:75 - [STDERR_REDIRECT] 
2025-11-30 16:27:33,832 [ERROR] LogOutputStream:75 - [STDERR_REDIRECT] [Fatal Error] :1:1: Premature end of file.
2025-11-30 16:27:33,832 [ERROR] LogOutputStream:75 - [STDERR_REDIRECT] 
2025-11-30 16:27:34,839 [ERROR] LogOutputStream:75 - [STDERR_REDIRECT] [Fatal Error] :1:1: Premature end of file.
2025-11-30 16:27:34,840 [ERROR] LogOutputStream:75 - [STDERR_REDIRECT] 
2025-11-30 16:27:35,838 [ERROR] LogOutputStream:75 - [STDERR_REDIRECT] [Fatal Error] :1:1: Premature end of file.
2025-11-30 16:27:35,838 [ERROR] LogOutputStream:75 - [STDERR_REDIRECT] 
2025-11-30 16:27:36,838 [ERROR] LogOutputStream:75 - [STDERR_REDIRECT] [Fatal Error] :1:1: Premature end of file.
2025-11-30 16:27:36,838 [ERROR] LogOutputStream:75 - [STDERR_REDIRECT] 
2025-11-30 16:27:37,841 [ERROR] LogOutputStream:75 - [STDERR_REDIRECT] [Fatal Error] :1:1: Premature end of file.
2025-11-30 16:27:37,841 [ERROR] LogOutputStream:75 - [STDERR_REDIRECT] 
2025-11-30 16:27:38,831 [ERROR] LogOutputStream:75 - [STDERR_REDIRECT] [Fatal Error] :1:1: Premature end of file.
2025-11-30 16:27:38,831 [ERROR] LogOutputStream:75 - [STDERR_REDIRECT] 
2025-11-30 16:27:39,832 [ERROR] LogOutputStream:75 - [STDERR_REDIRECT] [Fatal Error] :1:1: Premature end of file.
2025-11-30 16:27:39,832 [ERROR] LogOutputStream:75 - [STDERR_REDIRECT] 
2025-11-30 16:27:40,859 [ERROR] LogOutputStream:75 - [STDERR_REDIRECT] [Fatal Error] :1:1: Premature end of file.
2025-11-30 16:27:40,861 [ERROR] LogOutputStream:75 - [STDERR_REDIRECT] 
2025-11-30 16:27:41,882 [ERROR] LogOutputStream:75 - [STDERR_REDIRECT] [Fatal Error] :1:1: Premature end of file.
2025-11-30 16:27:41,883 [ERROR] LogOutputStream:75 - [STDERR_REDIRECT] 
2025-11-30 16:27:42,908 [ERROR] LogOutputStream:75 - [STDERR_REDIRECT] [Fatal Error] :1:1: Premature end of file.
2025-11-30 16:27:42,910 [ERROR] LogOutputStream:75 - [STDERR_REDIRECT] 
2025-11-30 16:27:43,939 [ERROR] LogOutputStream:75 - [STDERR_REDIRECT] [Fatal Error] :1:1: Premature end of file.
2025-11-30 16:27:43,940 [ERROR] LogOutputStream:75 - [STDERR_REDIRECT] 
2025-11-30 16:27:44,888 [ERROR] LogOutputStream:75 - [STDERR_REDIRECT] [Fatal Error] :1:1: Premature end of file.
2025-11-30 16:27:44,889 [ERROR] LogOutputStream:75 - [STDERR_REDIRECT] 
2025-11-30 16:27:45,900 [ERROR] LogOutputStream:75 - [STDERR_REDIRECT] [Fatal Error] :1:1: Premature end of file.
2025-11-30 16:27:45,901 [ERROR] LogOutputStream:75 - [STDERR_REDIRECT] 
2025-11-30 16:27:46,933 [ERROR] LogOutputStream:75 - [STDERR_REDIRECT] [Fatal Error] :1:1: Premature end of file.
2025-11-30 16:27:46,933 [ERROR] LogOutputStream:75 - [STDERR_REDIRECT] 
2025-11-30 16:27:47,931 [ERROR] LogOutputStream:75 - [STDERR_REDIRECT] [Fatal Error] :1:1: Premature end of file.
2025-11-30 16:27:47,932 [ERROR] LogOutputStream:75 - [STDERR_REDIRECT] 
2025-11-30 16:27:48,913 [ERROR] LogOutputStream:75 - [STDERR_REDIRECT] [Fatal Error] :1:1: Premature end of file.
2025-11-30 16:27:48,913 [ERROR] LogOutputStream:75 - [STDERR_REDIRECT] 
2025-11-30 16:27:49,925 [ERROR] LogOutputStream:75 - [STDERR_REDIRECT] [Fatal Error] :1:1: Premature end of file.
2025-11-30 16:27:49,927 [ERROR] LogOutputStream:75 - [STDERR_REDIRECT] 
2025-11-30 16:27:50,826 [ERROR] LogOutputStream:75 - [STDERR_REDIRECT] [Fatal Error] :1:1: Premature end of file.
2025-11-30 16:27:50,826 [ERROR] LogOutputStream:75 - [STDERR_REDIRECT] 
2025-11-30 16:27:51,832 [ERROR] LogOutputStream:75 - [STDERR_REDIRECT] [Fatal Error] :1:1: Premature end of file.
2025-11-30 16:27:51,832 [ERROR] LogOutputStream:75 - [STDERR_REDIRECT] 
2025-11-30 16:27:52,836 [ERROR] LogOutputStream:75 - [STDERR_REDIRECT] [Fatal Error] :1:1: Premature end of file.
2025-11-30 16:27:52,837 [ERROR] LogOutputStream:75 - [STDERR_REDIRECT] 
2025-11-30 16:27:53,833 [ERROR] LogOutputStream:75 - [STDERR_REDIRECT] [Fatal Error] :1:1: Premature end of file.
2025-11-30 16:27:53,833 [ERROR] LogOutputStream:75 - [STDERR_REDIRECT] 
2025-11-30 16:27:54,832 [ERROR] LogOutputStream:75 - [STDERR_REDIRECT] [Fatal Error] :1:1: Premature end of file.
2025-11-30 16:27:54,832 [ERROR] LogOutputStream:75 - [STDERR_REDIRECT] 
2025-11-30 16:27:55,839 [ERROR] LogOutputStream:75 - [STDERR_REDIRECT] [Fatal Error] :1:1: Premature end of file.
2025-11-30 16:27:55,839 [ERROR] LogOutputStream:75 - [STDERR_REDIRECT] 
2025-11-30 16:27:56,845 [ERROR] LogOutputStream:75 - [STDERR_REDIRECT] [Fatal Error] :1:1: Premature end of file.
2025-11-30 16:27:56,845 [ERROR] LogOutputStream:75 - [STDERR_REDIRECT] 
2025-11-30 16:27:57,826 [ERROR] LogOutputStream:75 - [STDERR_REDIRECT] [Fatal Error] :1:1: Premature end of file.
2025-11-30 16:27:57,826 [ERROR] LogOutputStream:75 - [STDERR_REDIRECT] 
2025-11-30 16:27:58,829 [ERROR] LogOutputStream:75 - [STDERR_REDIRECT] [Fatal Error] :1:1: Premature end of file.
2025-11-30 16:27:58,830 [ERROR] LogOutputStream:75 - [STDERR_REDIRECT] 
2025-11-30 16:27:59,823 [ERROR] LogOutputStream:75 - [STDERR_REDIRECT] [Fatal Error] :1:1: Premature end of file.
2025-11-30 16:27:59,823 [ERROR] LogOutputStream:75 - [STDERR_REDIRECT] 
2025-11-30 16:28:00,825 [ERROR] LogOutputStream:75 - [STDERR_REDIRECT] [Fatal Error] :1:1: Premature end of file.
2025-11-30 16:28:00,826 [ERROR] LogOutputStream:75 - [STDERR_REDIRECT] 
2025-11-30 16:28:01,851 [ERROR] LogOutputStream:75 - [STDERR_REDIRECT] [Fatal Error] :1:1: Premature end of file.
2025-11-30 16:28:01,851 [ERROR] LogOutputStream:75 - [STDERR_REDIRECT] 
2025-11-30 16:28:02,924 [ERROR] LogOutputStream:75 - [STDERR_REDIRECT] [Fatal Error] :1:1: Premature end of file.
2025-11-30 16:28:02,924 [ERROR] LogOutputStream:75 - [STDERR_REDIRECT] 
2025-11-30 16:28:03,827 [ERROR] LogOutputStream:75 - [STDERR_REDIRECT] [Fatal Error] :1:1: Premature end of file.
2025-11-30 16:28:03,827 [ERROR] LogOutputStream:75 - [STDERR_REDIRECT] 
2025-11-30 16:28:04,893 [ERROR] LogOutputStream:75 - [STDERR_REDIRECT] [Fatal Error] :1:1: Premature end of file.
2025-11-30 16:28:04,893 [ERROR] LogOutputStream:75 - [STDERR_REDIRECT] 
2025-11-30 16:28:05,911 [ERROR] LogOutputStream:75 - [STDERR_REDIRECT] [Fatal Error] :1:1: Premature end of file.
2025-11-30 16:28:05,912 [ERROR] LogOutputStream:75 - [STDERR_REDIRECT] 
2025-11-30 16:28:06,921 [ERROR] LogOutputStream:75 - [STDERR_REDIRECT] [Fatal Error] :1:1: Premature end of file.
2025-11-30 16:28:06,922 [ERROR] LogOutputStream:75 - [STDERR_REDIRECT] 
2025-11-30 16:28:07,923 [ERROR] LogOutputStream:75 - [STDERR_REDIRECT] [Fatal Error] :1:1: Premature end of file.
2025-11-30 16:28:07,924 [ERROR] LogOutputStream:75 - [STDERR_REDIRECT] 
2025-11-30 16:28:08,911 [ERROR] LogOutputStream:75 - [STDERR_REDIRECT] [Fatal Error] :1:1: Premature end of file.
2025-11-30 16:28:08,911 [ERROR] LogOutputStream:75 - [STDERR_REDIRECT] 
2025-11-30 16:28:09,910 [ERROR] LogOutputStream:75 - [STDERR_REDIRECT] [Fatal Error] :1:1: Premature end of file.
2025-11-30 16:28:09,911 [ERROR] LogOutputStream:75 - [STDERR_REDIRECT] 
2025-11-30 16:28:10,912 [ERROR] LogOutputStream:75 - [STDERR_REDIRECT] [Fatal Error] :1:1: Premature end of file.
2025-11-30 16:28:10,912 [ERROR] LogOutputStream:75 - [STDERR_REDIRECT] 
2025-11-30 16:28:11,919 [ERROR] LogOutputStream:75 - [STDERR_REDIRECT] [Fatal Error] :1:1: Premature end of file.
2025-11-30 16:28:11,921 [ERROR] LogOutputStream:75 - [STDERR_REDIRECT] 
2025-11-30 16:28:12,922 [ERROR] LogOutputStream:75 - [STDERR_REDIRECT] [Fatal Error] :1:1: Premature end of file.
2025-11-30 16:28:12,923 [ERROR] LogOutputStream:75 - [STDERR_REDIRECT] 
2025-11-30 16:28:13,911 [ERROR] LogOutputStream:75 - [STDERR_REDIRECT] [Fatal Error] :1:1: Premature end of file.
2025-11-30 16:28:13,912 [ERROR] LogOutputStream:75 - [STDERR_REDIRECT] 
2025-11-30 16:28:14,908 [ERROR] LogOutputStream:75 - [STDERR_REDIRECT] [Fatal Error] :1:1: Premature end of file.
2025-11-30 16:28:14,909 [ERROR] LogOutputStream:75 - [STDERR_REDIRECT] 
2025-11-30 16:28:15,904 [ERROR] LogOutputStream:75 - [STDERR_REDIRECT] [Fatal Error] :1:1: Premature end of file.
2025-11-30 16:28:15,904 [ERROR] LogOutputStream:75 - [STDERR_REDIRECT] 
2025-11-30 16:28:16,919 [ERROR] LogOutputStream:75 - [STDERR_REDIRECT] [Fatal Error] :1:1: Premature end of file.
2025-11-30 16:28:16,921 [ERROR] LogOutputStream:75 - [STDERR_REDIRECT] 
2025-11-30 16:28:17,921 [ERROR] LogOutputStream:75 - [STDERR_REDIRECT] [Fatal Error] :1:1: Premature end of file.
2025-11-30 16:28:17,922 [ERROR] LogOutputStream:75 - [STDERR_REDIRECT] 
2025-11-30 16:28:18,901 [ERROR] LogOutputStream:75 - [STDERR_REDIRECT] [Fatal Error] :1:1: Premature end of file.
2025-11-30 16:28:18,902 [ERROR] LogOutputStream:75 - [STDERR_REDIRECT] 
2025-11-30 16:28:19,894 [ERROR] LogOutputStream:75 - [STDERR_REDIRECT] [Fatal Error] :1:1: Premature end of file.
2025-11-30 16:28:19,894 [ERROR] LogOutputStream:75 - [STDERR_REDIRECT] 
2025-11-30 16:28:20,902 [ERROR] LogOutputStream:75 - [STDERR_REDIRECT] [Fatal Error] :1:1: Premature end of file.
2025-11-30 16:28:20,903 [ERROR] LogOutputStream:75 - [STDERR_REDIRECT] 
2025-11-30 16:28:21,919 [ERROR] LogOutputStream:75 - [STDERR_REDIRECT] [Fatal Error] :1:1: Premature end of file.
2025-11-30 16:28:21,920 [ERROR] LogOutputStream:75 - [STDERR_REDIRECT] 
2025-11-30 16:28:22,920 [ERROR] LogOutputStream:75 - [STDERR_REDIRECT] [Fatal Error] :1:1: Premature end of file.
2025-11-30 16:28:22,921 [ERROR] LogOutputStream:75 - [STDERR_REDIRECT] 
2025-11-30 16:28:23,890 [ERROR] LogOutputStream:75 - [STDERR_REDIRECT] [Fatal Error] :1:1: Premature end of file.
2025-11-30 16:28:23,890 [ERROR] LogOutputStream:75 - [STDERR_REDIRECT] 
2025-11-30 16:28:24,910 [ERROR] LogOutputStream:75 - [STDERR_REDIRECT] [Fatal Error] :1:1: Premature end of file.
2025-11-30 16:28:24,910 [ERROR] LogOutputStream:75 - [STDERR_REDIRECT] 
2025-11-30 16:28:25,912 [ERROR] LogOutputStream:75 - [STDERR_REDIRECT] [Fatal Error] :1:1: Premature end of file.
2025-11-30 16:28:25,912 [ERROR] LogOutputStream:75 - [STDERR_REDIRECT] 
2025-11-30 16:28:26,906 [ERROR] LogOutputStream:75 - [STDERR_REDIRECT] [Fatal Error] :1:1: Premature end of file.
2025-11-30 16:28:26,907 [ERROR] LogOutputStream:75 - [STDERR_REDIRECT] 
2025-11-30 16:28:27,899 [ERROR] LogOutputStream:75 - [STDERR_REDIRECT] [Fatal Error] :1:1: Premature end of file.
2025-11-30 16:28:27,901 [ERROR] LogOutputStream:75 - [STDERR_REDIRECT] 
2025-11-30 16:28:28,909 [ERROR] LogOutputStream:75 - [STDERR_REDIRECT] [Fatal Error] :1:1: Premature end of file.
2025-11-30 16:28:28,910 [ERROR] LogOutputStream:75 - [STDERR_REDIRECT] 
2025-11-30 16:28:29,912 [ERROR] LogOutputStream:75 - [STDERR_REDIRECT] [Fatal Error] :1:1: Premature end of file.
2025-11-30 16:28:29,913 [ERROR] LogOutputStream:75 - [STDERR_REDIRECT] 
2025-11-30 16:28:30,910 [ERROR] LogOutputStream:75 - [STDERR_REDIRECT] [Fatal Error] :1:1: Premature end of file.
2025-11-30 16:28:30,910 [ERROR] LogOutputStream:75 - [STDERR_REDIRECT] 
2025-11-30 16:28:31,907 [ERROR] LogOutputStream:75 - [STDERR_REDIRECT] [Fatal Error] :1:1: Premature end of file.
2025-11-30 16:28:31,908 [ERROR] LogOutputStream:75 - [STDERR_REDIRECT] 
2025-11-30 16:28:32,908 [ERROR] LogOutputStream:75 - [STDERR_REDIRECT] [Fatal Error] :1:1: Premature end of file.
2025-11-30 16:28:32,909 [ERROR] LogOutputStream:75 - [STDERR_REDIRECT] 
2025-11-30 16:28:33,905 [ERROR] LogOutputStream:75 - [STDERR_REDIRECT] [Fatal Error] :1:1: Premature end of file.
2025-11-30 16:28:33,905 [ERROR] LogOutputStream:75 - [STDERR_REDIRECT] 
2025-11-30 16:28:34,912 [ERROR] LogOutputStream:75 - [STDERR_REDIRECT] [Fatal Error] :1:1: Premature end of file.
2025-11-30 16:28:34,913 [ERROR] LogOutputStream:75 - [STDERR_REDIRECT] 
2025-11-30 16:28:35,907 [ERROR] LogOutputStream:75 - [STDERR_REDIRECT] [Fatal Error] :1:1: Premature end of file.
2025-11-30 16:28:35,908 [ERROR] LogOutputStream:75 - [STDERR_REDIRECT] 
2025-11-30 16:28:36,920 [ERROR] LogOutputStream:75 - [STDERR_REDIRECT] [Fatal Error] :1:1: Premature end of file.
2025-11-30 16:28:36,921 [ERROR] LogOutputStream:75 - [STDERR_REDIRECT] 
2025-11-30 16:28:37,898 [ERROR] LogOutputStream:75 - [STDERR_REDIRECT] [Fatal Error] :1:1: Premature end of file.
2025-11-30 16:28:37,900 [ERROR] LogOutputStream:75 - [STDERR_REDIRECT] 
2025-11-30 16:28:38,909 [ERROR] LogOutputStream:75 - [STDERR_REDIRECT] [Fatal Error] :1:1: Premature end of file.
2025-11-30 16:28:38,911 [ERROR] LogOutputStream:75 - [STDERR_REDIRECT] 
2025-11-30 16:28:39,899 [ERROR] LogOutputStream:75 - [STDERR_REDIRECT] [Fatal Error] :1:1: Premature end of file.
2025-11-30 16:28:39,900 [ERROR] LogOutputStream:75 - [STDERR_REDIRECT] 
2025-11-30 16:28:40,909 [ERROR] LogOutputStream:75 - [STDERR_REDIRECT] [Fatal Error] :1:1: Premature end of file.
2025-11-30 16:28:40,909 [ERROR] LogOutputStream:75 - [STDERR_REDIRECT] 
2025-11-30 16:28:41,900 [ERROR] LogOutputStream:75 - [STDERR_REDIRECT] [Fatal Error] :1:1: Premature end of file.
2025-11-30 16:28:41,900 [ERROR] LogOutputStream:75 - [STDERR_REDIRECT] 
2025-11-30 16:28:42,898 [ERROR] LogOutputStream:75 - [STDERR_REDIRECT] [Fatal Error] :1:1: Premature end of file.
2025-11-30 16:28:42,899 [ERROR] LogOutputStream:75 - [STDERR_REDIRECT] 
2025-11-30 16:28:43,907 [ERROR] LogOutputStream:75 - [STDERR_REDIRECT] [Fatal Error] :1:1: Premature end of file.
2025-11-30 16:28:43,908 [ERROR] LogOutputStream:75 - [STDERR_REDIRECT] 
2025-11-30 16:28:44,912 [ERROR] LogOutputStream:75 - [STDERR_REDIRECT] [Fatal Error] :1:1: Premature end of file.
2025-11-30 16:28:44,913 [ERROR] LogOutputStream:75 - [STDERR_REDIRECT] 
2025-11-30 16:28:45,912 [ERROR] LogOutputStream:75 - [STDERR_REDIRECT] [Fatal Error] :1:1: Premature end of file.
2025-11-30 16:28:45,912 [ERROR] LogOutputStream:75 - [STDERR_REDIRECT] 
2025-11-30 16:28:46,911 [ERROR] LogOutputStream:75 - [STDERR_REDIRECT] [Fatal Error] :1:1: Premature end of file.
2025-11-30 16:28:46,911 [ERROR] LogOutputStream:75 - [STDERR_REDIRECT] 
2025-11-30 16:28:47,900 [ERROR] LogOutputStream:75 - [STDERR_REDIRECT] [Fatal Error] :1:1: Premature end of file.
2025-11-30 16:28:47,900 [ERROR] LogOutputStream:75 - [STDERR_REDIRECT] 
2025-11-30 16:28:48,898 [ERROR] LogOutputStream:75 - [STDERR_REDIRECT] [Fatal Error] :1:1: Premature end of file.
2025-11-30 16:28:48,898 [ERROR] LogOutputStream:75 - [STDERR_REDIRECT] 
2025-11-30 16:28:49,907 [ERROR] LogOutputStream:75 - [STDERR_REDIRECT] [Fatal Error] :1:1: Premature end of file.
2025-11-30 16:28:49,908 [ERROR] LogOutputStream:75 - [STDERR_REDIRECT] 
2025-11-30 16:28:50,911 [ERROR] LogOutputStream:75 - [STDERR_REDIRECT] [Fatal Error] :1:1: Premature end of file.
2025-11-30 16:28:50,912 [ERROR] LogOutputStream:75 - [STDERR_REDIRECT] 
2025-11-30 16:28:51,907 [ERROR] LogOutputStream:75 - [STDERR_REDIRECT] [Fatal Error] :1:1: Premature end of file.
2025-11-30 16:28:51,907 [ERROR] LogOutputStream:75 - [STDERR_REDIRECT] 
2025-11-30 16:28:52,910 [ERROR] LogOutputStream:75 - [STDERR_REDIRECT] [Fatal Error] :1:1: Premature end of file.
2025-11-30 16:28:52,912 [ERROR] LogOutputStream:75 - [STDERR_REDIRECT] 
2025-11-30 16:28:53,893 [ERROR] LogOutputStream:75 - [STDERR_REDIRECT] [Fatal Error] :1:1: Premature end of file.
2025-11-30 16:28:53,893 [ERROR] LogOutputStream:75 - [STDERR_REDIRECT] 
2025-11-30 16:28:54,895 [ERROR] LogOutputStream:75 - [STDERR_REDIRECT] [Fatal Error] :1:1: Premature end of file.
2025-11-30 16:28:54,895 [ERROR] LogOutputStream:75 - [STDERR_REDIRECT] 
2025-11-30 16:28:55,904 [ERROR] LogOutputStream:75 - [STDERR_REDIRECT] [Fatal Error] :1:1: Premature end of file.
2025-11-30 16:28:55,904 [ERROR] LogOutputStream:75 - [STDERR_REDIRECT] 
2025-11-30 16:28:56,827 [ERROR] LogOutputStream:75 - [STDERR_REDIRECT] [Fatal Error] :1:1: Premature end of file.
2025-11-30 16:28:56,827 [ERROR] LogOutputStream:75 - [STDERR_REDIRECT] 
2025-11-30 16:28:57,902 [ERROR] LogOutputStream:75 - [STDERR_REDIRECT] [Fatal Error] :1:1: Premature end of file.
2025-11-30 16:28:57,902 [ERROR] LogOutputStream:75 - [STDERR_REDIRECT] 
2025-11-30 16:28:58,912 [ERROR] LogOutputStream:75 - [STDERR_REDIRECT] [Fatal Error] :1:1: Premature end of file.
2025-11-30 16:28:58,912 [ERROR] LogOutputStream:75 - [STDERR_REDIRECT] 
2025-11-30 16:28:59,896 [ERROR] LogOutputStream:75 - [STDERR_REDIRECT] [Fatal Error] :1:1: Premature end of file.
2025-11-30 16:28:59,896 [ERROR] LogOutputStream:75 - [STDERR_REDIRECT] 
2025-11-30 16:29:00,900 [ERROR] LogOutputStream:75 - [STDERR_REDIRECT] [Fatal Error] :1:1: Premature end of file.
2025-11-30 16:29:00,900 [ERROR] LogOutputStream:75 - [STDERR_REDIRECT] 
2025-11-30 16:29:01,912 [ERROR] LogOutputStream:75 - [STDERR_REDIRECT] [Fatal Error] :1:1: Premature end of file.
2025-11-30 16:29:01,913 [ERROR] LogOutputStream:75 - [STDERR_REDIRECT] 
2025-11-30 16:29:02,909 [ERROR] LogOutputStream:75 - [STDERR_REDIRECT] [Fatal Error] :1:1: Premature end of file.
2025-11-30 16:29:02,910 [ERROR] LogOutputStream:75 - [STDERR_REDIRECT] 
2025-11-30 16:29:03,897 [ERROR] LogOutputStream:75 - [STDERR_REDIRECT] [Fatal Error] :1:1: Premature end of file.
2025-11-30 16:29:03,898 [ERROR] LogOutputStream:75 - [STDERR_REDIRECT] 
2025-11-30 16:29:04,862 [ERROR] LogOutputStream:75 - [STDERR_REDIRECT] [Fatal Error] :1:1: Premature end of file.
2025-11-30 16:29:04,863 [ERROR] LogOutputStream:75 - [STDERR_REDIRECT] 
2025-11-30 16:29:05,912 [ERROR] LogOutputStream:75 - [STDERR_REDIRECT] [Fatal Error] :1:1: Premature end of file.
2025-11-30 16:29:05,913 [ERROR] LogOutputStream:75 - [STDERR_REDIRECT] 
2025-11-30 16:29:06,893 [ERROR] LogOutputStream:75 - [STDERR_REDIRECT] [Fatal Error] :1:1: Premature end of file.
2025-11-30 16:29:06,894 [ERROR] LogOutputStream:75 - [STDERR_REDIRECT] 
2025-11-30 16:29:07,905 [ERROR] LogOutputStream:75 - [STDERR_REDIRECT] [Fatal Error] :1:1: Premature end of file.
2025-11-30 16:29:07,905 [ERROR] LogOutputStream:75 - [STDERR_REDIRECT] 
2025-11-30 16:29:08,909 [ERROR] LogOutputStream:75 - [STDERR_REDIRECT] [Fatal Error] :1:1: Premature end of file.
2025-11-30 16:29:08,909 [ERROR] LogOutputStream:75 - [STDERR_REDIRECT] 
2025-11-30 16:29:09,892 [ERROR] LogOutputStream:75 - [STDERR_REDIRECT] [Fatal Error] :1:1: Premature end of file.
2025-11-30 16:29:09,892 [ERROR] LogOutputStream:75 - [STDERR_REDIRECT] 
2025-11-30 16:29:10,899 [ERROR] LogOutputStream:75 - [STDERR_REDIRECT] [Fatal Error] :1:1: Premature end of file.
2025-11-30 16:29:10,900 [ERROR] LogOutputStream:75 - [STDERR_REDIRECT] 
2025-11-30 16:29:11,892 [ERROR] LogOutputStream:75 - [STDERR_REDIRECT] [Fatal Error] :1:1: Premature end of file.
2025-11-30 16:29:11,893 [ERROR] LogOutputStream:75 - [STDERR_REDIRECT] 
2025-11-30 16:29:12,909 [ERROR] LogOutputStream:75 - [STDERR_REDIRECT] [Fatal Error] :1:1: Premature end of file.
2025-11-30 16:29:12,909 [ERROR] LogOutputStream:75 - [STDERR_REDIRECT] 
2025-11-30 16:29:13,903 [ERROR] LogOutputStream:75 - [STDERR_REDIRECT] [Fatal Error] :1:1: Premature end of file.
2025-11-30 16:29:13,903 [ERROR] LogOutputStream:75 - [STDERR_REDIRECT] 
2025-11-30 16:29:14,899 [ERROR] LogOutputStream:75 - [STDERR_REDIRECT] [Fatal Error] :1:1: Premature end of file.
2025-11-30 16:29:14,900 [ERROR] LogOutputStream:75 - [STDERR_REDIRECT] 
2025-11-30 16:29:15,893 [ERROR] LogOutputStream:75 - [STDERR_REDIRECT] [Fatal Error] :1:1: Premature end of file.
2025-11-30 16:29:15,894 [ERROR] LogOutputStream:75 - [STDERR_REDIRECT] 
2025-11-30 16:29:16,908 [ERROR] LogOutputStream:75 - [STDERR_REDIRECT] [Fatal Error] :1:1: Premature end of file.
2025-11-30 16:29:16,908 [ERROR] LogOutputStream:75 - [STDERR_REDIRECT] 
2025-11-30 16:29:17,894 [ERROR] LogOutputStream:75 - [STDERR_REDIRECT] [Fatal Error] :1:1: Premature end of file.
2025-11-30 16:29:17,894 [ERROR] LogOutputStream:75 - [STDERR_REDIRECT] 
2025-11-30 16:29:18,892 [ERROR] LogOutputStream:75 - [STDERR_REDIRECT] [Fatal Error] :1:1: Premature end of file.
2025-11-30 16:29:18,892 [ERROR] LogOutputStream:75 - [STDERR_REDIRECT] 
2025-11-30 16:29:19,907 [ERROR] LogOutputStream:75 - [STDERR_REDIRECT] [Fatal Error] :1:1: Premature end of file.
2025-11-30 16:29:19,908 [ERROR] LogOutputStream:75 - [STDERR_REDIRECT] 
2025-11-30 16:29:20,912 [ERROR] LogOutputStream:75 - [STDERR_REDIRECT] [Fatal Error] :1:1: Premature end of file.
2025-11-30 16:29:20,913 [ERROR] LogOutputStream:75 - [STDERR_REDIRECT] 
2025-11-30 16:29:21,915 [ERROR] LogOutputStream:75 - [STDERR_REDIRECT] [Fatal Error] :1:1: Premature end of file.
2025-11-30 16:29:21,916 [ERROR] LogOutputStream:75 - [STDERR_REDIRECT] 
2025-11-30 16:29:22,897 [ERROR] LogOutputStream:75 - [STDERR_REDIRECT] [Fatal Error] :1:1: Premature end of file.
2025-11-30 16:29:22,897 [ERROR] LogOutputStream:75 - [STDERR_REDIRECT] 
2025-11-30 16:29:23,897 [ERROR] LogOutputStream:75 - [STDERR_REDIRECT] [Fatal Error] :1:1: Premature end of file.
2025-11-30 16:29:23,897 [ERROR] LogOutputStream:75 - [STDERR_REDIRECT] 
2025-11-30 16:29:24,900 [ERROR] LogOutputStream:75 - [STDERR_REDIRECT] [Fatal Error] :1:1: Premature end of file.
2025-11-30 16:29:24,901 [ERROR] LogOutputStream:75 - [STDERR_REDIRECT] 
2025-11-30 16:29:25,905 [ERROR] LogOutputStream:75 - [STDERR_REDIRECT] [Fatal Error] :1:1: Premature end of file.
2025-11-30 16:29:25,905 [ERROR] LogOutputStream:75 - [STDERR_REDIRECT] 
2025-11-30 16:29:26,908 [ERROR] LogOutputStream:75 - [STDERR_REDIRECT] [Fatal Error] :1:1: Premature end of file.
2025-11-30 16:29:26,909 [ERROR] LogOutputStream:75 - [STDERR_REDIRECT] 
2025-11-30 16:29:27,910 [ERROR] LogOutputStream:75 - [STDERR_REDIRECT] [Fatal Error] :1:1: Premature end of file.
2025-11-30 16:29:27,911 [ERROR] LogOutputStream:75 - [STDERR_REDIRECT] 
2025-11-30 16:29:28,910 [ERROR] LogOutputStream:75 - [STDERR_REDIRECT] [Fatal Error] :1:1: Premature end of file.
2025-11-30 16:29:28,911 [ERROR] LogOutputStream:75 - [STDERR_REDIRECT] 
2025-11-30 16:29:29,915 [ERROR] LogOutputStream:75 - [STDERR_REDIRECT] [Fatal Error] :1:1: Premature end of file.
2025-11-30 16:29:29,916 [ERROR] LogOutputStream:75 - [STDERR_REDIRECT] 
2025-11-30 16:29:30,902 [ERROR] LogOutputStream:75 - [STDERR_REDIRECT] [Fatal Error] :1:1: Premature end of file.
2025-11-30 16:29:30,902 [ERROR] LogOutputStream:75 - [STDERR_REDIRECT] 
2025-11-30 16:29:31,919 [ERROR] LogOutputStream:75 - [STDERR_REDIRECT] [Fatal Error] :1:1: Premature end of file.
2025-11-30 16:29:31,920 [ERROR] LogOutputStream:75 - [STDERR_REDIRECT] 
2025-11-30 16:29:32,899 [ERROR] LogOutputStream:75 - [STDERR_REDIRECT] [Fatal Error] :1:1: Premature end of file.
2025-11-30 16:29:32,902 [ERROR] LogOutputStream:75 - [STDERR_REDIRECT] 
2025-11-30 16:29:33,907 [ERROR] LogOutputStream:75 - [STDERR_REDIRECT] [Fatal Error] :1:1: Premature end of file.
2025-11-30 16:29:33,908 [ERROR] LogOutputStream:75 - [STDERR_REDIRECT] 
2025-11-30 16:29:34,914 [ERROR] LogOutputStream:75 - [STDERR_REDIRECT] [Fatal Error] :1:1: Premature end of file.
2025-11-30 16:29:34,915 [ERROR] LogOutputStream:75 - [STDERR_REDIRECT] 
2025-11-30 16:29:35,906 [ERROR] LogOutputStream:75 - [STDERR_REDIRECT] [Fatal Error] :1:1: Premature end of file.
2025-11-30 16:29:35,906 [ERROR] LogOutputStream:75 - [STDERR_REDIRECT] 
2025-11-30 16:29:36,896 [ERROR] LogOutputStream:75 - [STDERR_REDIRECT] [Fatal Error] :1:1: Premature end of file.
2025-11-30 16:29:36,897 [ERROR] LogOutputStream:75 - [STDERR_REDIRECT] 
2025-11-30 16:29:37,895 [ERROR] LogOutputStream:75 - [STDERR_REDIRECT] [Fatal Error] :1:1: Premature end of file.
2025-11-30 16:29:37,896 [ERROR] LogOutputStream:75 - [STDERR_REDIRECT] 
2025-11-30 16:29:38,904 [ERROR] LogOutputStream:75 - [STDERR_REDIRECT] [Fatal Error] :1:1: Premature end of file.
2025-11-30 16:29:38,904 [ERROR] LogOutputStream:75 - [STDERR_REDIRECT] 
2025-11-30 16:29:39,908 [ERROR] LogOutputStream:75 - [STDERR_REDIRECT] [Fatal Error] :1:1: Premature end of file.
2025-11-30 16:29:39,909 [ERROR] LogOutputStream:75 - [STDERR_REDIRECT] 
2025-11-30 16:29:40,903 [ERROR] LogOutputStream:75 - [STDERR_REDIRECT] [Fatal Error] :1:1: Premature end of file.
2025-11-30 16:29:40,904 [ERROR] LogOutputStream:75 - [STDERR_REDIRECT] 
2025-11-30 16:29:41,906 [ERROR] LogOutputStream:75 - [STDERR_REDIRECT] [Fatal Error] :1:1: Premature end of file.
2025-11-30 16:29:41,906 [ERROR] LogOutputStream:75 - [STDERR_REDIRECT] 
2025-11-30 16:29:42,903 [ERROR] LogOutputStream:75 - [STDERR_REDIRECT] [Fatal Error] :1:1: Premature end of file.
2025-11-30 16:29:42,903 [ERROR] LogOutputStream:75 - [STDERR_REDIRECT] 
2025-11-30 16:29:43,908 [ERROR] LogOutputStream:75 - [STDERR_REDIRECT] [Fatal Error] :1:1: Premature end of file.
2025-11-30 16:29:43,909 [ERROR] LogOutputStream:75 - [STDERR_REDIRECT] 
2025-11-30 16:29:44,907 [ERROR] LogOutputStream:75 - [STDERR_REDIRECT] [Fatal Error] :1:1: Premature end of file.
2025-11-30 16:29:44,907 [ERROR] LogOutputStream:75 - [STDERR_REDIRECT] 
2025-11-30 16:29:45,911 [ERROR] LogOutputStream:75 - [STDERR_REDIRECT] [Fatal Error] :1:1: Premature end of file.
2025-11-30 16:29:45,913 [ERROR] LogOutputStream:75 - [STDERR_REDIRECT] 
2025-11-30 16:29:46,902 [ERROR] LogOutputStream:75 - [STDERR_REDIRECT] [Fatal Error] :1:1: Premature end of file.
2025-11-30 16:29:46,902 [ERROR] LogOutputStream:75 - [STDERR_REDIRECT] 
2025-11-30 16:29:47,909 [ERROR] LogOutputStream:75 - [STDERR_REDIRECT] [Fatal Error] :1:1: Premature end of file.
2025-11-30 16:29:47,911 [ERROR] LogOutputStream:75 - [STDERR_REDIRECT] 
2025-11-30 16:29:48,911 [ERROR] LogOutputStream:75 - [STDERR_REDIRECT] [Fatal Error] :1:1: Premature end of file.
2025-11-30 16:29:48,911 [ERROR] LogOutputStream:75 - [STDERR_REDIRECT] 
2025-11-30 16:29:49,824 [ERROR] LogOutputStream:75 - [STDERR_REDIRECT] [Fatal Error] :1:1: Premature end of file.
2025-11-30 16:29:49,824 [ERROR] LogOutputStream:75 - [STDERR_REDIRECT] 
2025-11-30 16:29:50,826 [ERROR] LogOutputStream:75 - [STDERR_REDIRECT] [Fatal Error] :1:1: Premature end of file.
2025-11-30 16:29:50,826 [ERROR] LogOutputStream:75 - [STDERR_REDIRECT] 
2025-11-30 16:29:51,897 [ERROR] LogOutputStream:75 - [STDERR_REDIRECT] [Fatal Error] :1:1: Premature end of file.
2025-11-30 16:29:51,897 [ERROR] LogOutputStream:75 - [STDERR_REDIRECT] 
2025-11-30 16:29:52,911 [ERROR] LogOutputStream:75 - [STDERR_REDIRECT] [Fatal Error] :1:1: Premature end of file.
2025-11-30 16:29:52,911 [ERROR] LogOutputStream:75 - [STDERR_REDIRECT] 
2025-11-30 16:29:53,901 [ERROR] LogOutputStream:75 - [STDERR_REDIRECT] [Fatal Error] :1:1: Premature end of file.
2025-11-30 16:29:53,901 [ERROR] LogOutputStream:75 - [STDERR_REDIRECT] 
2025-11-30 16:29:54,907 [ERROR] LogOutputStream:75 - [STDERR_REDIRECT] [Fatal Error] :1:1: Premature end of file.
2025-11-30 16:29:54,908 [ERROR] LogOutputStream:75 - [STDERR_REDIRECT] 
2025-11-30 16:29:55,902 [ERROR] LogOutputStream:75 - [STDERR_REDIRECT] [Fatal Error] :1:1: Premature end of file.
2025-11-30 16:29:55,902 [ERROR] LogOutputStream:75 - [STDERR_REDIRECT] 
2025-11-30 16:29:56,909 [ERROR] LogOutputStream:75 - [STDERR_REDIRECT] [Fatal Error] :1:1: Premature end of file.
2025-11-30 16:29:56,910 [ERROR] LogOutputStream:75 - [STDERR_REDIRECT] 
2025-11-30 16:29:57,905 [ERROR] LogOutputStream:75 - [STDERR_REDIRECT] [Fatal Error] :1:1: Premature end of file.
2025-11-30 16:29:57,905 [ERROR] LogOutputStream:75 - [STDERR_REDIRECT] 
2025-11-30 16:29:58,903 [ERROR] LogOutputStream:75 - [STDERR_REDIRECT] [Fatal Error] :1:1: Premature end of file.
2025-11-30 16:29:58,903 [ERROR] LogOutputStream:75 - [STDERR_REDIRECT] 
2025-11-30 16:29:59,909 [ERROR] LogOutputStream:75 - [STDERR_REDIRECT] [Fatal Error] :1:1: Premature end of file.
2025-11-30 16:29:59,909 [ERROR] LogOutputStream:75 - [STDERR_REDIRECT] 
2025-11-30 16:30:00,901 [ERROR] LogOutputStream:75 - [STDERR_REDIRECT] [Fatal Error] :1:1: Premature end of file.
2025-11-30 16:30:00,901 [ERROR] LogOutputStream:75 - [STDERR_REDIRECT] 
2025-11-30 16:30:01,896 [ERROR] LogOutputStream:75 - [STDERR_REDIRECT] [Fatal Error] :1:1: Premature end of file.
2025-11-30 16:30:01,896 [ERROR] LogOutputStream:75 - [STDERR_REDIRECT] 
2025-11-30 16:30:02,898 [ERROR] LogOutputStream:75 - [STDERR_REDIRECT] [Fatal Error] :1:1: Premature end of file.
2025-11-30 16:30:02,900 [ERROR] LogOutputStream:75 - [STDERR_REDIRECT] 
2025-11-30 16:30:03,852 [ERROR] LogOutputStream:75 - [STDERR_REDIRECT] [Fatal Error] :1:1: Premature end of file.
2025-11-30 16:30:03,853 [ERROR] LogOutputStream:75 - [STDERR_REDIRECT] 
2025-11-30 16:30:04,838 [ERROR] LogOutputStream:75 - [STDERR_REDIRECT] [Fatal Error] :1:1: Premature end of file.
2025-11-30 16:30:04,838 [ERROR] LogOutputStream:75 - [STDERR_REDIRECT] 
2025-11-30 16:30:05,826 [ERROR] LogOutputStream:75 - [STDERR_REDIRECT] [Fatal Error] :1:1: Premature end of file.
2025-11-30 16:30:05,826 [ERROR] LogOutputStream:75 - [STDERR_REDIRECT] 
2025-11-30 16:30:06,906 [ERROR] LogOutputStream:75 - [STDERR_REDIRECT] [Fatal Error] :1:1: Premature end of file.
2025-11-30 16:30:06,908 [ERROR] LogOutputStream:75 - [STDERR_REDIRECT] 
2025-11-30 16:30:07,878 [INFO] MainUpdater:2872 - connection check result : 10
2025-11-30 16:30:07,878 [INFO] MainUpdater:2872 - connection check result : 10
2025-11-30 16:30:07,890 [ERROR] LogOutputStream:75 - [STDERR_REDIRECT] [Fatal Error] :1:1: Premature end of file.
2025-11-30 16:30:07,892 [ERROR] LogOutputStream:75 - [STDERR_REDIRECT] 
2025-11-30 16:30:07,913 [INFO] MicroXplorer:468 - Change Database Path : 
2025-11-30 16:30:07,914 [INFO] MicroXplorer:498 - Change Database Version : DB.6.0.150
2025-11-30 16:30:07,927 [WARN] ThirdParty:871 - waiting for thirdparty lock release [close project]
2025-11-30 16:30:07,928 [INFO] ThirdParty:873 - entering critical section [close project]
2025-11-30 16:30:07,931 [INFO] ThirdParty:883 - exiting critical section [close project]
2025-11-30 16:30:07,941 [INFO] PinOutPanel:1589 - setPackage(No Configuration,No Configuration)
2025-11-30 16:30:07,945 [INFO] UtilMem:75 - Begin LoadConfig() Used Memory: 790236600 Bytes (1073741824)
2025-11-30 16:30:07,950 [INFO] MicroXplorer:468 - Change Database Path : 
2025-11-30 16:30:07,952 [INFO] MicroXplorer:498 - Change Database Version : DB.6.0.150
2025-11-30 16:30:07,953 [INFO] OpenFileManager:355 - Change cursor
2025-11-30 16:30:08,190 [INFO] Mcu:2029 - Initializing MCU STM32G474QETx STM32G474QETx STM32G474QET6
2025-11-30 16:30:08,852 [ERROR] LogOutputStream:75 - [STDERR_REDIRECT] [Fatal Error] :1:1: Premature end of file.
2025-11-30 16:30:08,852 [ERROR] LogOutputStream:75 - [STDERR_REDIRECT] 
2025-11-30 16:30:09,843 [ERROR] LogOutputStream:75 - [STDERR_REDIRECT] [Fatal Error] :1:1: Premature end of file.
2025-11-30 16:30:09,845 [ERROR] LogOutputStream:75 - [STDERR_REDIRECT] 
2025-11-30 16:30:10,835 [ERROR] LogOutputStream:75 - [STDERR_REDIRECT] [Fatal Error] :1:1: Premature end of file.
2025-11-30 16:30:10,835 [ERROR] LogOutputStream:75 - [STDERR_REDIRECT] 
2025-11-30 16:30:11,825 [ERROR] LogOutputStream:75 - [STDERR_REDIRECT] [Fatal Error] :1:1: Premature end of file.
2025-11-30 16:30:11,826 [ERROR] LogOutputStream:75 - [STDERR_REDIRECT] 
2025-11-30 16:30:12,842 [ERROR] LogOutputStream:75 - [STDERR_REDIRECT] [Fatal Error] :1:1: Premature end of file.
2025-11-30 16:30:12,843 [ERROR] LogOutputStream:75 - [STDERR_REDIRECT] 
2025-11-30 16:30:13,828 [ERROR] LogOutputStream:75 - [STDERR_REDIRECT] [Fatal Error] :1:1: Premature end of file.
2025-11-30 16:30:13,828 [ERROR] LogOutputStream:75 - [STDERR_REDIRECT] 
2025-11-30 16:30:14,830 [ERROR] LogOutputStream:75 - [STDERR_REDIRECT] [Fatal Error] :1:1: Premature end of file.
2025-11-30 16:30:14,830 [ERROR] LogOutputStream:75 - [STDERR_REDIRECT] 
2025-11-30 16:30:15,143 [INFO] Context:786 - Trying to add GPIOservice into a context  which must be forbidden
2025-11-30 16:30:15,839 [ERROR] LogOutputStream:75 - [STDERR_REDIRECT] [Fatal Error] :1:1: Premature end of file.
2025-11-30 16:30:15,839 [ERROR] LogOutputStream:75 - [STDERR_REDIRECT] 
2025-11-30 16:30:16,884 [ERROR] LogOutputStream:75 - [STDERR_REDIRECT] [Fatal Error] :1:1: Premature end of file.
2025-11-30 16:30:16,884 [ERROR] LogOutputStream:75 - [STDERR_REDIRECT] 
2025-11-30 16:30:17,477 [INFO] ImportTextPane:234 - (OptionalMessage_ERROR) Unable to find key (Mcu.ThirdPartyNb) in loaded IOC file
2025-11-30 16:30:17,478 [INFO] ImportTextPane:234 - (OptionalMessage_ERROR) Unable to find key (Mcu.PinsNb) in loaded IOC file
2025-11-30 16:30:17,479 [INFO] ImportTextPane:234 - (OptionalMessage_ERROR) Pin0 (VP_RIF_VS_RIF1) cannot be retrieved for this MCU
2025-11-30 16:30:17,479 [INFO] ImportTextPane:234 - (OptionalMessage_ERROR) Unable to find key (Mcu.IPNb) in loaded IOC file
2025-11-30 16:30:17,636 [INFO] RtosManager:558 - Registered RTOS mode: class=CMSIS, group=RTOS, mode=CMSIS_V1, owner=FREERTOS
2025-11-30 16:30:17,636 [INFO] RtosManager:558 - Registered RTOS mode: class=CMSIS, group=RTOS2, mode=CMSIS_V2, owner=FREERTOS
2025-11-30 16:30:17,637 [INFO] RtosManager:558 - Registered RTOS mode: class=RTOS, group=Core, mode=CMSIS_V1, owner=FREERTOS
2025-11-30 16:30:17,637 [INFO] RtosManager:558 - Registered RTOS mode: class=RTOS, group=Core, mode=CMSIS_V2, owner=FREERTOS
2025-11-30 16:30:17,637 [WARN] ModelIntegratedComponent:184 - Missing modes for component STMicroelectronics:FreeRTOS:0.0.1:STMicroelectronics:RTOS:FreeRTOS:Core:::10.2.0:
2025-11-30 16:30:17,648 [WARN] ModelIntegratedComponent:63 - No mode defined for component null
2025-11-30 16:30:17,648 [WARN] ModelIntegratedComponent:63 - No mode defined for component null
2025-11-30 16:30:17,649 [WARN] ModelIntegratedComponent:63 - No mode defined for component null
2025-11-30 16:30:17,649 [WARN] ModelIntegratedComponent:63 - No mode defined for component null
2025-11-30 16:30:17,649 [WARN] ModelIntegratedComponent:63 - No mode defined for component null
2025-11-30 16:30:17,649 [WARN] ModelIntegratedComponent:63 - No mode defined for component null
2025-11-30 16:30:17,649 [WARN] ModelIntegratedComponent:63 - No mode defined for component null
2025-11-30 16:30:17,649 [WARN] ModelIntegratedComponent:63 - No mode defined for component null
2025-11-30 16:30:17,649 [WARN] ModelIntegratedComponent:63 - No mode defined for component null
2025-11-30 16:30:17,649 [WARN] ModelIntegratedComponent:63 - No mode defined for component null
2025-11-30 16:30:17,649 [WARN] ModelIntegratedComponent:63 - No mode defined for component null
2025-11-30 16:30:17,649 [WARN] ModelIntegratedComponent:63 - No mode defined for component null
2025-11-30 16:30:17,649 [WARN] ModelIntegratedComponent:63 - No mode defined for component null
2025-11-30 16:30:17,649 [WARN] ModelIntegratedComponent:63 - No mode defined for component null
2025-11-30 16:30:17,649 [WARN] ModelIntegratedComponent:63 - No mode defined for component null
2025-11-30 16:30:17,650 [WARN] ModelIntegratedComponent:63 - No mode defined for component null
2025-11-30 16:30:17,650 [WARN] ModelIntegratedComponent:63 - No mode defined for component null
2025-11-30 16:30:17,650 [WARN] ModelIntegratedComponent:63 - No mode defined for component null
2025-11-30 16:30:17,650 [WARN] ModelIntegratedComponent:63 - No mode defined for component null
2025-11-30 16:30:17,650 [WARN] ModelIntegratedComponent:63 - No mode defined for component null
2025-11-30 16:30:17,650 [WARN] ModelIntegratedComponent:63 - No mode defined for component null
2025-11-30 16:30:17,650 [WARN] ModelIntegratedComponent:63 - No mode defined for component null
2025-11-30 16:30:17,650 [WARN] ModelIntegratedComponent:63 - No mode defined for component null
2025-11-30 16:30:17,650 [WARN] ModelIntegratedComponent:63 - No mode defined for component null
2025-11-30 16:30:17,650 [WARN] ModelIntegratedComponent:63 - No mode defined for component null
2025-11-30 16:30:17,650 [WARN] ModelIntegratedComponent:63 - No mode defined for component null
2025-11-30 16:30:17,650 [WARN] ModelIntegratedComponent:63 - No mode defined for component null
2025-11-30 16:30:17,650 [WARN] ModelIntegratedComponent:63 - No mode defined for component null
2025-11-30 16:30:17,650 [WARN] ModelIntegratedComponent:63 - No mode defined for component null
2025-11-30 16:30:17,650 [WARN] ModelIntegratedComponent:63 - No mode defined for component null
2025-11-30 16:30:17,650 [WARN] ModelIntegratedComponent:63 - No mode defined for component null
2025-11-30 16:30:17,650 [WARN] ModelIntegratedComponent:63 - No mode defined for component null
2025-11-30 16:30:17,651 [WARN] ModelIntegratedComponent:63 - No mode defined for component null
2025-11-30 16:30:17,651 [WARN] ModelIntegratedComponent:63 - No mode defined for component null
2025-11-30 16:30:17,651 [WARN] ModelIntegratedComponent:63 - No mode defined for component null
2025-11-30 16:30:17,651 [WARN] ModelPack:524 - Component already loaded: STMicroelectronics:HAL Drivers:0.0.0:STMicroelectronics:Device:STMicro_Driver:XSPI:HAL::0.0.1:HAL_XSPI
2025-11-30 16:30:17,836 [ERROR] LogOutputStream:75 - [STDERR_REDIRECT] [Fatal Error] :1:1: Premature end of file.
2025-11-30 16:30:17,836 [ERROR] LogOutputStream:75 - [STDERR_REDIRECT] 
2025-11-30 16:30:17,919 [INFO] ThirdPartyModel:298 - Start build external matchings
2025-11-30 16:30:18,830 [ERROR] LogOutputStream:75 - [STDERR_REDIRECT] [Fatal Error] :1:1: Premature end of file.
2025-11-30 16:30:18,830 [ERROR] LogOutputStream:75 - [STDERR_REDIRECT] 
2025-11-30 16:30:19,138 [INFO] ThirdPartyModel:316 - End build external matchings
2025-11-30 16:30:19,834 [ERROR] LogOutputStream:75 - [STDERR_REDIRECT] [Fatal Error] :1:1: Premature end of file.
2025-11-30 16:30:19,835 [ERROR] LogOutputStream:75 - [STDERR_REDIRECT] 
2025-11-30 16:30:19,857 [INFO] UtilMem:75 - End LoadConfig() Used Memory: 734266720 Bytes (1073741824)
2025-11-30 16:30:19,895 [WARN] ThirdParty:833 - waiting for thirdparty lock release [change project]
2025-11-30 16:30:19,895 [INFO] ThirdParty:835 - entering critical section [change project]
2025-11-30 16:30:19,896 [INFO] ThirdParty:1030 - CMSIS Pack Vendor :STMicroelectronics X-CUBE-PM33A1 1.0.0
2025-11-30 16:30:19,896 [INFO] ThirdParty:1030 - CMSIS Pack Vendor :STMicroelectronics USBPD 4.1
2025-11-30 16:30:19,896 [INFO] ThirdParty:1030 - CMSIS Pack Vendor :STMicroelectronics USB_HOST 2.0.0
2025-11-30 16:30:19,896 [INFO] ThirdParty:1030 - CMSIS Pack Vendor :STMicroelectronics FP-SNS-MOTENVWB1 1.4.0
2025-11-30 16:30:19,896 [INFO] ThirdParty:1030 - CMSIS Pack Vendor :STMicroelectronics X-CUBE-AZRTOS-F4 1.1.0
2025-11-30 16:30:19,896 [INFO] ThirdParty:1030 - CMSIS Pack Vendor :STMicroelectronics LIBJPEG 8.0.0
2025-11-30 16:30:19,897 [INFO] ThirdParty:1030 - CMSIS Pack Vendor :STMicroelectronics FP-ATR-ASTRA1 2.0.2
2025-11-30 16:30:19,897 [INFO] ThirdParty:1030 - CMSIS Pack Vendor :Avnet-IotConnect X-CUBE-IoTC-DA16k-PMOD 1.0.0
2025-11-30 16:30:19,897 [INFO] ThirdParty:1030 - CMSIS Pack Vendor :STMicroelectronics X-CUBE-SMBUS 2.1.0
2025-11-30 16:30:19,897 [INFO] ThirdParty:1030 - CMSIS Pack Vendor :STMicroelectronics X-CUBE-ISPU 2.1.0
2025-11-30 16:30:19,898 [INFO] ThirdParty:1030 - CMSIS Pack Vendor :STMicroelectronics X-CUBE-IPS 3.2.0
2025-11-30 16:30:19,898 [INFO] ThirdParty:1030 - CMSIS Pack Vendor :STMicroelectronics X-CUBE-ST60 1.0.0
2025-11-30 16:30:19,899 [INFO] ThirdParty:1030 - CMSIS Pack Vendor :STMicroelectronics X-CUBE-NFC12 1.0.0
2025-11-30 16:30:19,899 [INFO] ThirdParty:1030 - CMSIS Pack Vendor :STMicroelectronics X-CUBE-AZRTOS-F7 1.1.0
2025-11-30 16:30:19,899 [INFO] ThirdParty:1030 - CMSIS Pack Vendor :STMicroelectronics X-CUBE-AZRTOS-L5 2.0.0
2025-11-30 16:30:19,899 [INFO] ThirdParty:1030 - CMSIS Pack Vendor :STMicroelectronics USB_DEVICE 2.0.0
2025-11-30 16:30:19,899 [INFO] ThirdParty:1030 - CMSIS Pack Vendor :STMicroelectronics X-CUBE-NFC6 3.1.0
2025-11-30 16:30:19,899 [INFO] ThirdParty:1030 - CMSIS Pack Vendor :STMicroelectronics FP-SNS-MOTENV1 5.1.0
2025-11-30 16:30:19,899 [INFO] ThirdParty:1030 - CMSIS Pack Vendor :STMicroelectronics FreeRTOS 0.0.1
2025-11-30 16:30:19,899 [INFO] ThirdParty:1030 - CMSIS Pack Vendor :Infineon AIROC-Wi-Fi-Bluetooth-STM32 1.7.1
2025-11-30 16:30:19,899 [INFO] ThirdParty:1030 - CMSIS Pack Vendor :STMicroelectronics PDM2PCM 3.3.0
2025-11-30 16:30:19,899 [INFO] ThirdParty:1030 - CMSIS Pack Vendor :STMicroelectronics X-CUBE-AZRTOS-H7 3.4.0
2025-11-30 16:30:19,899 [INFO] ThirdParty:1030 - CMSIS Pack Vendor :STMicroelectronics X-CUBE-DISPLAY 3.0.0
2025-11-30 16:30:19,899 [INFO] ThirdParty:1030 - CMSIS Pack Vendor :STMicroelectronics X-CUBE-NFC10 1.0.0
2025-11-30 16:30:19,899 [INFO] ThirdParty:1030 - CMSIS Pack Vendor :STMicroelectronics X-CUBE-BLEMGR 4.0.0
2025-11-30 16:30:19,899 [INFO] ThirdParty:1030 - CMSIS Pack Vendor :STMicroelectronics X-CUBE-FREERTOS 1.3.1
2025-11-30 16:30:19,901 [INFO] ThirdParty:1030 - CMSIS Pack Vendor :STMicroelectronics HAL Drivers 0.0.0
2025-11-30 16:30:19,901 [INFO] ThirdParty:1030 - CMSIS Pack Vendor :STMicroelectronics X-CUBE-ST60 1.1.0
2025-11-30 16:30:19,901 [INFO] ThirdParty:1030 - CMSIS Pack Vendor :emotas I-CUBE-CANOPEN 1.3.0
2025-11-30 16:30:19,901 [INFO] ThirdParty:1030 - CMSIS Pack Vendor :STMicroelectronics MBEDTLS 2.14.1
2025-11-30 16:30:19,901 [INFO] ThirdParty:1030 - CMSIS Pack Vendor :STMicroelectronics X-CUBE-GNSS1 7.1.0
2025-11-30 16:30:19,901 [INFO] ThirdParty:1030 - CMSIS Pack Vendor :STMicroelectronics X-CUBE-TOUCHGFX 4.26.0
2025-11-30 16:30:19,901 [INFO] ThirdParty:1030 - CMSIS Pack Vendor :quantropi X-CUBE-qispace-sdk-base 2.0.0
2025-11-30 16:30:19,901 [INFO] ThirdParty:1030 - CMSIS Pack Vendor :STMicroelectronics FP-SNS-STBOX1 2.1.0
2025-11-30 16:30:19,901 [INFO] ThirdParty:1030 - CMSIS Pack Vendor :STMicroelectronics FP-SNS-STAIOTCFT 1.0.0
2025-11-30 16:30:19,901 [INFO] ThirdParty:1030 - CMSIS Pack Vendor :STMicroelectronics FP-SNS-SMARTAG2 1.2.0
2025-11-30 16:30:19,901 [INFO] ThirdParty:1030 - CMSIS Pack Vendor :STMicroelectronics FP-SNS-FLIGHT1 5.1.0
2025-11-30 16:30:19,901 [INFO] ThirdParty:1030 - CMSIS Pack Vendor :STMicroelectronics X-CUBE-AZRTOS-WL 2.0.0
2025-11-30 16:30:19,902 [INFO] ThirdParty:1030 - CMSIS Pack Vendor :STMicroelectronics X-CUBE-DPower 1.3.0
2025-11-30 16:30:19,902 [INFO] ThirdParty:1030 - CMSIS Pack Vendor :STMicroelectronics FP-SNS-MOTENV1 5.0.0
2025-11-30 16:30:19,902 [INFO] ThirdParty:1030 - CMSIS Pack Vendor :STMicroelectronics USB_DEVICE 1.0.0
2025-11-30 16:30:19,902 [INFO] ThirdParty:1030 - CMSIS Pack Vendor :STMicroelectronics X-CUBE-AZRTOS-H7RS 1.2.0
2025-11-30 16:30:19,902 [INFO] ThirdParty:1030 - CMSIS Pack Vendor :STMicroelectronics X-CUBE-AZRTOS-L4 2.0.0
2025-11-30 16:30:19,903 [INFO] ThirdParty:1030 - CMSIS Pack Vendor :STMicroelectronics ThreadX 0.0.2
2025-11-30 16:30:19,903 [INFO] ThirdParty:1030 - CMSIS Pack Vendor :WES I-CUBE-Cesium 1.3.0
2025-11-30 16:30:19,903 [INFO] ThirdParty:1030 - CMSIS Pack Vendor :STMicroelectronics lwIP 2.1.2
2025-11-30 16:30:19,903 [INFO] ThirdParty:1030 - CMSIS Pack Vendor :STMicroelectronics X-CUBE-SFXS2LP1 4.0.0
2025-11-30 16:30:19,903 [INFO] ThirdParty:1030 - CMSIS Pack Vendor :STMicroelectronics X-CUBE-BLE2 3.3.0
2025-11-30 16:30:19,903 [INFO] ThirdParty:1030 - CMSIS Pack Vendor :Avnet-IOTCONNECT X-CUBE-iotc-st67-sdk 1.0.0
2025-11-30 16:30:19,903 [INFO] ThirdParty:1030 - CMSIS Pack Vendor :STMicroelectronics PDM2PCM 3.2.0
2025-11-30 16:30:19,903 [INFO] ThirdParty:1030 - CMSIS Pack Vendor :STMicroelectronics X-CUBE-NFC9 1.0.0
2025-11-30 16:30:19,903 [INFO] ThirdParty:1030 - CMSIS Pack Vendor :wolfSSL I-CUBE-wolfSSL 5.8.0
2025-11-30 16:30:19,903 [INFO] ThirdParty:1030 - CMSIS Pack Vendor :STMicroelectronics X-CUBE-BLE1 7.1.0
2025-11-30 16:30:19,903 [INFO] ThirdParty:1030 - CMSIS Pack Vendor :wolfSSL I-CUBE-wolfMQTT 1.19.2
2025-11-30 16:30:19,903 [INFO] ThirdParty:1030 - CMSIS Pack Vendor :STMicroelectronics USB_DEVICE 3.0.0
2025-11-30 16:30:19,904 [INFO] ThirdParty:1030 - CMSIS Pack Vendor :STMicroelectronics X-CUBE-FREERTOS 1.4.0
2025-11-30 16:30:19,904 [INFO] ThirdParty:1030 - CMSIS Pack Vendor :STMicroelectronics X-CUBE-EEPRMA1 5.2.0
2025-11-30 16:30:19,904 [INFO] ThirdParty:1030 - CMSIS Pack Vendor :STMicroelectronics X-CUBE-BLEMGR 4.1.0
2025-11-30 16:30:19,904 [INFO] ThirdParty:1030 - CMSIS Pack Vendor :STMicroelectronics X-CUBE-AZRTOS-WB 2.0.0
2025-11-30 16:30:19,904 [INFO] ThirdParty:1030 - CMSIS Pack Vendor :STMicroelectronics X-CUBE-GNSS1 7.0.1
2025-11-30 16:30:19,904 [INFO] ThirdParty:1030 - CMSIS Pack Vendor :STMicroelectronics X-CUBE-TOUCHGFX 4.25.0
2025-11-30 16:30:19,904 [INFO] ThirdParty:1030 - CMSIS Pack Vendor :STMicroelectronics X-CUBE-ST67W61 1.1.0
2025-11-30 16:30:19,904 [INFO] ThirdParty:1030 - CMSIS Pack Vendor :STMicroelectronics X-CUBE-AI 10.1.0
2025-11-30 16:30:19,904 [INFO] ThirdParty:1030 - CMSIS Pack Vendor :STMicroelectronics FP-SNS-STBOX1 2.0.0
2025-11-30 16:30:19,904 [INFO] ThirdParty:1030 - CMSIS Pack Vendor :STMicroelectronics X-CUBE-MEMS1 12.0.0
2025-11-30 16:30:19,904 [INFO] ThirdParty:1030 - CMSIS Pack Vendor :STMicroelectronics X-CUBE-AZRTOS-G0 1.1.0
2025-11-30 16:30:19,905 [INFO] ThirdParty:1030 - CMSIS Pack Vendor :STMicroelectronics X-CUBE-SAFEA1 1.2.2
2025-11-30 16:30:19,905 [INFO] ThirdParty:1030 - CMSIS Pack Vendor :STMicroelectronics X-CUBE-NFC4 3.0.0
2025-11-30 16:30:19,905 [INFO] ThirdParty:1030 - CMSIS Pack Vendor :STMicroelectronics X-CUBE-SUBG2 5.0.0
2025-11-30 16:30:19,905 [INFO] ThirdParty:1030 - CMSIS Pack Vendor :STMicroelectronics X-CUBE-AZRTOS-H7RS 1.1.0
2025-11-30 16:30:19,905 [INFO] ThirdParty:1030 - CMSIS Pack Vendor :STMicroelectronics STM32_WPAN 1.0.0
2025-11-30 16:30:19,905 [INFO] ThirdParty:1030 - CMSIS Pack Vendor :EmbeddedOffice I-CUBE-FS-RTOS 1.0.1
2025-11-30 16:30:19,905 [INFO] ThirdParty:1030 - CMSIS Pack Vendor :STMicroelectronics lwIP 2.0.3
2025-11-30 16:30:19,905 [INFO] ThirdParty:1030 - CMSIS Pack Vendor :Cesanta I-CUBE-Mongoose 7.13.0
2025-11-30 16:30:19,905 [INFO] ThirdParty:1030 - CMSIS Pack Vendor :STMicroelectronics USB_HOST 1.0.0
2025-11-30 16:30:19,905 [INFO] ThirdParty:1030 - CMSIS Pack Vendor :STMicroelectronics X-CUBE-AZRTOS-G4 2.0.0
2025-11-30 16:30:19,905 [INFO] ThirdParty:1030 - CMSIS Pack Vendor :STMicroelectronics X-CUBE-WB05N 2.0.0
2025-11-30 16:30:19,906 [INFO] ThirdParty:1030 - CMSIS Pack Vendor :STMicroelectronics PDM2PCM 3.1.0
2025-11-30 16:30:19,906 [INFO] ThirdParty:1030 - CMSIS Pack Vendor :wolfSSL I-CUBE-wolfTPM 3.8.0
2025-11-30 16:30:19,906 [INFO] ThirdParty:1030 - CMSIS Pack Vendor :wolfSSL I-CUBE-wolfSSH 1.4.20
2025-11-30 16:30:19,906 [INFO] ThirdParty:1030 - CMSIS Pack Vendor :STMicroelectronics X-CUBE-NFC7 2.0.0
2025-11-30 16:30:19,906 [INFO] ThirdParty:1030 - CMSIS Pack Vendor :STMicroelectronics X-CUBE-TCPP 4.2.0
2025-11-30 16:30:19,906 [INFO] ThirdParty:1030 - CMSIS Pack Vendor :RealThread X-CUBE-RT-Thread_Nano 4.1.1
2025-11-30 16:30:19,906 [INFO] ThirdParty:1030 - CMSIS Pack Vendor :STMicroelectronics FP-ATR-SIGFOX1 3.2.0
2025-11-30 16:30:19,907 [INFO] ThirdParty:1030 - CMSIS Pack Vendor :STMicroelectronics X-CUBE-EEPRMA1 5.1.0
2025-11-30 16:30:19,907 [INFO] ThirdParty:1030 - CMSIS Pack Vendor :STMicroelectronics MBEDTLS 2.16.2
2025-11-30 16:30:19,907 [INFO] ThirdParty:1030 - CMSIS Pack Vendor :STMicroelectronics X-CUBE-IPS 3.1.0
2025-11-30 16:30:19,907 [INFO] ThirdParty:1030 - CMSIS Pack Vendor :STMicroelectronics X-CUBE-ALS 1.0.2
2025-11-30 16:30:19,907 [INFO] ThirdParty:1030 - CMSIS Pack Vendor :ITTIA_DB I-CUBE-ITTIADB 8.9.0
2025-11-30 16:30:19,907 [INFO] ThirdParty:1030 - CMSIS Pack Vendor :STMicroelectronics X-CUBE-STSE01 1.0.0
2025-11-30 16:30:19,907 [INFO] ThirdParty:1030 - CMSIS Pack Vendor :portGmbH I-Cube-SoM-uGOAL 1.1.0
2025-11-30 16:30:19,907 [INFO] ThirdParty:1030 - CMSIS Pack Vendor :STMicroelectronics X-CUBE-ST67W61 1.0.0
2025-11-30 16:30:19,907 [INFO] ThirdParty:1030 - CMSIS Pack Vendor :STMicroelectronics X-CUBE-AI 10.2.0
2025-11-30 16:30:19,908 [INFO] ThirdParty:1030 - CMSIS Pack Vendor :STMicroelectronics ThreadX 1.0.0
2025-11-30 16:30:19,908 [INFO] ThirdParty:1030 - CMSIS Pack Vendor :SEGGER I-CUBE-embOS 1.3.1
2025-11-30 16:30:19,908 [INFO] ThirdParty:1030 - CMSIS Pack Vendor :STMicroelectronics X-CUBE-ALGOBUILD 1.4.0
2025-11-30 16:30:19,908 [INFO] ThirdParty:1030 - CMSIS Pack Vendor :STMicroelectronics X-CUBE-MEMS1 11.3.0
2025-11-30 16:30:19,908 [INFO] ThirdParty:1030 - CMSIS Pack Vendor :STMicroelectronics X-CUBE-TOF1 3.4.3
2025-11-30 16:30:19,908 [INFO] ThirdParty:841 - exiting critical section [change project]
2025-11-30 16:30:20,818 [INFO] PinOutPanel:1589 - setPackage(No Configuration,No Configuration)
2025-11-30 16:30:20,819 [INFO] PinOutPanel:1589 - setPackage(STM32G474QETx,LQFP128)
2025-11-30 16:30:20,843 [ERROR] LogOutputStream:75 - [STDERR_REDIRECT] [Fatal Error] :1:1: Premature end of file.
2025-11-30 16:30:20,843 [ERROR] LogOutputStream:75 - [STDERR_REDIRECT] 
2025-11-30 16:30:21,536 [INFO] UtilMem:75 - Before build in PCC Used Memory: 741400736 Bytes (1073741824)
2025-11-30 16:30:21,860 [ERROR] LogOutputStream:75 - [STDERR_REDIRECT] [Fatal Error] :1:1: Premature end of file.
2025-11-30 16:30:21,860 [ERROR] LogOutputStream:75 - [STDERR_REDIRECT] 
2025-11-30 16:30:22,696 [INFO] UtilMem:75 - After build in PCC Used Memory: 878239816 Bytes (1073741824)
2025-11-30 16:30:22,745 [INFO] IPUIPlugin:80 - create IPUIPlugin
2025-11-30 16:30:22,745 [INFO] IPUIPlugin:80 - create IPUIPlugin
2025-11-30 16:30:22,745 [INFO] IPUIPlugin:80 - create IPUIPlugin
2025-11-30 16:30:22,745 [INFO] IPUIPlugin:80 - create IPUIPlugin
2025-11-30 16:30:22,745 [INFO] IPUIPlugin:80 - create IPUIPlugin
2025-11-30 16:30:22,745 [INFO] IPUIPlugin:80 - create IPUIPlugin
2025-11-30 16:30:22,746 [INFO] IPUIPlugin:80 - create IPUIPlugin
2025-11-30 16:30:22,746 [INFO] IPUIPlugin:80 - create IPUIPlugin
2025-11-30 16:30:22,746 [INFO] IPUIPlugin:80 - create IPUIPlugin
2025-11-30 16:30:22,746 [INFO] IPUIPlugin:80 - create IPUIPlugin
2025-11-30 16:30:22,746 [INFO] IPUIPlugin:80 - create IPUIPlugin
2025-11-30 16:30:22,746 [INFO] IPUIPlugin:80 - create IPUIPlugin
2025-11-30 16:30:22,746 [INFO] IPUIPlugin:80 - create IPUIPlugin
2025-11-30 16:30:22,746 [INFO] IPUIPlugin:80 - create IPUIPlugin
2025-11-30 16:30:22,746 [INFO] IPUIPlugin:80 - create IPUIPlugin
2025-11-30 16:30:22,747 [INFO] IPUIPlugin:80 - create IPUIPlugin
2025-11-30 16:30:22,747 [INFO] IPUIPlugin:80 - create IPUIPlugin
2025-11-30 16:30:22,747 [INFO] IPUIPlugin:80 - create IPUIPlugin
2025-11-30 16:30:22,747 [INFO] IPUIPlugin:80 - create IPUIPlugin
2025-11-30 16:30:22,747 [INFO] IPUIPlugin:80 - create IPUIPlugin
2025-11-30 16:30:22,747 [INFO] IPUIPlugin:80 - create IPUIPlugin
2025-11-30 16:30:22,748 [INFO] IPUIPlugin:80 - create IPUIPlugin
2025-11-30 16:30:22,748 [INFO] IPUIPlugin:80 - create IPUIPlugin
2025-11-30 16:30:22,748 [INFO] IPUIPlugin:80 - create IPUIPlugin
2025-11-30 16:30:22,748 [INFO] IPUIPlugin:80 - create IPUIPlugin
2025-11-30 16:30:22,748 [INFO] IPUIPlugin:80 - create IPUIPlugin
2025-11-30 16:30:22,749 [INFO] IPUIPlugin:80 - create IPUIPlugin
2025-11-30 16:30:22,749 [INFO] IPUIPlugin:80 - create IPUIPlugin
2025-11-30 16:30:22,749 [INFO] IPUIPlugin:80 - create IPUIPlugin
2025-11-30 16:30:22,750 [INFO] IPUIPlugin:80 - create IPUIPlugin
2025-11-30 16:30:22,750 [INFO] IPUIPlugin:80 - create IPUIPlugin
2025-11-30 16:30:22,750 [INFO] IPUIPlugin:80 - create IPUIPlugin
2025-11-30 16:30:22,750 [INFO] IPUIPlugin:80 - create IPUIPlugin
2025-11-30 16:30:22,750 [INFO] IPUIPlugin:80 - create IPUIPlugin
2025-11-30 16:30:22,750 [INFO] IPUIPlugin:80 - create IPUIPlugin
2025-11-30 16:30:22,750 [INFO] IPUIPlugin:80 - create IPUIPlugin
2025-11-30 16:30:22,752 [INFO] IPUIPlugin:80 - create IPUIPlugin
2025-11-30 16:30:22,752 [INFO] IPUIPlugin:80 - create IPUIPlugin
2025-11-30 16:30:22,752 [INFO] IPUIPlugin:80 - create IPUIPlugin
2025-11-30 16:30:22,752 [INFO] IPUIPlugin:80 - create IPUIPlugin
2025-11-30 16:30:22,753 [INFO] IPUIPlugin:80 - create IPUIPlugin
2025-11-30 16:30:22,753 [INFO] IPUIPlugin:80 - create IPUIPlugin
2025-11-30 16:30:22,753 [INFO] IPUIPlugin:80 - create IPUIPlugin
2025-11-30 16:30:22,753 [INFO] IPUIPlugin:80 - create IPUIPlugin
2025-11-30 16:30:22,753 [INFO] IPUIPlugin:80 - create IPUIPlugin
2025-11-30 16:30:22,753 [INFO] IPUIPlugin:80 - create IPUIPlugin
2025-11-30 16:30:22,754 [INFO] IPUIPlugin:80 - create IPUIPlugin
2025-11-30 16:30:22,754 [INFO] IPUIPlugin:80 - create IPUIPlugin
2025-11-30 16:30:22,754 [INFO] IPUIPlugin:80 - create IPUIPlugin
2025-11-30 16:30:22,754 [INFO] IPUIPlugin:80 - create IPUIPlugin
2025-11-30 16:30:22,755 [INFO] IPUIPlugin:80 - create IPUIPlugin
2025-11-30 16:30:22,755 [INFO] IPUIPlugin:80 - create IPUIPlugin
2025-11-30 16:30:22,755 [INFO] IPUIPlugin:80 - create IPUIPlugin
2025-11-30 16:30:22,755 [INFO] IPUIPlugin:80 - create IPUIPlugin
2025-11-30 16:30:22,756 [INFO] IPUIPlugin:80 - create IPUIPlugin
2025-11-30 16:30:22,756 [INFO] IPUIPlugin:80 - create IPUIPlugin
2025-11-30 16:30:22,757 [INFO] IPUIPlugin:80 - create IPUIPlugin
2025-11-30 16:30:22,757 [INFO] IPUIPlugin:80 - create IPUIPlugin
2025-11-30 16:30:22,757 [INFO] IPUIPlugin:80 - create IPUIPlugin
2025-11-30 16:30:22,758 [INFO] IPUIPlugin:80 - create IPUIPlugin
2025-11-30 16:30:22,758 [INFO] IPUIPlugin:80 - create IPUIPlugin
2025-11-30 16:30:22,758 [INFO] IPUIPlugin:80 - create IPUIPlugin
2025-11-30 16:30:22,758 [INFO] IPUIPlugin:80 - create IPUIPlugin
2025-11-30 16:30:22,759 [INFO] IPUIPlugin:80 - create IPUIPlugin
2025-11-30 16:30:22,759 [INFO] IPUIPlugin:80 - create IPUIPlugin
2025-11-30 16:30:22,759 [INFO] IPUIPlugin:80 - create IPUIPlugin
2025-11-30 16:30:22,760 [INFO] IPUIPlugin:80 - create IPUIPlugin
2025-11-30 16:30:22,760 [INFO] IPUIPlugin:80 - create IPUIPlugin
2025-11-30 16:30:22,761 [INFO] IPUIPlugin:80 - create IPUIPlugin
2025-11-30 16:30:22,761 [INFO] IPUIPlugin:80 - create IPUIPlugin
2025-11-30 16:30:22,762 [INFO] IPUIPlugin:80 - create IPUIPlugin
2025-11-30 16:30:22,762 [INFO] IPUIPlugin:80 - create IPUIPlugin
2025-11-30 16:30:22,763 [INFO] IPUIPlugin:80 - create IPUIPlugin
2025-11-30 16:30:22,763 [INFO] IPUIPlugin:80 - create IPUIPlugin
2025-11-30 16:30:22,763 [INFO] IPUIPlugin:80 - create IPUIPlugin
2025-11-30 16:30:22,764 [INFO] IPUIPlugin:80 - create IPUIPlugin
2025-11-30 16:30:22,765 [INFO] IPUIPlugin:80 - create IPUIPlugin
2025-11-30 16:30:22,767 [INFO] IPUIPlugin:80 - create IPUIPlugin
2025-11-30 16:30:22,767 [INFO] IPUIPlugin:80 - create IPUIPlugin
2025-11-30 16:30:22,844 [ERROR] LogOutputStream:75 - [STDERR_REDIRECT] [Fatal Error] :1:1: Premature end of file.
2025-11-30 16:30:22,844 [ERROR] LogOutputStream:75 - [STDERR_REDIRECT] 
2025-11-30 16:30:23,005 [INFO] CADModel:165 - CPN selected for project levelSTM32G474QET6
2025-11-30 16:30:23,005 [INFO] CADModel:114 - Register for checkConnection events
2025-11-30 16:30:23,059 [INFO] OpenFileManager:386 - Restore cursor
2025-11-30 16:30:23,828 [ERROR] LogOutputStream:75 - [STDERR_REDIRECT] [Fatal Error] :1:1: Premature end of file.
2025-11-30 16:30:23,829 [ERROR] LogOutputStream:75 - [STDERR_REDIRECT] 
2025-11-30 16:30:24,154 [INFO] UtilMem:75 - End SaveConfig() Used Memory: 724446488 Bytes (1073741824)
2025-11-30 16:30:24,304 [INFO] UtilMem:75 - End SaveConfig() Used Memory: 758493760 Bytes (1073741824)
2025-11-30 16:30:24,839 [ERROR] LogOutputStream:75 - [STDERR_REDIRECT] [Fatal Error] :1:1: Premature end of file.
2025-11-30 16:30:24,839 [ERROR] LogOutputStream:75 - [STDERR_REDIRECT] 
2025-11-30 16:30:24,870 [INFO] BlockDiagram:2775 - set Specific Code input for plugin: RCC
2025-11-30 16:30:24,870 [INFO] BlockDiagram:2775 - set Specific Code input for plugin: NVIC
2025-11-30 16:30:24,878 [INFO] CodeGenerator:892 - code generatio: config db path: C:\ST\STM32CubeIDE_1.18.1\STM32CubeIDE\plugins\com.st.stm32cube.common.mx_6.15.0.202507011659\\db\
2025-11-30 16:30:25,091 [INFO] CodeEngine:265 - oldGeneratedFile, F:\SNIFFER_CODING\HARDWARE\001_USB_detect_STM32G4\MXTmpFiles\license.tmp_save
2025-11-30 16:30:25,484 [INFO] CodeEngine:289 - Generated code: F:\SNIFFER_CODING\HARDWARE\001_USB_detect_STM32G4\MXTmpFiles\license.tmp
2025-11-30 16:30:25,510 [INFO] CodeEngine:265 - oldGeneratedFile, F:\SNIFFER_CODING\HARDWARE\001_USB_detect_STM32G4\Core\Src\stm32g4xx_it.c_save
2025-11-30 16:30:25,702 [INFO] CodeEngine:289 - Generated code: F:\SNIFFER_CODING\HARDWARE\001_USB_detect_STM32G4\Core\Src\stm32g4xx_it.c
2025-11-30 16:30:25,707 [INFO] CodeEngine:265 - oldGeneratedFile, F:\SNIFFER_CODING\HARDWARE\001_USB_detect_STM32G4\Core\Inc\stm32g4xx_it.h_save
2025-11-30 16:30:25,800 [INFO] CodeEngine:289 - Generated code: F:\SNIFFER_CODING\HARDWARE\001_USB_detect_STM32G4\Core\Inc\stm32g4xx_it.h
2025-11-30 16:30:25,840 [ERROR] LogOutputStream:75 - [STDERR_REDIRECT] [Fatal Error] :1:1: Premature end of file.
2025-11-30 16:30:25,841 [ERROR] LogOutputStream:75 - [STDERR_REDIRECT] 
2025-11-30 16:30:25,953 [INFO] CodeEngine:265 - oldGeneratedFile, F:\SNIFFER_CODING\HARDWARE\001_USB_detect_STM32G4\Core\Src\stm32g4xx_hal_msp.c_save
2025-11-30 16:30:26,101 [INFO] CodeEngine:289 - Generated code: F:\SNIFFER_CODING\HARDWARE\001_USB_detect_STM32G4\Core\Src\stm32g4xx_hal_msp.c
2025-11-30 16:30:26,107 [INFO] CodeEngine:265 - oldGeneratedFile, F:\SNIFFER_CODING\HARDWARE\001_USB_detect_STM32G4\MXTmpFiles\system.tmp_save
2025-11-30 16:30:26,177 [INFO] CodeEngine:289 - Generated code: F:\SNIFFER_CODING\HARDWARE\001_USB_detect_STM32G4\MXTmpFiles\system.tmp
2025-11-30 16:30:26,190 [INFO] CodeEngine:321 - oldGeneratedFile, F:\SNIFFER_CODING\HARDWARE\001_USB_detect_STM32G4\Core\Inc\stm32g4xx_hal_conf.h_save
2025-11-30 16:30:26,271 [INFO] CodeEngine:345 - Generated code: F:\SNIFFER_CODING\HARDWARE\001_USB_detect_STM32G4\Core\Inc\stm32g4xx_hal_conf.h
2025-11-30 16:30:26,304 [WARN] IPConfigManager:3238 - Warning: the RefConfig RCC_CommonPeriphClockConfig is not available in your config.xml file
2025-11-30 16:30:26,311 [INFO] ApiDbMcu:532 - Load IP Config File for RCC
2025-11-30 16:30:26,325 [INFO] CodeEngine:265 - oldGeneratedFile, F:\SNIFFER_CODING\HARDWARE\001_USB_detect_STM32G4\Core\Inc\main.h_save
2025-11-30 16:30:26,430 [INFO] CodeEngine:289 - Generated code: F:\SNIFFER_CODING\HARDWARE\001_USB_detect_STM32G4\Core\Inc\main.h
2025-11-30 16:30:26,435 [INFO] CodeEngine:265 - oldGeneratedFile, F:\SNIFFER_CODING\HARDWARE\001_USB_detect_STM32G4\Core\Src\main.c_save
2025-11-30 16:30:26,648 [INFO] CodeEngine:289 - Generated code: F:\SNIFFER_CODING\HARDWARE\001_USB_detect_STM32G4\Core\Src\main.c
2025-11-30 16:30:26,837 [ERROR] LogOutputStream:75 - [STDERR_REDIRECT] [Fatal Error] :1:1: Premature end of file.
2025-11-30 16:30:26,838 [ERROR] LogOutputStream:75 - [STDERR_REDIRECT] 
2025-11-30 16:30:27,185 [INFO] ProjectBuilder:3606 - Time for Copy HAL[1] : 229mS.
2025-11-30 16:30:27,192 [INFO] ProjectBuilder:5216 - Project Generator version: 4.7.0-B52
2025-11-30 16:30:27,366 [INFO] ConfigFileManager:1595 - The Die is : DIE469
2025-11-30 16:30:27,377 [INFO] ApiDbMcu:532 - Load IP Config File for FATFS
2025-11-30 16:30:27,386 [INFO] ApiDbMcu:532 - Load IP Config File for FREERTOS
2025-11-30 16:30:27,399 [INFO] ApiDbMcu:532 - Load IP Config File for USBPD
2025-11-30 16:30:27,413 [INFO] ApiDbMcu:532 - Load IP Config File for USB_DEVICE
2025-11-30 16:30:27,866 [ERROR] LogOutputStream:75 - [STDERR_REDIRECT] [Fatal Error] :1:1: Premature end of file.
2025-11-30 16:30:27,867 [ERROR] LogOutputStream:75 - [STDERR_REDIRECT] 
2025-11-30 16:30:27,956 [INFO] LogOutputStream:77 - [STDOUT_REDIRECT] 
2025-11-30 16:30:28,860 [ERROR] LogOutputStream:75 - [STDERR_REDIRECT] [Fatal Error] :1:1: Premature end of file.
2025-11-30 16:30:28,862 [ERROR] LogOutputStream:75 - [STDERR_REDIRECT] 
2025-11-30 16:30:29,847 [ERROR] LogOutputStream:75 - [STDERR_REDIRECT] [Fatal Error] :1:1: Premature end of file.
2025-11-30 16:30:29,847 [ERROR] LogOutputStream:75 - [STDERR_REDIRECT] 
2025-11-30 16:30:30,837 [ERROR] LogOutputStream:75 - [STDERR_REDIRECT] [Fatal Error] :1:1: Premature end of file.
2025-11-30 16:30:30,838 [ERROR] LogOutputStream:75 - [STDERR_REDIRECT] 
2025-11-30 16:30:31,024 [INFO] ProjectBuilder:5496 - Time for Generating toolchain IDE Files: 3832mS.
2025-11-30 16:30:31,025 [INFO] ProjectBuilder:3463 - Time for Copy CMSIS : 1mS.
2025-11-30 16:30:31,027 [INFO] ProjectBuilder:3463 - Time for Copy CMSIS : 0mS.
2025-11-30 16:30:31,958 [ERROR] LogOutputStream:75 - [STDERR_REDIRECT] [Fatal Error] :1:1: Premature end of file.
2025-11-30 16:30:31,958 [ERROR] LogOutputStream:75 - [STDERR_REDIRECT] 
2025-11-30 16:30:32,458 [INFO] McuFinderGlobals:76 - Set McuFinderConnectedMode to true
2025-11-30 16:30:32,462 [INFO] ApiDb:448 - Save user favorites file C:\Users\shubh/.stm32cubeide/favorites.mcus.txt: 0 item(s)
2025-11-30 16:30:32,463 [INFO] ApiDb:452 - User favorites MCUs=[]
2025-11-30 16:30:33,045 [ERROR] LogOutputStream:75 - [STDERR_REDIRECT] [Fatal Error] :1:1: Premature end of file.
2025-11-30 16:30:33,046 [ERROR] LogOutputStream:75 - [STDERR_REDIRECT] 
2025-11-30 16:30:33,849 [ERROR] LogOutputStream:75 - [STDERR_REDIRECT] [Fatal Error] :1:1: Premature end of file.
2025-11-30 16:30:33,850 [ERROR] LogOutputStream:75 - [STDERR_REDIRECT] 
2025-11-30 16:30:34,845 [ERROR] LogOutputStream:75 - [STDERR_REDIRECT] [Fatal Error] :1:1: Premature end of file.
2025-11-30 16:30:34,845 [ERROR] LogOutputStream:75 - [STDERR_REDIRECT] 
2025-11-30 16:30:35,909 [ERROR] LogOutputStream:75 - [STDERR_REDIRECT] [Fatal Error] :1:1: Premature end of file.
2025-11-30 16:30:35,910 [ERROR] LogOutputStream:75 - [STDERR_REDIRECT] 
2025-11-30 16:30:36,893 [ERROR] LogOutputStream:75 - [STDERR_REDIRECT] [Fatal Error] :1:1: Premature end of file.
2025-11-30 16:30:36,893 [ERROR] LogOutputStream:75 - [STDERR_REDIRECT] 
2025-11-30 16:30:37,914 [ERROR] LogOutputStream:75 - [STDERR_REDIRECT] [Fatal Error] :1:1: Premature end of file.
2025-11-30 16:30:37,915 [ERROR] LogOutputStream:75 - [STDERR_REDIRECT] 
2025-11-30 16:30:38,908 [ERROR] LogOutputStream:75 - [STDERR_REDIRECT] [Fatal Error] :1:1: Premature end of file.
2025-11-30 16:30:38,909 [ERROR] LogOutputStream:75 - [STDERR_REDIRECT] 
2025-11-30 16:30:39,910 [ERROR] LogOutputStream:75 - [STDERR_REDIRECT] [Fatal Error] :1:1: Premature end of file.
2025-11-30 16:30:39,911 [ERROR] LogOutputStream:75 - [STDERR_REDIRECT] 
2025-11-30 16:30:40,903 [ERROR] LogOutputStream:75 - [STDERR_REDIRECT] [Fatal Error] :1:1: Premature end of file.
2025-11-30 16:30:40,903 [ERROR] LogOutputStream:75 - [STDERR_REDIRECT] 
2025-11-30 16:30:41,911 [ERROR] LogOutputStream:75 - [STDERR_REDIRECT] [Fatal Error] :1:1: Premature end of file.
2025-11-30 16:30:41,911 [ERROR] LogOutputStream:75 - [STDERR_REDIRECT] 
2025-11-30 16:30:42,913 [ERROR] LogOutputStream:75 - [STDERR_REDIRECT] [Fatal Error] :1:1: Premature end of file.
2025-11-30 16:30:42,913 [ERROR] LogOutputStream:75 - [STDERR_REDIRECT] 
2025-11-30 16:30:43,897 [ERROR] LogOutputStream:75 - [STDERR_REDIRECT] [Fatal Error] :1:1: Premature end of file.
2025-11-30 16:30:43,897 [ERROR] LogOutputStream:75 - [STDERR_REDIRECT] 
2025-11-30 16:30:44,907 [ERROR] LogOutputStream:75 - [STDERR_REDIRECT] [Fatal Error] :1:1: Premature end of file.
2025-11-30 16:30:44,908 [ERROR] LogOutputStream:75 - [STDERR_REDIRECT] 
2025-11-30 16:30:45,908 [ERROR] LogOutputStream:75 - [STDERR_REDIRECT] [Fatal Error] :1:1: Premature end of file.
2025-11-30 16:30:45,908 [ERROR] LogOutputStream:75 - [STDERR_REDIRECT] 
2025-11-30 16:30:46,912 [ERROR] LogOutputStream:75 - [STDERR_REDIRECT] [Fatal Error] :1:1: Premature end of file.
2025-11-30 16:30:46,912 [ERROR] LogOutputStream:75 - [STDERR_REDIRECT] 
2025-11-30 16:30:47,899 [ERROR] LogOutputStream:75 - [STDERR_REDIRECT] [Fatal Error] :1:1: Premature end of file.
2025-11-30 16:30:47,899 [ERROR] LogOutputStream:75 - [STDERR_REDIRECT] 
2025-11-30 16:30:48,896 [ERROR] LogOutputStream:75 - [STDERR_REDIRECT] [Fatal Error] :1:1: Premature end of file.
2025-11-30 16:30:48,896 [ERROR] LogOutputStream:75 - [STDERR_REDIRECT] 
2025-11-30 16:30:49,910 [ERROR] LogOutputStream:75 - [STDERR_REDIRECT] [Fatal Error] :1:1: Premature end of file.
2025-11-30 16:30:49,910 [ERROR] LogOutputStream:75 - [STDERR_REDIRECT] 
2025-11-30 16:30:50,833 [ERROR] LogOutputStream:75 - [STDERR_REDIRECT] [Fatal Error] :1:1: Premature end of file.
2025-11-30 16:30:50,833 [ERROR] LogOutputStream:75 - [STDERR_REDIRECT] 
2025-11-30 16:30:51,892 [ERROR] LogOutputStream:75 - [STDERR_REDIRECT] [Fatal Error] :1:1: Premature end of file.
2025-11-30 16:30:51,892 [ERROR] LogOutputStream:75 - [STDERR_REDIRECT] 
2025-11-30 16:30:52,839 [ERROR] LogOutputStream:75 - [STDERR_REDIRECT] [Fatal Error] :1:1: Premature end of file.
2025-11-30 16:30:52,839 [ERROR] LogOutputStream:75 - [STDERR_REDIRECT] 
2025-11-30 16:30:53,915 [ERROR] LogOutputStream:75 - [STDERR_REDIRECT] [Fatal Error] :1:1: Premature end of file.
2025-11-30 16:30:53,916 [ERROR] LogOutputStream:75 - [STDERR_REDIRECT] 
2025-11-30 16:30:54,842 [ERROR] LogOutputStream:75 - [STDERR_REDIRECT] [Fatal Error] :1:1: Premature end of file.
2025-11-30 16:30:54,842 [ERROR] LogOutputStream:75 - [STDERR_REDIRECT] 
2025-11-30 16:30:55,917 [ERROR] LogOutputStream:75 - [STDERR_REDIRECT] [Fatal Error] :1:1: Premature end of file.
2025-11-30 16:30:55,918 [ERROR] LogOutputStream:75 - [STDERR_REDIRECT] 
2025-11-30 16:30:56,861 [ERROR] LogOutputStream:75 - [STDERR_REDIRECT] [Fatal Error] :1:1: Premature end of file.
2025-11-30 16:30:56,861 [ERROR] LogOutputStream:75 - [STDERR_REDIRECT] 
2025-11-30 16:30:57,853 [ERROR] LogOutputStream:75 - [STDERR_REDIRECT] [Fatal Error] :1:1: Premature end of file.
2025-11-30 16:30:57,854 [ERROR] LogOutputStream:75 - [STDERR_REDIRECT] 
2025-11-30 16:30:58,780 [INFO] NvicIntPanel:101 - NVIC parent = com.st.microxplorer.plugins.ip.nvic.MultiNvicIntPanel[,0,0,0x0,invalid,layout=javax.swing.BoxLayout,alignmentX=0.0,alignmentY=0.0,border=,flags=9,maximumSize=,minimumSize=,preferredSize=]
2025-11-30 16:30:58,843 [ERROR] LogOutputStream:75 - [STDERR_REDIRECT] [Fatal Error] :1:1: Premature end of file.
2025-11-30 16:30:58,843 [ERROR] LogOutputStream:75 - [STDERR_REDIRECT] 
2025-11-30 16:30:59,007 [INFO] NvicIntPanel:101 - NVIC parent = com.st.microxplorer.plugins.ip.nvic.MultiNvicIntPanel[,0,0,0x0,invalid,layout=javax.swing.BoxLayout,alignmentX=0.0,alignmentY=0.0,border=,flags=9,maximumSize=,minimumSize=,preferredSize=]
2025-11-30 16:30:59,183 [INFO] NvicIntPanel:101 - NVIC parent = com.st.microxplorer.plugins.ip.nvic.MultiNvicIntPanel[,0,0,0x0,invalid,layout=javax.swing.BoxLayout,alignmentX=0.0,alignmentY=0.0,border=,flags=9,maximumSize=,minimumSize=,preferredSize=]
2025-11-30 16:30:59,407 [INFO] NvicIntPanel:101 - NVIC parent = com.st.microxplorer.plugins.ip.nvic.MultiNvicIntPanel[,0,0,0x0,invalid,layout=javax.swing.BoxLayout,alignmentX=0.0,alignmentY=0.0,border=,flags=9,maximumSize=,minimumSize=,preferredSize=]
2025-11-30 16:30:59,619 [INFO] NvicIntPanel:101 - NVIC parent = com.st.microxplorer.plugins.ip.nvic.MultiNvicIntPanel[,0,0,0x0,invalid,layout=javax.swing.BoxLayout,alignmentX=0.0,alignmentY=0.0,border=,flags=9,maximumSize=,minimumSize=,preferredSize=]
2025-11-30 16:30:59,854 [ERROR] LogOutputStream:75 - [STDERR_REDIRECT] [Fatal Error] :1:1: Premature end of file.
2025-11-30 16:30:59,857 [ERROR] LogOutputStream:75 - [STDERR_REDIRECT] 
2025-11-30 16:31:00,929 [ERROR] LogOutputStream:75 - [STDERR_REDIRECT] [Fatal Error] :1:1: Premature end of file.
2025-11-30 16:31:00,931 [ERROR] LogOutputStream:75 - [STDERR_REDIRECT] 
2025-11-30 16:31:01,908 [ERROR] LogOutputStream:75 - [STDERR_REDIRECT] [Fatal Error] :1:1: Premature end of file.
2025-11-30 16:31:01,908 [ERROR] LogOutputStream:75 - [STDERR_REDIRECT] 
2025-11-30 16:31:02,919 [ERROR] LogOutputStream:75 - [STDERR_REDIRECT] [Fatal Error] :1:1: Premature end of file.
2025-11-30 16:31:02,920 [ERROR] LogOutputStream:75 - [STDERR_REDIRECT] 
2025-11-30 16:31:03,890 [ERROR] LogOutputStream:75 - [STDERR_REDIRECT] [Fatal Error] :1:1: Premature end of file.
2025-11-30 16:31:03,890 [ERROR] LogOutputStream:75 - [STDERR_REDIRECT] 
2025-11-30 16:31:04,895 [ERROR] LogOutputStream:75 - [STDERR_REDIRECT] [Fatal Error] :1:1: Premature end of file.
2025-11-30 16:31:04,895 [ERROR] LogOutputStream:75 - [STDERR_REDIRECT] 
2025-11-30 16:31:05,891 [ERROR] LogOutputStream:75 - [STDERR_REDIRECT] [Fatal Error] :1:1: Premature end of file.
2025-11-30 16:31:05,891 [ERROR] LogOutputStream:75 - [STDERR_REDIRECT] 
2025-11-30 16:31:06,876 [ERROR] LogOutputStream:75 - [STDERR_REDIRECT] [Fatal Error] :1:1: Premature end of file.
2025-11-30 16:31:06,876 [ERROR] LogOutputStream:75 - [STDERR_REDIRECT] 
2025-11-30 16:31:07,895 [ERROR] LogOutputStream:75 - [STDERR_REDIRECT] [Fatal Error] :1:1: Premature end of file.
2025-11-30 16:31:07,895 [ERROR] LogOutputStream:75 - [STDERR_REDIRECT] 
2025-11-30 16:31:08,909 [ERROR] LogOutputStream:75 - [STDERR_REDIRECT] [Fatal Error] :1:1: Premature end of file.
2025-11-30 16:31:08,910 [ERROR] LogOutputStream:75 - [STDERR_REDIRECT] 
2025-11-30 16:31:09,900 [ERROR] LogOutputStream:75 - [STDERR_REDIRECT] [Fatal Error] :1:1: Premature end of file.
2025-11-30 16:31:09,900 [ERROR] LogOutputStream:75 - [STDERR_REDIRECT] 
2025-11-30 16:31:10,909 [ERROR] LogOutputStream:75 - [STDERR_REDIRECT] [Fatal Error] :1:1: Premature end of file.
2025-11-30 16:31:10,909 [ERROR] LogOutputStream:75 - [STDERR_REDIRECT] 
2025-11-30 16:31:11,910 [ERROR] LogOutputStream:75 - [STDERR_REDIRECT] [Fatal Error] :1:1: Premature end of file.
2025-11-30 16:31:11,911 [ERROR] LogOutputStream:75 - [STDERR_REDIRECT] 
2025-11-30 16:31:12,897 [ERROR] LogOutputStream:75 - [STDERR_REDIRECT] [Fatal Error] :1:1: Premature end of file.
2025-11-30 16:31:12,897 [ERROR] LogOutputStream:75 - [STDERR_REDIRECT] 
2025-11-30 16:31:13,898 [ERROR] LogOutputStream:75 - [STDERR_REDIRECT] [Fatal Error] :1:1: Premature end of file.
2025-11-30 16:31:13,898 [ERROR] LogOutputStream:75 - [STDERR_REDIRECT] 
2025-11-30 16:31:14,906 [ERROR] LogOutputStream:75 - [STDERR_REDIRECT] [Fatal Error] :1:1: Premature end of file.
2025-11-30 16:31:14,906 [ERROR] LogOutputStream:75 - [STDERR_REDIRECT] 
2025-11-30 16:31:15,905 [ERROR] LogOutputStream:75 - [STDERR_REDIRECT] [Fatal Error] :1:1: Premature end of file.
2025-11-30 16:31:15,906 [ERROR] LogOutputStream:75 - [STDERR_REDIRECT] 
2025-11-30 16:31:16,912 [ERROR] LogOutputStream:75 - [STDERR_REDIRECT] [Fatal Error] :1:1: Premature end of file.
2025-11-30 16:31:16,912 [ERROR] LogOutputStream:75 - [STDERR_REDIRECT] 
2025-11-30 16:31:17,870 [ERROR] LogOutputStream:75 - [STDERR_REDIRECT] [Fatal Error] :1:1: Premature end of file.
2025-11-30 16:31:17,870 [ERROR] LogOutputStream:75 - [STDERR_REDIRECT] 
2025-11-30 16:31:18,837 [ERROR] LogOutputStream:75 - [STDERR_REDIRECT] [Fatal Error] :1:1: Premature end of file.
2025-11-30 16:31:18,838 [ERROR] LogOutputStream:75 - [STDERR_REDIRECT] 
2025-11-30 16:31:19,830 [ERROR] LogOutputStream:75 - [STDERR_REDIRECT] [Fatal Error] :1:1: Premature end of file.
2025-11-30 16:31:19,830 [ERROR] LogOutputStream:75 - [STDERR_REDIRECT] 
2025-11-30 16:31:20,887 [ERROR] LogOutputStream:75 - [STDERR_REDIRECT] [Fatal Error] :1:1: Premature end of file.
2025-11-30 16:31:20,887 [ERROR] LogOutputStream:75 - [STDERR_REDIRECT] 
2025-11-30 16:31:21,840 [ERROR] LogOutputStream:75 - [STDERR_REDIRECT] [Fatal Error] :1:1: Premature end of file.
2025-11-30 16:31:21,840 [ERROR] LogOutputStream:75 - [STDERR_REDIRECT] 
2025-11-30 16:31:22,852 [ERROR] LogOutputStream:75 - [STDERR_REDIRECT] [Fatal Error] :1:1: Premature end of file.
2025-11-30 16:31:22,852 [ERROR] LogOutputStream:75 - [STDERR_REDIRECT] 
2025-11-30 16:31:23,913 [ERROR] LogOutputStream:75 - [STDERR_REDIRECT] [Fatal Error] :1:1: Premature end of file.
2025-11-30 16:31:23,914 [ERROR] LogOutputStream:75 - [STDERR_REDIRECT] 
2025-11-30 16:31:24,873 [ERROR] LogOutputStream:75 - [STDERR_REDIRECT] [Fatal Error] :1:1: Premature end of file.
2025-11-30 16:31:24,873 [ERROR] LogOutputStream:75 - [STDERR_REDIRECT] 
2025-11-30 16:31:25,843 [ERROR] LogOutputStream:75 - [STDERR_REDIRECT] [Fatal Error] :1:1: Premature end of file.
2025-11-30 16:31:25,843 [ERROR] LogOutputStream:75 - [STDERR_REDIRECT] 
2025-11-30 16:31:26,896 [ERROR] LogOutputStream:75 - [STDERR_REDIRECT] [Fatal Error] :1:1: Premature end of file.
2025-11-30 16:31:26,896 [ERROR] LogOutputStream:75 - [STDERR_REDIRECT] 
2025-11-30 16:31:27,912 [ERROR] LogOutputStream:75 - [STDERR_REDIRECT] [Fatal Error] :1:1: Premature end of file.
2025-11-30 16:31:27,912 [ERROR] LogOutputStream:75 - [STDERR_REDIRECT] 
2025-11-30 16:31:28,871 [ERROR] LogOutputStream:75 - [STDERR_REDIRECT] [Fatal Error] :1:1: Premature end of file.
2025-11-30 16:31:28,872 [ERROR] LogOutputStream:75 - [STDERR_REDIRECT] 
2025-11-30 16:31:29,868 [ERROR] LogOutputStream:75 - [STDERR_REDIRECT] [Fatal Error] :1:1: Premature end of file.
2025-11-30 16:31:29,868 [ERROR] LogOutputStream:75 - [STDERR_REDIRECT] 
2025-11-30 16:31:30,827 [ERROR] LogOutputStream:75 - [STDERR_REDIRECT] [Fatal Error] :1:1: Premature end of file.
2025-11-30 16:31:30,828 [ERROR] LogOutputStream:75 - [STDERR_REDIRECT] 
2025-11-30 16:31:31,832 [ERROR] LogOutputStream:75 - [STDERR_REDIRECT] [Fatal Error] :1:1: Premature end of file.
2025-11-30 16:31:31,832 [ERROR] LogOutputStream:75 - [STDERR_REDIRECT] 
2025-11-30 16:31:32,824 [ERROR] LogOutputStream:75 - [STDERR_REDIRECT] [Fatal Error] :1:1: Premature end of file.
2025-11-30 16:31:32,824 [ERROR] LogOutputStream:75 - [STDERR_REDIRECT] 
2025-11-30 16:31:33,835 [ERROR] LogOutputStream:75 - [STDERR_REDIRECT] [Fatal Error] :1:1: Premature end of file.
2025-11-30 16:31:33,835 [ERROR] LogOutputStream:75 - [STDERR_REDIRECT] 
2025-11-30 16:31:34,833 [ERROR] LogOutputStream:75 - [STDERR_REDIRECT] [Fatal Error] :1:1: Premature end of file.
2025-11-30 16:31:34,833 [ERROR] LogOutputStream:75 - [STDERR_REDIRECT] 
2025-11-30 16:31:35,827 [ERROR] LogOutputStream:75 - [STDERR_REDIRECT] [Fatal Error] :1:1: Premature end of file.
2025-11-30 16:31:35,828 [ERROR] LogOutputStream:75 - [STDERR_REDIRECT] 
2025-11-30 16:31:36,848 [ERROR] LogOutputStream:75 - [STDERR_REDIRECT] [Fatal Error] :1:1: Premature end of file.
2025-11-30 16:31:36,848 [ERROR] LogOutputStream:75 - [STDERR_REDIRECT] 
2025-11-30 16:31:37,825 [ERROR] LogOutputStream:75 - [STDERR_REDIRECT] [Fatal Error] :1:1: Premature end of file.
2025-11-30 16:31:37,825 [ERROR] LogOutputStream:75 - [STDERR_REDIRECT] 
2025-11-30 16:31:38,834 [ERROR] LogOutputStream:75 - [STDERR_REDIRECT] [Fatal Error] :1:1: Premature end of file.
2025-11-30 16:31:38,835 [ERROR] LogOutputStream:75 - [STDERR_REDIRECT] 
2025-11-30 16:31:39,825 [ERROR] LogOutputStream:75 - [STDERR_REDIRECT] [Fatal Error] :1:1: Premature end of file.
2025-11-30 16:31:39,825 [ERROR] LogOutputStream:75 - [STDERR_REDIRECT] 
2025-11-30 16:31:40,832 [ERROR] LogOutputStream:75 - [STDERR_REDIRECT] [Fatal Error] :1:1: Premature end of file.
2025-11-30 16:31:40,832 [ERROR] LogOutputStream:75 - [STDERR_REDIRECT] 
2025-11-30 16:31:41,916 [ERROR] LogOutputStream:75 - [STDERR_REDIRECT] [Fatal Error] :1:1: Premature end of file.
2025-11-30 16:31:41,917 [ERROR] LogOutputStream:75 - [STDERR_REDIRECT] 
2025-11-30 16:31:42,925 [ERROR] LogOutputStream:75 - [STDERR_REDIRECT] [Fatal Error] :1:1: Premature end of file.
2025-11-30 16:31:42,925 [ERROR] LogOutputStream:75 - [STDERR_REDIRECT] 
2025-11-30 16:31:43,911 [ERROR] LogOutputStream:75 - [STDERR_REDIRECT] [Fatal Error] :1:1: Premature end of file.
2025-11-30 16:31:43,912 [ERROR] LogOutputStream:75 - [STDERR_REDIRECT] 
2025-11-30 16:31:44,829 [ERROR] LogOutputStream:75 - [STDERR_REDIRECT] [Fatal Error] :1:1: Premature end of file.
2025-11-30 16:31:44,829 [ERROR] LogOutputStream:75 - [STDERR_REDIRECT] 
2025-11-30 16:31:45,911 [ERROR] LogOutputStream:75 - [STDERR_REDIRECT] [Fatal Error] :1:1: Premature end of file.
2025-11-30 16:31:45,912 [ERROR] LogOutputStream:75 - [STDERR_REDIRECT] 
2025-11-30 16:31:46,927 [ERROR] LogOutputStream:75 - [STDERR_REDIRECT] [Fatal Error] :1:1: Premature end of file.
2025-11-30 16:31:46,927 [ERROR] LogOutputStream:75 - [STDERR_REDIRECT] 
2025-11-30 16:31:47,882 [ERROR] LogOutputStream:75 - [STDERR_REDIRECT] [Fatal Error] :1:1: Premature end of file.
2025-11-30 16:31:47,882 [ERROR] LogOutputStream:75 - [STDERR_REDIRECT] 
2025-11-30 16:31:48,827 [ERROR] LogOutputStream:75 - [STDERR_REDIRECT] [Fatal Error] :1:1: Premature end of file.
2025-11-30 16:31:48,827 [ERROR] LogOutputStream:75 - [STDERR_REDIRECT] 
2025-11-30 16:31:49,917 [ERROR] LogOutputStream:75 - [STDERR_REDIRECT] [Fatal Error] :1:1: Premature end of file.
2025-11-30 16:31:49,918 [ERROR] LogOutputStream:75 - [STDERR_REDIRECT] 
2025-11-30 16:31:50,909 [ERROR] LogOutputStream:75 - [STDERR_REDIRECT] [Fatal Error] :1:1: Premature end of file.
2025-11-30 16:31:50,909 [ERROR] LogOutputStream:75 - [STDERR_REDIRECT] 
2025-11-30 16:31:51,907 [ERROR] LogOutputStream:75 - [STDERR_REDIRECT] [Fatal Error] :1:1: Premature end of file.
2025-11-30 16:31:51,907 [ERROR] LogOutputStream:75 - [STDERR_REDIRECT] 
2025-11-30 16:31:52,910 [ERROR] LogOutputStream:75 - [STDERR_REDIRECT] [Fatal Error] :1:1: Premature end of file.
2025-11-30 16:31:52,910 [ERROR] LogOutputStream:75 - [STDERR_REDIRECT] 
2025-11-30 16:31:53,918 [ERROR] LogOutputStream:75 - [STDERR_REDIRECT] [Fatal Error] :1:1: Premature end of file.
2025-11-30 16:31:53,919 [ERROR] LogOutputStream:75 - [STDERR_REDIRECT] 
2025-11-30 16:31:54,908 [ERROR] LogOutputStream:75 - [STDERR_REDIRECT] [Fatal Error] :1:1: Premature end of file.
2025-11-30 16:31:54,908 [ERROR] LogOutputStream:75 - [STDERR_REDIRECT] 
2025-11-30 16:31:55,910 [ERROR] LogOutputStream:75 - [STDERR_REDIRECT] [Fatal Error] :1:1: Premature end of file.
2025-11-30 16:31:55,910 [ERROR] LogOutputStream:75 - [STDERR_REDIRECT] 
2025-11-30 16:31:56,899 [ERROR] LogOutputStream:75 - [STDERR_REDIRECT] [Fatal Error] :1:1: Premature end of file.
2025-11-30 16:31:56,899 [ERROR] LogOutputStream:75 - [STDERR_REDIRECT] 
2025-11-30 16:31:57,919 [ERROR] LogOutputStream:75 - [STDERR_REDIRECT] [Fatal Error] :1:1: Premature end of file.
2025-11-30 16:31:57,920 [ERROR] LogOutputStream:75 - [STDERR_REDIRECT] 
2025-11-30 16:31:58,825 [ERROR] LogOutputStream:75 - [STDERR_REDIRECT] [Fatal Error] :1:1: Premature end of file.
2025-11-30 16:31:58,826 [ERROR] LogOutputStream:75 - [STDERR_REDIRECT] 
2025-11-30 16:31:59,831 [ERROR] LogOutputStream:75 - [STDERR_REDIRECT] [Fatal Error] :1:1: Premature end of file.
2025-11-30 16:31:59,832 [ERROR] LogOutputStream:75 - [STDERR_REDIRECT] 
2025-11-30 16:32:00,834 [ERROR] LogOutputStream:75 - [STDERR_REDIRECT] [Fatal Error] :1:1: Premature end of file.
2025-11-30 16:32:00,835 [ERROR] LogOutputStream:75 - [STDERR_REDIRECT] 
2025-11-30 16:32:01,826 [ERROR] LogOutputStream:75 - [STDERR_REDIRECT] [Fatal Error] :1:1: Premature end of file.
2025-11-30 16:32:01,826 [ERROR] LogOutputStream:75 - [STDERR_REDIRECT] 
2025-11-30 16:32:02,869 [ERROR] LogOutputStream:75 - [STDERR_REDIRECT] [Fatal Error] :1:1: Premature end of file.
2025-11-30 16:32:02,869 [ERROR] LogOutputStream:75 - [STDERR_REDIRECT] 
2025-11-30 16:32:03,869 [ERROR] LogOutputStream:75 - [STDERR_REDIRECT] [Fatal Error] :1:1: Premature end of file.
2025-11-30 16:32:03,869 [ERROR] LogOutputStream:75 - [STDERR_REDIRECT] 
2025-11-30 16:32:04,841 [ERROR] LogOutputStream:75 - [STDERR_REDIRECT] [Fatal Error] :1:1: Premature end of file.
2025-11-30 16:32:04,842 [ERROR] LogOutputStream:75 - [STDERR_REDIRECT] 
2025-11-30 16:32:05,837 [ERROR] LogOutputStream:75 - [STDERR_REDIRECT] [Fatal Error] :1:1: Premature end of file.
2025-11-30 16:32:05,837 [ERROR] LogOutputStream:75 - [STDERR_REDIRECT] 
2025-11-30 16:32:06,908 [ERROR] LogOutputStream:75 - [STDERR_REDIRECT] [Fatal Error] :1:1: Premature end of file.
2025-11-30 16:32:06,909 [ERROR] LogOutputStream:75 - [STDERR_REDIRECT] 
2025-11-30 16:32:07,899 [ERROR] LogOutputStream:75 - [STDERR_REDIRECT] [Fatal Error] :1:1: Premature end of file.
2025-11-30 16:32:07,899 [ERROR] LogOutputStream:75 - [STDERR_REDIRECT] 
2025-11-30 16:32:08,836 [ERROR] LogOutputStream:75 - [STDERR_REDIRECT] [Fatal Error] :1:1: Premature end of file.
2025-11-30 16:32:08,836 [ERROR] LogOutputStream:75 - [STDERR_REDIRECT] 
2025-11-30 16:32:09,834 [ERROR] LogOutputStream:75 - [STDERR_REDIRECT] [Fatal Error] :1:1: Premature end of file.
2025-11-30 16:32:09,836 [ERROR] LogOutputStream:75 - [STDERR_REDIRECT] 
2025-11-30 16:32:10,912 [ERROR] LogOutputStream:75 - [STDERR_REDIRECT] [Fatal Error] :1:1: Premature end of file.
2025-11-30 16:32:10,913 [ERROR] LogOutputStream:75 - [STDERR_REDIRECT] 
2025-11-30 16:32:11,940 [ERROR] LogOutputStream:75 - [STDERR_REDIRECT] [Fatal Error] :1:1: Premature end of file.
2025-11-30 16:32:11,941 [ERROR] LogOutputStream:75 - [STDERR_REDIRECT] 
2025-11-30 16:32:12,832 [ERROR] LogOutputStream:75 - [STDERR_REDIRECT] [Fatal Error] :1:1: Premature end of file.
2025-11-30 16:32:12,832 [ERROR] LogOutputStream:75 - [STDERR_REDIRECT] 
2025-11-30 16:32:13,825 [ERROR] LogOutputStream:75 - [STDERR_REDIRECT] [Fatal Error] :1:1: Premature end of file.
2025-11-30 16:32:13,826 [ERROR] LogOutputStream:75 - [STDERR_REDIRECT] 
2025-11-30 16:32:14,837 [ERROR] LogOutputStream:75 - [STDERR_REDIRECT] [Fatal Error] :1:1: Premature end of file.
2025-11-30 16:32:14,838 [ERROR] LogOutputStream:75 - [STDERR_REDIRECT] 
2025-11-30 16:32:15,895 [ERROR] LogOutputStream:75 - [STDERR_REDIRECT] [Fatal Error] :1:1: Premature end of file.
2025-11-30 16:32:15,896 [ERROR] LogOutputStream:75 - [STDERR_REDIRECT] 
2025-11-30 16:32:16,831 [ERROR] LogOutputStream:75 - [STDERR_REDIRECT] [Fatal Error] :1:1: Premature end of file.
2025-11-30 16:32:16,831 [ERROR] LogOutputStream:75 - [STDERR_REDIRECT] 
2025-11-30 16:32:17,836 [ERROR] LogOutputStream:75 - [STDERR_REDIRECT] [Fatal Error] :1:1: Premature end of file.
2025-11-30 16:32:17,836 [ERROR] LogOutputStream:75 - [STDERR_REDIRECT] 
2025-11-30 16:32:18,830 [ERROR] LogOutputStream:75 - [STDERR_REDIRECT] [Fatal Error] :1:1: Premature end of file.
2025-11-30 16:32:18,830 [ERROR] LogOutputStream:75 - [STDERR_REDIRECT] 
2025-11-30 16:32:19,931 [ERROR] LogOutputStream:75 - [STDERR_REDIRECT] [Fatal Error] :1:1: Premature end of file.
2025-11-30 16:32:19,933 [ERROR] LogOutputStream:75 - [STDERR_REDIRECT] 
2025-11-30 16:32:20,841 [ERROR] LogOutputStream:75 - [STDERR_REDIRECT] [Fatal Error] :1:1: Premature end of file.
2025-11-30 16:32:20,841 [ERROR] LogOutputStream:75 - [STDERR_REDIRECT] 
2025-11-30 16:32:21,862 [ERROR] LogOutputStream:75 - [STDERR_REDIRECT] [Fatal Error] :1:1: Premature end of file.
2025-11-30 16:32:21,862 [ERROR] LogOutputStream:75 - [STDERR_REDIRECT] 
2025-11-30 16:32:22,906 [ERROR] LogOutputStream:75 - [STDERR_REDIRECT] [Fatal Error] :1:1: Premature end of file.
2025-11-30 16:32:22,907 [ERROR] LogOutputStream:75 - [STDERR_REDIRECT] 
2025-11-30 16:32:23,911 [ERROR] LogOutputStream:75 - [STDERR_REDIRECT] [Fatal Error] :1:1: Premature end of file.
2025-11-30 16:32:23,911 [ERROR] LogOutputStream:75 - [STDERR_REDIRECT] 
2025-11-30 16:32:24,900 [ERROR] LogOutputStream:75 - [STDERR_REDIRECT] [Fatal Error] :1:1: Premature end of file.
2025-11-30 16:32:24,900 [ERROR] LogOutputStream:75 - [STDERR_REDIRECT] 
2025-11-30 16:32:25,825 [ERROR] LogOutputStream:75 - [STDERR_REDIRECT] [Fatal Error] :1:1: Premature end of file.
2025-11-30 16:32:25,826 [ERROR] LogOutputStream:75 - [STDERR_REDIRECT] 
2025-11-30 16:32:26,830 [ERROR] LogOutputStream:75 - [STDERR_REDIRECT] [Fatal Error] :1:1: Premature end of file.
2025-11-30 16:32:26,830 [ERROR] LogOutputStream:75 - [STDERR_REDIRECT] 
2025-11-30 16:32:27,875 [ERROR] LogOutputStream:75 - [STDERR_REDIRECT] [Fatal Error] :1:1: Premature end of file.
2025-11-30 16:32:27,875 [ERROR] LogOutputStream:75 - [STDERR_REDIRECT] 
2025-11-30 16:32:28,912 [ERROR] LogOutputStream:75 - [STDERR_REDIRECT] [Fatal Error] :1:1: Premature end of file.
2025-11-30 16:32:28,913 [ERROR] LogOutputStream:75 - [STDERR_REDIRECT] 
2025-11-30 16:32:29,906 [ERROR] LogOutputStream:75 - [STDERR_REDIRECT] [Fatal Error] :1:1: Premature end of file.
2025-11-30 16:32:29,907 [ERROR] LogOutputStream:75 - [STDERR_REDIRECT] 
2025-11-30 16:32:30,921 [ERROR] LogOutputStream:75 - [STDERR_REDIRECT] [Fatal Error] :1:1: Premature end of file.
2025-11-30 16:32:30,922 [ERROR] LogOutputStream:75 - [STDERR_REDIRECT] 
2025-11-30 16:32:31,913 [ERROR] LogOutputStream:75 - [STDERR_REDIRECT] [Fatal Error] :1:1: Premature end of file.
2025-11-30 16:32:31,913 [ERROR] LogOutputStream:75 - [STDERR_REDIRECT] 
2025-11-30 16:32:32,907 [ERROR] LogOutputStream:75 - [STDERR_REDIRECT] [Fatal Error] :1:1: Premature end of file.
2025-11-30 16:32:32,907 [ERROR] LogOutputStream:75 - [STDERR_REDIRECT] 
2025-11-30 16:32:33,903 [ERROR] LogOutputStream:75 - [STDERR_REDIRECT] [Fatal Error] :1:1: Premature end of file.
2025-11-30 16:32:33,903 [ERROR] LogOutputStream:75 - [STDERR_REDIRECT] 
2025-11-30 16:32:34,909 [ERROR] LogOutputStream:75 - [STDERR_REDIRECT] [Fatal Error] :1:1: Premature end of file.
2025-11-30 16:32:34,909 [ERROR] LogOutputStream:75 - [STDERR_REDIRECT] 
2025-11-30 16:32:35,908 [ERROR] LogOutputStream:75 - [STDERR_REDIRECT] [Fatal Error] :1:1: Premature end of file.
2025-11-30 16:32:35,908 [ERROR] LogOutputStream:75 - [STDERR_REDIRECT] 
2025-11-30 16:32:36,898 [ERROR] LogOutputStream:75 - [STDERR_REDIRECT] [Fatal Error] :1:1: Premature end of file.
2025-11-30 16:32:36,898 [ERROR] LogOutputStream:75 - [STDERR_REDIRECT] 
2025-11-30 16:32:37,905 [ERROR] LogOutputStream:75 - [STDERR_REDIRECT] [Fatal Error] :1:1: Premature end of file.
2025-11-30 16:32:37,905 [ERROR] LogOutputStream:75 - [STDERR_REDIRECT] 
2025-11-30 16:32:38,908 [ERROR] LogOutputStream:75 - [STDERR_REDIRECT] [Fatal Error] :1:1: Premature end of file.
2025-11-30 16:32:38,909 [ERROR] LogOutputStream:75 - [STDERR_REDIRECT] 
2025-11-30 16:32:39,898 [ERROR] LogOutputStream:75 - [STDERR_REDIRECT] [Fatal Error] :1:1: Premature end of file.
2025-11-30 16:32:39,898 [ERROR] LogOutputStream:75 - [STDERR_REDIRECT] 
2025-11-30 16:32:40,908 [ERROR] LogOutputStream:75 - [STDERR_REDIRECT] [Fatal Error] :1:1: Premature end of file.
2025-11-30 16:32:40,908 [ERROR] LogOutputStream:75 - [STDERR_REDIRECT] 
2025-11-30 16:32:41,906 [ERROR] LogOutputStream:75 - [STDERR_REDIRECT] [Fatal Error] :1:1: Premature end of file.
2025-11-30 16:32:41,907 [ERROR] LogOutputStream:75 - [STDERR_REDIRECT] 
2025-11-30 16:32:42,894 [ERROR] LogOutputStream:75 - [STDERR_REDIRECT] [Fatal Error] :1:1: Premature end of file.
2025-11-30 16:32:42,894 [ERROR] LogOutputStream:75 - [STDERR_REDIRECT] 
2025-11-30 16:32:43,905 [ERROR] LogOutputStream:75 - [STDERR_REDIRECT] [Fatal Error] :1:1: Premature end of file.
2025-11-30 16:32:43,905 [ERROR] LogOutputStream:75 - [STDERR_REDIRECT] 
2025-11-30 16:32:44,896 [ERROR] LogOutputStream:75 - [STDERR_REDIRECT] [Fatal Error] :1:1: Premature end of file.
2025-11-30 16:32:44,896 [ERROR] LogOutputStream:75 - [STDERR_REDIRECT] 
2025-11-30 16:32:45,911 [ERROR] LogOutputStream:75 - [STDERR_REDIRECT] [Fatal Error] :1:1: Premature end of file.
2025-11-30 16:32:45,912 [ERROR] LogOutputStream:75 - [STDERR_REDIRECT] 
2025-11-30 16:32:46,909 [ERROR] LogOutputStream:75 - [STDERR_REDIRECT] [Fatal Error] :1:1: Premature end of file.
2025-11-30 16:32:46,910 [ERROR] LogOutputStream:75 - [STDERR_REDIRECT] 
2025-11-30 16:32:47,902 [ERROR] LogOutputStream:75 - [STDERR_REDIRECT] [Fatal Error] :1:1: Premature end of file.
2025-11-30 16:32:47,902 [ERROR] LogOutputStream:75 - [STDERR_REDIRECT] 
2025-11-30 16:32:48,863 [ERROR] LogOutputStream:75 - [STDERR_REDIRECT] [Fatal Error] :1:1: Premature end of file.
2025-11-30 16:32:48,864 [ERROR] LogOutputStream:75 - [STDERR_REDIRECT] 
2025-11-30 16:32:49,902 [ERROR] LogOutputStream:75 - [STDERR_REDIRECT] [Fatal Error] :1:1: Premature end of file.
2025-11-30 16:32:49,902 [ERROR] LogOutputStream:75 - [STDERR_REDIRECT] 
2025-11-30 16:32:50,908 [ERROR] LogOutputStream:75 - [STDERR_REDIRECT] [Fatal Error] :1:1: Premature end of file.
2025-11-30 16:32:50,909 [ERROR] LogOutputStream:75 - [STDERR_REDIRECT] 
2025-11-30 16:32:51,908 [ERROR] LogOutputStream:75 - [STDERR_REDIRECT] [Fatal Error] :1:1: Premature end of file.
2025-11-30 16:32:51,909 [ERROR] LogOutputStream:75 - [STDERR_REDIRECT] 
2025-11-30 16:32:52,912 [ERROR] LogOutputStream:75 - [STDERR_REDIRECT] [Fatal Error] :1:1: Premature end of file.
2025-11-30 16:32:52,913 [ERROR] LogOutputStream:75 - [STDERR_REDIRECT] 
2025-11-30 16:32:53,899 [ERROR] LogOutputStream:75 - [STDERR_REDIRECT] [Fatal Error] :1:1: Premature end of file.
2025-11-30 16:32:53,899 [ERROR] LogOutputStream:75 - [STDERR_REDIRECT] 
2025-11-30 16:32:54,907 [ERROR] LogOutputStream:75 - [STDERR_REDIRECT] [Fatal Error] :1:1: Premature end of file.
2025-11-30 16:32:54,908 [ERROR] LogOutputStream:75 - [STDERR_REDIRECT] 
2025-11-30 16:32:55,909 [ERROR] LogOutputStream:75 - [STDERR_REDIRECT] [Fatal Error] :1:1: Premature end of file.
2025-11-30 16:32:55,910 [ERROR] LogOutputStream:75 - [STDERR_REDIRECT] 
2025-11-30 16:32:56,908 [ERROR] LogOutputStream:75 - [STDERR_REDIRECT] [Fatal Error] :1:1: Premature end of file.
2025-11-30 16:32:56,908 [ERROR] LogOutputStream:75 - [STDERR_REDIRECT] 
2025-11-30 16:32:57,908 [ERROR] LogOutputStream:75 - [STDERR_REDIRECT] [Fatal Error] :1:1: Premature end of file.
2025-11-30 16:32:57,908 [ERROR] LogOutputStream:75 - [STDERR_REDIRECT] 
2025-11-30 16:32:58,911 [ERROR] LogOutputStream:75 - [STDERR_REDIRECT] [Fatal Error] :1:1: Premature end of file.
2025-11-30 16:32:58,912 [ERROR] LogOutputStream:75 - [STDERR_REDIRECT] 
2025-11-30 16:32:59,909 [ERROR] LogOutputStream:75 - [STDERR_REDIRECT] [Fatal Error] :1:1: Premature end of file.
2025-11-30 16:32:59,910 [ERROR] LogOutputStream:75 - [STDERR_REDIRECT] 
2025-11-30 16:33:00,897 [ERROR] LogOutputStream:75 - [STDERR_REDIRECT] [Fatal Error] :1:1: Premature end of file.
2025-11-30 16:33:00,897 [ERROR] LogOutputStream:75 - [STDERR_REDIRECT] 
2025-11-30 16:33:01,897 [ERROR] LogOutputStream:75 - [STDERR_REDIRECT] [Fatal Error] :1:1: Premature end of file.
2025-11-30 16:33:01,897 [ERROR] LogOutputStream:75 - [STDERR_REDIRECT] 
2025-11-30 16:33:02,899 [ERROR] LogOutputStream:75 - [STDERR_REDIRECT] [Fatal Error] :1:1: Premature end of file.
2025-11-30 16:33:02,899 [ERROR] LogOutputStream:75 - [STDERR_REDIRECT] 
2025-11-30 16:33:03,826 [ERROR] LogOutputStream:75 - [STDERR_REDIRECT] [Fatal Error] :1:1: Premature end of file.
2025-11-30 16:33:03,826 [ERROR] LogOutputStream:75 - [STDERR_REDIRECT] 
2025-11-30 16:33:04,899 [ERROR] LogOutputStream:75 - [STDERR_REDIRECT] [Fatal Error] :1:1: Premature end of file.
2025-11-30 16:33:04,899 [ERROR] LogOutputStream:75 - [STDERR_REDIRECT] 
2025-11-30 16:33:05,907 [ERROR] LogOutputStream:75 - [STDERR_REDIRECT] [Fatal Error] :1:1: Premature end of file.
2025-11-30 16:33:05,908 [ERROR] LogOutputStream:75 - [STDERR_REDIRECT] 
2025-11-30 16:33:06,910 [ERROR] LogOutputStream:75 - [STDERR_REDIRECT] [Fatal Error] :1:1: Premature end of file.
2025-11-30 16:33:06,910 [ERROR] LogOutputStream:75 - [STDERR_REDIRECT] 
2025-11-30 16:33:07,908 [ERROR] LogOutputStream:75 - [STDERR_REDIRECT] [Fatal Error] :1:1: Premature end of file.
2025-11-30 16:33:07,908 [ERROR] LogOutputStream:75 - [STDERR_REDIRECT] 
2025-11-30 16:33:08,894 [ERROR] LogOutputStream:75 - [STDERR_REDIRECT] [Fatal Error] :1:1: Premature end of file.
2025-11-30 16:33:08,894 [ERROR] LogOutputStream:75 - [STDERR_REDIRECT] 
2025-11-30 16:33:09,895 [ERROR] LogOutputStream:75 - [STDERR_REDIRECT] [Fatal Error] :1:1: Premature end of file.
2025-11-30 16:33:09,896 [ERROR] LogOutputStream:75 - [STDERR_REDIRECT] 
2025-11-30 16:33:10,919 [ERROR] LogOutputStream:75 - [STDERR_REDIRECT] [Fatal Error] :1:1: Premature end of file.
2025-11-30 16:33:10,920 [ERROR] LogOutputStream:75 - [STDERR_REDIRECT] 
2025-11-30 16:33:11,897 [ERROR] LogOutputStream:75 - [STDERR_REDIRECT] [Fatal Error] :1:1: Premature end of file.
2025-11-30 16:33:11,897 [ERROR] LogOutputStream:75 - [STDERR_REDIRECT] 
2025-11-30 16:33:12,897 [ERROR] LogOutputStream:75 - [STDERR_REDIRECT] [Fatal Error] :1:1: Premature end of file.
2025-11-30 16:33:12,898 [ERROR] LogOutputStream:75 - [STDERR_REDIRECT] 
2025-11-30 16:33:13,907 [ERROR] LogOutputStream:75 - [STDERR_REDIRECT] [Fatal Error] :1:1: Premature end of file.
2025-11-30 16:33:13,907 [ERROR] LogOutputStream:75 - [STDERR_REDIRECT] 
2025-11-30 16:33:14,826 [ERROR] LogOutputStream:75 - [STDERR_REDIRECT] [Fatal Error] :1:1: Premature end of file.
2025-11-30 16:33:14,826 [ERROR] LogOutputStream:75 - [STDERR_REDIRECT] 
2025-11-30 16:33:15,859 [ERROR] LogOutputStream:75 - [STDERR_REDIRECT] [Fatal Error] :1:1: Premature end of file.
2025-11-30 16:33:15,859 [ERROR] LogOutputStream:75 - [STDERR_REDIRECT] 
2025-11-30 16:33:16,895 [ERROR] LogOutputStream:75 - [STDERR_REDIRECT] [Fatal Error] :1:1: Premature end of file.
2025-11-30 16:33:16,895 [ERROR] LogOutputStream:75 - [STDERR_REDIRECT] 
2025-11-30 16:33:17,909 [ERROR] LogOutputStream:75 - [STDERR_REDIRECT] [Fatal Error] :1:1: Premature end of file.
2025-11-30 16:33:17,910 [ERROR] LogOutputStream:75 - [STDERR_REDIRECT] 
2025-11-30 16:33:18,910 [ERROR] LogOutputStream:75 - [STDERR_REDIRECT] [Fatal Error] :1:1: Premature end of file.
2025-11-30 16:33:18,911 [ERROR] LogOutputStream:75 - [STDERR_REDIRECT] 
2025-11-30 16:33:19,908 [ERROR] LogOutputStream:75 - [STDERR_REDIRECT] [Fatal Error] :1:1: Premature end of file.
2025-11-30 16:33:19,909 [ERROR] LogOutputStream:75 - [STDERR_REDIRECT] 
2025-11-30 16:33:20,910 [ERROR] LogOutputStream:75 - [STDERR_REDIRECT] [Fatal Error] :1:1: Premature end of file.
2025-11-30 16:33:20,911 [ERROR] LogOutputStream:75 - [STDERR_REDIRECT] 
2025-11-30 16:33:21,910 [ERROR] LogOutputStream:75 - [STDERR_REDIRECT] [Fatal Error] :1:1: Premature end of file.
2025-11-30 16:33:21,911 [ERROR] LogOutputStream:75 - [STDERR_REDIRECT] 
2025-11-30 16:33:22,898 [ERROR] LogOutputStream:75 - [STDERR_REDIRECT] [Fatal Error] :1:1: Premature end of file.
2025-11-30 16:33:22,899 [ERROR] LogOutputStream:75 - [STDERR_REDIRECT] 
2025-11-30 16:33:23,825 [ERROR] LogOutputStream:75 - [STDERR_REDIRECT] [Fatal Error] :1:1: Premature end of file.
2025-11-30 16:33:23,825 [ERROR] LogOutputStream:75 - [STDERR_REDIRECT] 
2025-11-30 16:33:24,824 [ERROR] LogOutputStream:75 - [STDERR_REDIRECT] [Fatal Error] :1:1: Premature end of file.
2025-11-30 16:33:24,824 [ERROR] LogOutputStream:75 - [STDERR_REDIRECT] 
2025-11-30 16:33:25,823 [ERROR] LogOutputStream:75 - [STDERR_REDIRECT] [Fatal Error] :1:1: Premature end of file.
2025-11-30 16:33:25,823 [ERROR] LogOutputStream:75 - [STDERR_REDIRECT] 
2025-11-30 16:33:26,909 [ERROR] LogOutputStream:75 - [STDERR_REDIRECT] [Fatal Error] :1:1: Premature end of file.
2025-11-30 16:33:26,909 [ERROR] LogOutputStream:75 - [STDERR_REDIRECT] 
2025-11-30 16:33:27,830 [ERROR] LogOutputStream:75 - [STDERR_REDIRECT] [Fatal Error] :1:1: Premature end of file.
2025-11-30 16:33:27,830 [ERROR] LogOutputStream:75 - [STDERR_REDIRECT] 
2025-11-30 16:33:28,823 [ERROR] LogOutputStream:75 - [STDERR_REDIRECT] [Fatal Error] :1:1: Premature end of file.
2025-11-30 16:33:28,823 [ERROR] LogOutputStream:75 - [STDERR_REDIRECT] 
2025-11-30 16:33:29,837 [ERROR] LogOutputStream:75 - [STDERR_REDIRECT] [Fatal Error] :1:1: Premature end of file.
2025-11-30 16:33:29,838 [ERROR] LogOutputStream:75 - [STDERR_REDIRECT] 
2025-11-30 16:33:30,823 [ERROR] LogOutputStream:75 - [STDERR_REDIRECT] [Fatal Error] :1:1: Premature end of file.
2025-11-30 16:33:30,823 [ERROR] LogOutputStream:75 - [STDERR_REDIRECT] 
2025-11-30 16:33:31,821 [ERROR] LogOutputStream:75 - [STDERR_REDIRECT] [Fatal Error] :1:1: Premature end of file.
2025-11-30 16:33:31,823 [ERROR] LogOutputStream:75 - [STDERR_REDIRECT] 
2025-11-30 16:33:32,840 [ERROR] LogOutputStream:75 - [STDERR_REDIRECT] [Fatal Error] :1:1: Premature end of file.
2025-11-30 16:33:32,840 [ERROR] LogOutputStream:75 - [STDERR_REDIRECT] 
2025-11-30 16:33:33,834 [ERROR] LogOutputStream:75 - [STDERR_REDIRECT] [Fatal Error] :1:1: Premature end of file.
2025-11-30 16:33:33,835 [ERROR] LogOutputStream:75 - [STDERR_REDIRECT] 
2025-11-30 16:33:34,838 [ERROR] LogOutputStream:75 - [STDERR_REDIRECT] [Fatal Error] :1:1: Premature end of file.
2025-11-30 16:33:34,838 [ERROR] LogOutputStream:75 - [STDERR_REDIRECT] 
2025-11-30 16:33:35,834 [ERROR] LogOutputStream:75 - [STDERR_REDIRECT] [Fatal Error] :1:1: Premature end of file.
2025-11-30 16:33:35,835 [ERROR] LogOutputStream:75 - [STDERR_REDIRECT] 
2025-11-30 16:33:36,839 [ERROR] LogOutputStream:75 - [STDERR_REDIRECT] [Fatal Error] :1:1: Premature end of file.
2025-11-30 16:33:36,839 [ERROR] LogOutputStream:75 - [STDERR_REDIRECT] 
2025-11-30 16:33:37,910 [ERROR] LogOutputStream:75 - [STDERR_REDIRECT] [Fatal Error] :1:1: Premature end of file.
2025-11-30 16:33:37,911 [ERROR] LogOutputStream:75 - [STDERR_REDIRECT] 
2025-11-30 16:33:38,832 [ERROR] LogOutputStream:75 - [STDERR_REDIRECT] [Fatal Error] :1:1: Premature end of file.
2025-11-30 16:33:38,832 [ERROR] LogOutputStream:75 - [STDERR_REDIRECT] 
2025-11-30 16:33:39,842 [ERROR] LogOutputStream:75 - [STDERR_REDIRECT] [Fatal Error] :1:1: Premature end of file.
2025-11-30 16:33:39,843 [ERROR] LogOutputStream:75 - [STDERR_REDIRECT] 
2025-11-30 16:33:40,840 [ERROR] LogOutputStream:75 - [STDERR_REDIRECT] [Fatal Error] :1:1: Premature end of file.
2025-11-30 16:33:40,841 [ERROR] LogOutputStream:75 - [STDERR_REDIRECT] 
2025-11-30 16:33:41,871 [ERROR] LogOutputStream:75 - [STDERR_REDIRECT] [Fatal Error] :1:1: Premature end of file.
2025-11-30 16:33:41,872 [ERROR] LogOutputStream:75 - [STDERR_REDIRECT] 
2025-11-30 16:33:42,846 [ERROR] LogOutputStream:75 - [STDERR_REDIRECT] [Fatal Error] :1:1: Premature end of file.
2025-11-30 16:33:42,846 [ERROR] LogOutputStream:75 - [STDERR_REDIRECT] 
2025-11-30 16:33:43,928 [ERROR] LogOutputStream:75 - [STDERR_REDIRECT] [Fatal Error] :1:1: Premature end of file.
2025-11-30 16:33:43,928 [ERROR] LogOutputStream:75 - [STDERR_REDIRECT] 
2025-11-30 16:33:44,832 [ERROR] LogOutputStream:75 - [STDERR_REDIRECT] [Fatal Error] :1:1: Premature end of file.
2025-11-30 16:33:44,833 [ERROR] LogOutputStream:75 - [STDERR_REDIRECT] 
2025-11-30 16:33:45,836 [ERROR] LogOutputStream:75 - [STDERR_REDIRECT] [Fatal Error] :1:1: Premature end of file.
2025-11-30 16:33:45,837 [ERROR] LogOutputStream:75 - [STDERR_REDIRECT] 
2025-11-30 16:33:46,826 [ERROR] LogOutputStream:75 - [STDERR_REDIRECT] [Fatal Error] :1:1: Premature end of file.
2025-11-30 16:33:46,826 [ERROR] LogOutputStream:75 - [STDERR_REDIRECT] 
2025-11-30 16:33:47,838 [ERROR] LogOutputStream:75 - [STDERR_REDIRECT] [Fatal Error] :1:1: Premature end of file.
2025-11-30 16:33:47,840 [ERROR] LogOutputStream:75 - [STDERR_REDIRECT] 
2025-11-30 16:33:48,827 [ERROR] LogOutputStream:75 - [STDERR_REDIRECT] [Fatal Error] :1:1: Premature end of file.
2025-11-30 16:33:48,828 [ERROR] LogOutputStream:75 - [STDERR_REDIRECT] 
2025-11-30 16:33:49,829 [ERROR] LogOutputStream:75 - [STDERR_REDIRECT] [Fatal Error] :1:1: Premature end of file.
2025-11-30 16:33:49,829 [ERROR] LogOutputStream:75 - [STDERR_REDIRECT] 
2025-11-30 16:33:50,909 [ERROR] LogOutputStream:75 - [STDERR_REDIRECT] [Fatal Error] :1:1: Premature end of file.
2025-11-30 16:33:50,910 [ERROR] LogOutputStream:75 - [STDERR_REDIRECT] 
2025-11-30 16:33:51,907 [ERROR] LogOutputStream:75 - [STDERR_REDIRECT] [Fatal Error] :1:1: Premature end of file.
2025-11-30 16:33:51,908 [ERROR] LogOutputStream:75 - [STDERR_REDIRECT] 
2025-11-30 16:33:52,911 [ERROR] LogOutputStream:75 - [STDERR_REDIRECT] [Fatal Error] :1:1: Premature end of file.
2025-11-30 16:33:52,912 [ERROR] LogOutputStream:75 - [STDERR_REDIRECT] 
2025-11-30 16:33:53,831 [ERROR] LogOutputStream:75 - [STDERR_REDIRECT] [Fatal Error] :1:1: Premature end of file.
2025-11-30 16:33:53,831 [ERROR] LogOutputStream:75 - [STDERR_REDIRECT] 
2025-11-30 16:33:54,910 [ERROR] LogOutputStream:75 - [STDERR_REDIRECT] [Fatal Error] :1:1: Premature end of file.
2025-11-30 16:33:54,910 [ERROR] LogOutputStream:75 - [STDERR_REDIRECT] 
2025-11-30 16:33:55,930 [ERROR] LogOutputStream:75 - [STDERR_REDIRECT] [Fatal Error] :1:1: Premature end of file.
2025-11-30 16:33:55,930 [ERROR] LogOutputStream:75 - [STDERR_REDIRECT] 
2025-11-30 16:33:56,926 [ERROR] LogOutputStream:75 - [STDERR_REDIRECT] [Fatal Error] :1:1: Premature end of file.
2025-11-30 16:33:56,926 [ERROR] LogOutputStream:75 - [STDERR_REDIRECT] 
2025-11-30 16:33:57,943 [ERROR] LogOutputStream:75 - [STDERR_REDIRECT] [Fatal Error] :1:1: Premature end of file.
2025-11-30 16:33:57,943 [ERROR] LogOutputStream:75 - [STDERR_REDIRECT] 
2025-11-30 16:33:58,916 [ERROR] LogOutputStream:75 - [STDERR_REDIRECT] [Fatal Error] :1:1: Premature end of file.
2025-11-30 16:33:58,916 [ERROR] LogOutputStream:75 - [STDERR_REDIRECT] 
2025-11-30 16:33:59,958 [ERROR] LogOutputStream:75 - [STDERR_REDIRECT] [Fatal Error] :1:1: Premature end of file.
2025-11-30 16:33:59,959 [ERROR] LogOutputStream:75 - [STDERR_REDIRECT] 
2025-11-30 16:34:00,849 [ERROR] LogOutputStream:75 - [STDERR_REDIRECT] [Fatal Error] :1:1: Premature end of file.
2025-11-30 16:34:00,849 [ERROR] LogOutputStream:75 - [STDERR_REDIRECT] 
2025-11-30 16:34:01,919 [ERROR] LogOutputStream:75 - [STDERR_REDIRECT] [Fatal Error] :1:1: Premature end of file.
2025-11-30 16:34:01,919 [ERROR] LogOutputStream:75 - [STDERR_REDIRECT] 
2025-11-30 16:34:02,832 [ERROR] LogOutputStream:75 - [STDERR_REDIRECT] [Fatal Error] :1:1: Premature end of file.
2025-11-30 16:34:02,832 [ERROR] LogOutputStream:75 - [STDERR_REDIRECT] 
2025-11-30 16:34:03,895 [ERROR] LogOutputStream:75 - [STDERR_REDIRECT] [Fatal Error] :1:1: Premature end of file.
2025-11-30 16:34:03,896 [ERROR] LogOutputStream:75 - [STDERR_REDIRECT] 
2025-11-30 16:34:04,838 [ERROR] LogOutputStream:75 - [STDERR_REDIRECT] [Fatal Error] :1:1: Premature end of file.
2025-11-30 16:34:04,839 [ERROR] LogOutputStream:75 - [STDERR_REDIRECT] 
2025-11-30 16:34:05,867 [ERROR] LogOutputStream:75 - [STDERR_REDIRECT] [Fatal Error] :1:1: Premature end of file.
2025-11-30 16:34:05,867 [ERROR] LogOutputStream:75 - [STDERR_REDIRECT] 
2025-11-30 16:34:06,923 [ERROR] LogOutputStream:75 - [STDERR_REDIRECT] [Fatal Error] :1:1: Premature end of file.
2025-11-30 16:34:06,924 [ERROR] LogOutputStream:75 - [STDERR_REDIRECT] 
2025-11-30 16:34:07,856 [ERROR] LogOutputStream:75 - [STDERR_REDIRECT] [Fatal Error] :1:1: Premature end of file.
2025-11-30 16:34:07,857 [ERROR] LogOutputStream:75 - [STDERR_REDIRECT] 
2025-11-30 16:34:08,928 [ERROR] LogOutputStream:75 - [STDERR_REDIRECT] [Fatal Error] :1:1: Premature end of file.
2025-11-30 16:34:08,928 [ERROR] LogOutputStream:75 - [STDERR_REDIRECT] 
2025-11-30 16:34:09,897 [ERROR] LogOutputStream:75 - [STDERR_REDIRECT] [Fatal Error] :1:1: Premature end of file.
2025-11-30 16:34:09,898 [ERROR] LogOutputStream:75 - [STDERR_REDIRECT] 
2025-11-30 16:34:10,117 [INFO] UtilMem:75 - End SaveConfig() Used Memory: 963162360 Bytes (1073741824)
2025-11-30 16:34:10,381 [INFO] WebApp:194 - Connection lost
2025-11-30 16:34:10,831 [ERROR] LogOutputStream:75 - [STDERR_REDIRECT] [Fatal Error] :1:1: Premature end of file.
2025-11-30 16:34:10,831 [ERROR] LogOutputStream:75 - [STDERR_REDIRECT] 
2025-11-30 16:34:10,886 [INFO] WebApp:191 - Connection restablished
2025-11-30 16:34:11,969 [ERROR] LogOutputStream:75 - [STDERR_REDIRECT] [Fatal Error] :1:1: Premature end of file.
2025-11-30 16:34:11,971 [ERROR] LogOutputStream:75 - [STDERR_REDIRECT] 
2025-11-30 16:34:12,973 [ERROR] LogOutputStream:75 - [STDERR_REDIRECT] [Fatal Error] :1:1: Premature end of file.
2025-11-30 16:34:12,974 [ERROR] LogOutputStream:75 - [STDERR_REDIRECT] 
2025-11-30 16:34:13,865 [ERROR] LogOutputStream:75 - [STDERR_REDIRECT] [Fatal Error] :1:1: Premature end of file.
2025-11-30 16:34:13,866 [ERROR] LogOutputStream:75 - [STDERR_REDIRECT] 
2025-11-30 16:34:13,878 [INFO] UtilMem:75 - End SaveConfig() Used Memory: 802449456 Bytes (1073741824)
2025-11-30 16:34:14,365 [INFO] BlockDiagram:2775 - set Specific Code input for plugin: USB_Device
2025-11-30 16:34:14,365 [INFO] BlockDiagram:2775 - set Specific Code input for plugin: SYS
2025-11-30 16:34:14,365 [INFO] BlockDiagram:2775 - set Specific Code input for plugin: RCC
2025-11-30 16:34:14,365 [INFO] BlockDiagram:2775 - set Specific Code input for plugin: NVIC
2025-11-30 16:34:14,365 [INFO] BlockDiagram:2775 - set Specific Code input for plugin: USART
2025-11-30 16:34:14,365 [INFO] BlockDiagram:2775 - set Specific Code input for plugin: USB
2025-11-30 16:34:14,366 [INFO] BlockDiagram:2775 - set Specific Code input for plugin: GPIO
2025-11-30 16:34:14,368 [INFO] CodeGenerator:892 - code generatio: config db path: C:\ST\STM32CubeIDE_1.18.1\STM32CubeIDE\plugins\com.st.stm32cube.common.mx_6.15.0.202507011659\\db\
2025-11-30 16:34:14,509 [INFO] CodeEngine:265 - oldGeneratedFile, F:\SNIFFER_CODING\HARDWARE\001_USB_detect_STM32G4\MXTmpFiles\license.tmp_save
2025-11-30 16:34:14,705 [INFO] CodeEngine:289 - Generated code: F:\SNIFFER_CODING\HARDWARE\001_USB_detect_STM32G4\MXTmpFiles\license.tmp
2025-11-30 16:34:14,791 [INFO] CodeEngine:265 - oldGeneratedFile, F:\SNIFFER_CODING\HARDWARE\001_USB_detect_STM32G4\MXTmpFiles\gpio.tmp_save
2025-11-30 16:34:14,847 [INFO] WebApp:194 - Connection lost
2025-11-30 16:34:14,847 [ERROR] LogOutputStream:75 - [STDERR_REDIRECT] [Fatal Error] :1:1: Premature end of file.
2025-11-30 16:34:14,848 [ERROR] LogOutputStream:75 - [STDERR_REDIRECT] 
2025-11-30 16:34:14,948 [INFO] CodeEngine:289 - Generated code: F:\SNIFFER_CODING\HARDWARE\001_USB_detect_STM32G4\MXTmpFiles\gpio.tmp
2025-11-30 16:34:15,074 [INFO] CodeEngine:265 - oldGeneratedFile, F:\SNIFFER_CODING\HARDWARE\001_USB_detect_STM32G4\MXTmpFiles\usb_vars.tmp_save
2025-11-30 16:34:15,121 [INFO] WebApp:191 - Connection restablished
2025-11-30 16:34:15,224 [INFO] CodeEngine:289 - Generated code: F:\SNIFFER_CODING\HARDWARE\001_USB_detect_STM32G4\MXTmpFiles\usb_vars.tmp
2025-11-30 16:34:15,231 [INFO] CodeEngine:265 - oldGeneratedFile, F:\SNIFFER_CODING\HARDWARE\001_USB_detect_STM32G4\MXTmpFiles\usb_inc.tmp_save
2025-11-30 16:34:15,372 [INFO] CodeEngine:289 - Generated code: F:\SNIFFER_CODING\HARDWARE\001_USB_detect_STM32G4\MXTmpFiles\usb_inc.tmp
2025-11-30 16:34:15,381 [INFO] CodeEngine:265 - oldGeneratedFile, F:\SNIFFER_CODING\HARDWARE\001_USB_detect_STM32G4\MXTmpFiles\usb_HalInit.tmp_save
2025-11-30 16:34:15,521 [INFO] CodeEngine:289 - Generated code: F:\SNIFFER_CODING\HARDWARE\001_USB_detect_STM32G4\MXTmpFiles\usb_HalInit.tmp
2025-11-30 16:34:15,530 [INFO] CodeEngine:265 - oldGeneratedFile, F:\SNIFFER_CODING\HARDWARE\001_USB_detect_STM32G4\MXTmpFiles\usb_Msp.tmp_save
2025-11-30 16:34:15,652 [INFO] CodeEngine:289 - Generated code: F:\SNIFFER_CODING\HARDWARE\001_USB_detect_STM32G4\MXTmpFiles\usb_Msp.tmp
2025-11-30 16:34:15,868 [ERROR] LogOutputStream:75 - [STDERR_REDIRECT] [Fatal Error] :1:1: Premature end of file.
2025-11-30 16:34:15,870 [ERROR] LogOutputStream:75 - [STDERR_REDIRECT] 
2025-11-30 16:34:15,927 [INFO] Middleware:1452 - No code input for Bsp Dependency
2025-11-30 16:34:15,958 [INFO] Middleware:1452 - No code input for Bsp Dependency
2025-11-30 16:34:15,983 [INFO] CodeEngine:265 - oldGeneratedFile, F:\SNIFFER_CODING\HARDWARE\001_USB_detect_STM32G4\USB_Device\App\usb_device.c_save
2025-11-30 16:34:16,133 [INFO] CodeEngine:289 - Generated code: F:\SNIFFER_CODING\HARDWARE\001_USB_detect_STM32G4\USB_Device\App\usb_device.c
2025-11-30 16:34:16,140 [INFO] CodeEngine:265 - oldGeneratedFile, F:\SNIFFER_CODING\HARDWARE\001_USB_detect_STM32G4\USB_Device\App\usb_device.h_save
2025-11-30 16:34:16,222 [INFO] CodeEngine:289 - Generated code: F:\SNIFFER_CODING\HARDWARE\001_USB_detect_STM32G4\USB_Device\App\usb_device.h
2025-11-30 16:34:16,227 [INFO] CodeEngine:265 - oldGeneratedFile, F:\SNIFFER_CODING\HARDWARE\001_USB_detect_STM32G4\USB_Device\Target\usbd_conf.h_save
2025-11-30 16:34:16,306 [INFO] CodeEngine:289 - Generated code: F:\SNIFFER_CODING\HARDWARE\001_USB_detect_STM32G4\USB_Device\Target\usbd_conf.h
2025-11-30 16:34:16,312 [INFO] CodeEngine:265 - oldGeneratedFile, F:\SNIFFER_CODING\HARDWARE\001_USB_detect_STM32G4\USB_Device\Target\usbd_conf.c_save
2025-11-30 16:34:16,390 [INFO] CodeEngine:289 - Generated code: F:\SNIFFER_CODING\HARDWARE\001_USB_detect_STM32G4\USB_Device\Target\usbd_conf.c
2025-11-30 16:34:16,396 [INFO] CodeEngine:265 - oldGeneratedFile, F:\SNIFFER_CODING\HARDWARE\001_USB_detect_STM32G4\USB_Device\App\usbd_desc.h_save
2025-11-30 16:34:16,465 [INFO] CodeEngine:289 - Generated code: F:\SNIFFER_CODING\HARDWARE\001_USB_detect_STM32G4\USB_Device\App\usbd_desc.h
2025-11-30 16:34:16,472 [INFO] CodeEngine:265 - oldGeneratedFile, F:\SNIFFER_CODING\HARDWARE\001_USB_detect_STM32G4\USB_Device\App\usbd_desc.c_save
2025-11-30 16:34:16,542 [INFO] CodeEngine:289 - Generated code: F:\SNIFFER_CODING\HARDWARE\001_USB_detect_STM32G4\USB_Device\App\usbd_desc.c
2025-11-30 16:34:16,547 [INFO] CodeEngine:265 - oldGeneratedFile, F:\SNIFFER_CODING\HARDWARE\001_USB_detect_STM32G4\USB_Device\App\usbd_cdc_if.h_save
2025-11-30 16:34:16,607 [INFO] CodeEngine:289 - Generated code: F:\SNIFFER_CODING\HARDWARE\001_USB_detect_STM32G4\USB_Device\App\usbd_cdc_if.h
2025-11-30 16:34:16,613 [INFO] CodeEngine:265 - oldGeneratedFile, F:\SNIFFER_CODING\HARDWARE\001_USB_detect_STM32G4\USB_Device\App\usbd_cdc_if.c_save
2025-11-30 16:34:16,675 [INFO] CodeEngine:289 - Generated code: F:\SNIFFER_CODING\HARDWARE\001_USB_detect_STM32G4\USB_Device\App\usbd_cdc_if.c
2025-11-30 16:34:16,691 [INFO] CodeEngine:265 - oldGeneratedFile, F:\SNIFFER_CODING\HARDWARE\001_USB_detect_STM32G4\Core\Src\stm32g4xx_it.c_save
2025-11-30 16:34:16,790 [INFO] CodeEngine:289 - Generated code: F:\SNIFFER_CODING\HARDWARE\001_USB_detect_STM32G4\Core\Src\stm32g4xx_it.c
2025-11-30 16:34:16,798 [INFO] CodeEngine:265 - oldGeneratedFile, F:\SNIFFER_CODING\HARDWARE\001_USB_detect_STM32G4\Core\Inc\stm32g4xx_it.h_save
2025-11-30 16:34:16,829 [ERROR] LogOutputStream:75 - [STDERR_REDIRECT] [Fatal Error] :1:1: Premature end of file.
2025-11-30 16:34:16,829 [ERROR] LogOutputStream:75 - [STDERR_REDIRECT] 
2025-11-30 16:34:16,862 [INFO] CodeEngine:289 - Generated code: F:\SNIFFER_CODING\HARDWARE\001_USB_detect_STM32G4\Core\Inc\stm32g4xx_it.h
2025-11-30 16:34:16,890 [INFO] CodeEngine:265 - oldGeneratedFile, F:\SNIFFER_CODING\HARDWARE\001_USB_detect_STM32G4\Core\Src\stm32g4xx_hal_msp.c_save
2025-11-30 16:34:16,989 [INFO] CodeEngine:289 - Generated code: F:\SNIFFER_CODING\HARDWARE\001_USB_detect_STM32G4\Core\Src\stm32g4xx_hal_msp.c
2025-11-30 16:34:16,994 [INFO] CodeEngine:265 - oldGeneratedFile, F:\SNIFFER_CODING\HARDWARE\001_USB_detect_STM32G4\MXTmpFiles\system.tmp_save
2025-11-30 16:34:17,056 [INFO] CodeEngine:289 - Generated code: F:\SNIFFER_CODING\HARDWARE\001_USB_detect_STM32G4\MXTmpFiles\system.tmp
2025-11-30 16:34:17,068 [INFO] CodeEngine:321 - oldGeneratedFile, F:\SNIFFER_CODING\HARDWARE\001_USB_detect_STM32G4\Core\Inc\stm32g4xx_hal_conf.h_save
2025-11-30 16:34:17,133 [INFO] CodeEngine:345 - Generated code: F:\SNIFFER_CODING\HARDWARE\001_USB_detect_STM32G4\Core\Inc\stm32g4xx_hal_conf.h
2025-11-30 16:34:17,159 [WARN] IPConfigManager:3238 - Warning: the RefConfig RCC_CommonPeriphClockConfig is not available in your config.xml file
2025-11-30 16:34:17,187 [INFO] ApiDbMcu:532 - Load IP Config File for USART1
2025-11-30 16:34:17,207 [INFO] CodeEngine:265 - oldGeneratedFile, F:\SNIFFER_CODING\HARDWARE\001_USB_detect_STM32G4\Core\Inc\main.h_save
2025-11-30 16:34:17,294 [INFO] CodeEngine:289 - Generated code: F:\SNIFFER_CODING\HARDWARE\001_USB_detect_STM32G4\Core\Inc\main.h
2025-11-30 16:34:17,307 [INFO] CodeEngine:265 - oldGeneratedFile, F:\SNIFFER_CODING\HARDWARE\001_USB_detect_STM32G4\Core\Src\main.c_save
2025-11-30 16:34:17,430 [INFO] CodeEngine:289 - Generated code: F:\SNIFFER_CODING\HARDWARE\001_USB_detect_STM32G4\Core\Src\main.c
2025-11-30 16:34:17,832 [ERROR] LogOutputStream:75 - [STDERR_REDIRECT] [Fatal Error] :1:1: Premature end of file.
2025-11-30 16:34:17,832 [ERROR] LogOutputStream:75 - [STDERR_REDIRECT] 
2025-11-30 16:34:17,876 [INFO] ProjectBuilder:3606 - Time for Copy HAL[1] : 212mS.
2025-11-30 16:34:17,881 [INFO] ProjectBuilder:5216 - Project Generator version: 4.7.0-B52
2025-11-30 16:34:18,056 [INFO] ConfigFileManager:1595 - The Die is : DIE469
2025-11-30 16:34:18,970 [ERROR] LogOutputStream:75 - [STDERR_REDIRECT] [Fatal Error] :1:1: Premature end of file.
2025-11-30 16:34:18,972 [ERROR] LogOutputStream:75 - [STDERR_REDIRECT] 
2025-11-30 16:34:20,029 [ERROR] LogOutputStream:75 - [STDERR_REDIRECT] [Fatal Error] :1:1: Premature end of file.
2025-11-30 16:34:20,030 [ERROR] LogOutputStream:75 - [STDERR_REDIRECT] 
2025-11-30 16:34:20,334 [INFO] ProjectBuilder:5496 - Time for Generating toolchain IDE Files: 2453mS.
2025-11-30 16:34:20,336 [INFO] ProjectBuilder:3463 - Time for Copy CMSIS : 1mS.
2025-11-30 16:34:20,340 [INFO] ProjectBuilder:3463 - Time for Copy CMSIS : 0mS.
2025-11-30 16:34:21,133 [ERROR] LogOutputStream:75 - [STDERR_REDIRECT] [Fatal Error] :1:1: Premature end of file.
2025-11-30 16:34:21,133 [ERROR] LogOutputStream:75 - [STDERR_REDIRECT] 
2025-11-30 16:34:21,876 [ERROR] LogOutputStream:75 - [STDERR_REDIRECT] [Fatal Error] :1:1: Premature end of file.
2025-11-30 16:34:21,876 [ERROR] LogOutputStream:75 - [STDERR_REDIRECT] 
2025-11-30 16:34:22,877 [ERROR] LogOutputStream:75 - [STDERR_REDIRECT] [Fatal Error] :1:1: Premature end of file.
2025-11-30 16:34:22,877 [ERROR] LogOutputStream:75 - [STDERR_REDIRECT] 
2025-11-30 16:34:23,862 [ERROR] LogOutputStream:75 - [STDERR_REDIRECT] [Fatal Error] :1:1: Premature end of file.
2025-11-30 16:34:23,863 [ERROR] LogOutputStream:75 - [STDERR_REDIRECT] 
2025-11-30 16:34:24,917 [ERROR] LogOutputStream:75 - [STDERR_REDIRECT] [Fatal Error] :1:1: Premature end of file.
2025-11-30 16:34:24,918 [ERROR] LogOutputStream:75 - [STDERR_REDIRECT] 
2025-11-30 16:34:25,840 [ERROR] LogOutputStream:75 - [STDERR_REDIRECT] [Fatal Error] :1:1: Premature end of file.
2025-11-30 16:34:25,840 [ERROR] LogOutputStream:75 - [STDERR_REDIRECT] 
2025-11-30 16:34:26,838 [ERROR] LogOutputStream:75 - [STDERR_REDIRECT] [Fatal Error] :1:1: Premature end of file.
2025-11-30 16:34:26,838 [ERROR] LogOutputStream:75 - [STDERR_REDIRECT] 
2025-11-30 16:34:27,830 [ERROR] LogOutputStream:75 - [STDERR_REDIRECT] [Fatal Error] :1:1: Premature end of file.
2025-11-30 16:34:27,830 [ERROR] LogOutputStream:75 - [STDERR_REDIRECT] 
2025-11-30 16:34:28,856 [ERROR] LogOutputStream:75 - [STDERR_REDIRECT] [Fatal Error] :1:1: Premature end of file.
2025-11-30 16:34:28,858 [ERROR] LogOutputStream:75 - [STDERR_REDIRECT] 
2025-11-30 16:34:29,838 [ERROR] LogOutputStream:75 - [STDERR_REDIRECT] [Fatal Error] :1:1: Premature end of file.
2025-11-30 16:34:29,838 [ERROR] LogOutputStream:75 - [STDERR_REDIRECT] 
2025-11-30 16:34:30,844 [ERROR] LogOutputStream:75 - [STDERR_REDIRECT] [Fatal Error] :1:1: Premature end of file.
2025-11-30 16:34:30,845 [ERROR] LogOutputStream:75 - [STDERR_REDIRECT] 
2025-11-30 16:34:31,845 [ERROR] LogOutputStream:75 - [STDERR_REDIRECT] [Fatal Error] :1:1: Premature end of file.
2025-11-30 16:34:31,845 [ERROR] LogOutputStream:75 - [STDERR_REDIRECT] 
2025-11-30 16:34:32,845 [ERROR] LogOutputStream:75 - [STDERR_REDIRECT] [Fatal Error] :1:1: Premature end of file.
2025-11-30 16:34:32,845 [ERROR] LogOutputStream:75 - [STDERR_REDIRECT] 
2025-11-30 16:34:33,870 [ERROR] LogOutputStream:75 - [STDERR_REDIRECT] [Fatal Error] :1:1: Premature end of file.
2025-11-30 16:34:33,870 [ERROR] LogOutputStream:75 - [STDERR_REDIRECT] 
2025-11-30 16:34:34,909 [ERROR] LogOutputStream:75 - [STDERR_REDIRECT] [Fatal Error] :1:1: Premature end of file.
2025-11-30 16:34:34,909 [ERROR] LogOutputStream:75 - [STDERR_REDIRECT] 
2025-11-30 16:34:35,880 [ERROR] LogOutputStream:75 - [STDERR_REDIRECT] [Fatal Error] :1:1: Premature end of file.
2025-11-30 16:34:35,881 [ERROR] LogOutputStream:75 - [STDERR_REDIRECT] 
2025-11-30 16:34:36,876 [ERROR] LogOutputStream:75 - [STDERR_REDIRECT] [Fatal Error] :1:1: Premature end of file.
2025-11-30 16:34:36,877 [ERROR] LogOutputStream:75 - [STDERR_REDIRECT] 
2025-11-30 16:34:37,918 [ERROR] LogOutputStream:75 - [STDERR_REDIRECT] [Fatal Error] :1:1: Premature end of file.
2025-11-30 16:34:37,919 [ERROR] LogOutputStream:75 - [STDERR_REDIRECT] 
2025-11-30 16:34:38,934 [ERROR] LogOutputStream:75 - [STDERR_REDIRECT] [Fatal Error] :1:1: Premature end of file.
2025-11-30 16:34:38,935 [ERROR] LogOutputStream:75 - [STDERR_REDIRECT] 
2025-11-30 16:34:39,890 [ERROR] LogOutputStream:75 - [STDERR_REDIRECT] [Fatal Error] :1:1: Premature end of file.
2025-11-30 16:34:39,890 [ERROR] LogOutputStream:75 - [STDERR_REDIRECT] 
2025-11-30 16:34:40,899 [ERROR] LogOutputStream:75 - [STDERR_REDIRECT] [Fatal Error] :1:1: Premature end of file.
2025-11-30 16:34:40,899 [ERROR] LogOutputStream:75 - [STDERR_REDIRECT] 
2025-11-30 16:34:41,912 [ERROR] LogOutputStream:75 - [STDERR_REDIRECT] [Fatal Error] :1:1: Premature end of file.
2025-11-30 16:34:41,913 [ERROR] LogOutputStream:75 - [STDERR_REDIRECT] 
2025-11-30 16:34:42,914 [ERROR] LogOutputStream:75 - [STDERR_REDIRECT] [Fatal Error] :1:1: Premature end of file.
2025-11-30 16:34:42,914 [ERROR] LogOutputStream:75 - [STDERR_REDIRECT] 
2025-11-30 16:34:43,839 [ERROR] LogOutputStream:75 - [STDERR_REDIRECT] [Fatal Error] :1:1: Premature end of file.
2025-11-30 16:34:43,839 [ERROR] LogOutputStream:75 - [STDERR_REDIRECT] 
2025-11-30 16:34:44,851 [ERROR] LogOutputStream:75 - [STDERR_REDIRECT] [Fatal Error] :1:1: Premature end of file.
2025-11-30 16:34:44,851 [ERROR] LogOutputStream:75 - [STDERR_REDIRECT] 
2025-11-30 16:34:45,927 [ERROR] LogOutputStream:75 - [STDERR_REDIRECT] [Fatal Error] :1:1: Premature end of file.
2025-11-30 16:34:45,928 [ERROR] LogOutputStream:75 - [STDERR_REDIRECT] 
2025-11-30 16:34:46,914 [ERROR] LogOutputStream:75 - [STDERR_REDIRECT] [Fatal Error] :1:1: Premature end of file.
2025-11-30 16:34:46,915 [ERROR] LogOutputStream:75 - [STDERR_REDIRECT] 
2025-11-30 16:34:47,914 [ERROR] LogOutputStream:75 - [STDERR_REDIRECT] [Fatal Error] :1:1: Premature end of file.
2025-11-30 16:34:47,915 [ERROR] LogOutputStream:75 - [STDERR_REDIRECT] 
2025-11-30 16:34:48,917 [ERROR] LogOutputStream:75 - [STDERR_REDIRECT] [Fatal Error] :1:1: Premature end of file.
2025-11-30 16:34:48,917 [ERROR] LogOutputStream:75 - [STDERR_REDIRECT] 
2025-11-30 16:34:49,833 [ERROR] LogOutputStream:75 - [STDERR_REDIRECT] [Fatal Error] :1:1: Premature end of file.
2025-11-30 16:34:49,833 [ERROR] LogOutputStream:75 - [STDERR_REDIRECT] 
2025-11-30 16:34:50,855 [ERROR] LogOutputStream:75 - [STDERR_REDIRECT] [Fatal Error] :1:1: Premature end of file.
2025-11-30 16:34:50,855 [ERROR] LogOutputStream:75 - [STDERR_REDIRECT] 
2025-11-30 16:34:51,922 [ERROR] LogOutputStream:75 - [STDERR_REDIRECT] [Fatal Error] :1:1: Premature end of file.
2025-11-30 16:34:51,923 [ERROR] LogOutputStream:75 - [STDERR_REDIRECT] 
2025-11-30 16:34:52,912 [ERROR] LogOutputStream:75 - [STDERR_REDIRECT] [Fatal Error] :1:1: Premature end of file.
2025-11-30 16:34:52,913 [ERROR] LogOutputStream:75 - [STDERR_REDIRECT] 
2025-11-30 16:34:53,914 [ERROR] LogOutputStream:75 - [STDERR_REDIRECT] [Fatal Error] :1:1: Premature end of file.
2025-11-30 16:34:53,915 [ERROR] LogOutputStream:75 - [STDERR_REDIRECT] 
2025-11-30 16:34:54,915 [ERROR] LogOutputStream:75 - [STDERR_REDIRECT] [Fatal Error] :1:1: Premature end of file.
2025-11-30 16:34:54,915 [ERROR] LogOutputStream:75 - [STDERR_REDIRECT] 
2025-11-30 16:34:55,929 [ERROR] LogOutputStream:75 - [STDERR_REDIRECT] [Fatal Error] :1:1: Premature end of file.
2025-11-30 16:34:55,930 [ERROR] LogOutputStream:75 - [STDERR_REDIRECT] 
2025-11-30 16:34:56,906 [ERROR] LogOutputStream:75 - [STDERR_REDIRECT] [Fatal Error] :1:1: Premature end of file.
2025-11-30 16:34:56,906 [ERROR] LogOutputStream:75 - [STDERR_REDIRECT] 
2025-11-30 16:34:57,923 [ERROR] LogOutputStream:75 - [STDERR_REDIRECT] [Fatal Error] :1:1: Premature end of file.
2025-11-30 16:34:57,924 [ERROR] LogOutputStream:75 - [STDERR_REDIRECT] 
2025-11-30 16:34:58,915 [ERROR] LogOutputStream:75 - [STDERR_REDIRECT] [Fatal Error] :1:1: Premature end of file.
2025-11-30 16:34:58,915 [ERROR] LogOutputStream:75 - [STDERR_REDIRECT] 
2025-11-30 16:34:59,905 [ERROR] LogOutputStream:75 - [STDERR_REDIRECT] [Fatal Error] :1:1: Premature end of file.
2025-11-30 16:34:59,905 [ERROR] LogOutputStream:75 - [STDERR_REDIRECT] 
2025-11-30 16:35:00,823 [ERROR] LogOutputStream:75 - [STDERR_REDIRECT] [Fatal Error] :1:1: Premature end of file.
2025-11-30 16:35:00,824 [ERROR] LogOutputStream:75 - [STDERR_REDIRECT] 
2025-11-30 16:35:01,848 [ERROR] LogOutputStream:75 - [STDERR_REDIRECT] [Fatal Error] :1:1: Premature end of file.
2025-11-30 16:35:01,848 [ERROR] LogOutputStream:75 - [STDERR_REDIRECT] 
2025-11-30 16:35:02,916 [ERROR] LogOutputStream:75 - [STDERR_REDIRECT] [Fatal Error] :1:1: Premature end of file.
2025-11-30 16:35:02,917 [ERROR] LogOutputStream:75 - [STDERR_REDIRECT] 
2025-11-30 16:35:03,906 [ERROR] LogOutputStream:75 - [STDERR_REDIRECT] [Fatal Error] :1:1: Premature end of file.
2025-11-30 16:35:03,906 [ERROR] LogOutputStream:75 - [STDERR_REDIRECT] 
2025-11-30 16:35:04,916 [ERROR] LogOutputStream:75 - [STDERR_REDIRECT] [Fatal Error] :1:1: Premature end of file.
2025-11-30 16:35:04,916 [ERROR] LogOutputStream:75 - [STDERR_REDIRECT] 
2025-11-30 16:35:05,903 [ERROR] LogOutputStream:75 - [STDERR_REDIRECT] [Fatal Error] :1:1: Premature end of file.
2025-11-30 16:35:05,904 [ERROR] LogOutputStream:75 - [STDERR_REDIRECT] 
2025-11-30 16:35:06,916 [ERROR] LogOutputStream:75 - [STDERR_REDIRECT] [Fatal Error] :1:1: Premature end of file.
2025-11-30 16:35:06,916 [ERROR] LogOutputStream:75 - [STDERR_REDIRECT] 
2025-11-30 16:35:07,904 [ERROR] LogOutputStream:75 - [STDERR_REDIRECT] [Fatal Error] :1:1: Premature end of file.
2025-11-30 16:35:07,904 [ERROR] LogOutputStream:75 - [STDERR_REDIRECT] 
2025-11-30 16:35:08,828 [ERROR] LogOutputStream:75 - [STDERR_REDIRECT] [Fatal Error] :1:1: Premature end of file.
2025-11-30 16:35:08,828 [ERROR] LogOutputStream:75 - [STDERR_REDIRECT] 
2025-11-30 16:35:09,913 [ERROR] LogOutputStream:75 - [STDERR_REDIRECT] [Fatal Error] :1:1: Premature end of file.
2025-11-30 16:35:09,914 [ERROR] LogOutputStream:75 - [STDERR_REDIRECT] 
2025-11-30 16:35:10,913 [ERROR] LogOutputStream:75 - [STDERR_REDIRECT] [Fatal Error] :1:1: Premature end of file.
2025-11-30 16:35:10,913 [ERROR] LogOutputStream:75 - [STDERR_REDIRECT] 
2025-11-30 16:35:11,913 [ERROR] LogOutputStream:75 - [STDERR_REDIRECT] [Fatal Error] :1:1: Premature end of file.
2025-11-30 16:35:11,913 [ERROR] LogOutputStream:75 - [STDERR_REDIRECT] 
2025-11-30 16:35:12,913 [ERROR] LogOutputStream:75 - [STDERR_REDIRECT] [Fatal Error] :1:1: Premature end of file.
2025-11-30 16:35:12,914 [ERROR] LogOutputStream:75 - [STDERR_REDIRECT] 
2025-11-30 16:35:13,909 [ERROR] LogOutputStream:75 - [STDERR_REDIRECT] [Fatal Error] :1:1: Premature end of file.
2025-11-30 16:35:13,909 [ERROR] LogOutputStream:75 - [STDERR_REDIRECT] 
2025-11-30 16:35:14,828 [ERROR] LogOutputStream:75 - [STDERR_REDIRECT] [Fatal Error] :1:1: Premature end of file.
2025-11-30 16:35:14,828 [ERROR] LogOutputStream:75 - [STDERR_REDIRECT] 
2025-11-30 16:35:15,862 [ERROR] LogOutputStream:75 - [STDERR_REDIRECT] [Fatal Error] :1:1: Premature end of file.
2025-11-30 16:35:15,862 [ERROR] LogOutputStream:75 - [STDERR_REDIRECT] 
2025-11-30 16:35:16,893 [ERROR] LogOutputStream:75 - [STDERR_REDIRECT] [Fatal Error] :1:1: Premature end of file.
2025-11-30 16:35:16,894 [ERROR] LogOutputStream:75 - [STDERR_REDIRECT] 
2025-11-30 16:35:17,914 [ERROR] LogOutputStream:75 - [STDERR_REDIRECT] [Fatal Error] :1:1: Premature end of file.
2025-11-30 16:35:17,914 [ERROR] LogOutputStream:75 - [STDERR_REDIRECT] 
2025-11-30 16:35:18,897 [ERROR] LogOutputStream:75 - [STDERR_REDIRECT] [Fatal Error] :1:1: Premature end of file.
2025-11-30 16:35:18,897 [ERROR] LogOutputStream:75 - [STDERR_REDIRECT] 
2025-11-30 16:35:19,905 [ERROR] LogOutputStream:75 - [STDERR_REDIRECT] [Fatal Error] :1:1: Premature end of file.
2025-11-30 16:35:19,905 [ERROR] LogOutputStream:75 - [STDERR_REDIRECT] 
2025-11-30 16:35:20,850 [ERROR] LogOutputStream:75 - [STDERR_REDIRECT] [Fatal Error] :1:1: Premature end of file.
2025-11-30 16:35:20,850 [ERROR] LogOutputStream:75 - [STDERR_REDIRECT] 
2025-11-30 16:35:21,866 [ERROR] LogOutputStream:75 - [STDERR_REDIRECT] [Fatal Error] :1:1: Premature end of file.
2025-11-30 16:35:21,866 [ERROR] LogOutputStream:75 - [STDERR_REDIRECT] 
2025-11-30 16:35:22,905 [ERROR] LogOutputStream:75 - [STDERR_REDIRECT] [Fatal Error] :1:1: Premature end of file.
2025-11-30 16:35:22,905 [ERROR] LogOutputStream:75 - [STDERR_REDIRECT] 
2025-11-30 16:35:23,855 [ERROR] LogOutputStream:75 - [STDERR_REDIRECT] [Fatal Error] :1:1: Premature end of file.
2025-11-30 16:35:23,855 [ERROR] LogOutputStream:75 - [STDERR_REDIRECT] 
2025-11-30 16:35:24,912 [ERROR] LogOutputStream:75 - [STDERR_REDIRECT] [Fatal Error] :1:1: Premature end of file.
2025-11-30 16:35:24,912 [ERROR] LogOutputStream:75 - [STDERR_REDIRECT] 
2025-11-30 16:35:25,908 [ERROR] LogOutputStream:75 - [STDERR_REDIRECT] [Fatal Error] :1:1: Premature end of file.
2025-11-30 16:35:25,908 [ERROR] LogOutputStream:75 - [STDERR_REDIRECT] 
2025-11-30 16:35:26,899 [ERROR] LogOutputStream:75 - [STDERR_REDIRECT] [Fatal Error] :1:1: Premature end of file.
2025-11-30 16:35:26,899 [ERROR] LogOutputStream:75 - [STDERR_REDIRECT] 
2025-11-30 16:35:27,911 [ERROR] LogOutputStream:75 - [STDERR_REDIRECT] [Fatal Error] :1:1: Premature end of file.
2025-11-30 16:35:27,913 [ERROR] LogOutputStream:75 - [STDERR_REDIRECT] 
2025-11-30 16:35:28,901 [ERROR] LogOutputStream:75 - [STDERR_REDIRECT] [Fatal Error] :1:1: Premature end of file.
2025-11-30 16:35:28,902 [ERROR] LogOutputStream:75 - [STDERR_REDIRECT] 
2025-11-30 16:35:29,914 [ERROR] LogOutputStream:75 - [STDERR_REDIRECT] [Fatal Error] :1:1: Premature end of file.
2025-11-30 16:35:29,914 [ERROR] LogOutputStream:75 - [STDERR_REDIRECT] 
2025-11-30 16:35:30,910 [ERROR] LogOutputStream:75 - [STDERR_REDIRECT] [Fatal Error] :1:1: Premature end of file.
2025-11-30 16:35:30,911 [ERROR] LogOutputStream:75 - [STDERR_REDIRECT] 
2025-11-30 16:35:31,913 [ERROR] LogOutputStream:75 - [STDERR_REDIRECT] [Fatal Error] :1:1: Premature end of file.
2025-11-30 16:35:31,914 [ERROR] LogOutputStream:75 - [STDERR_REDIRECT] 
2025-11-30 16:35:32,907 [ERROR] LogOutputStream:75 - [STDERR_REDIRECT] [Fatal Error] :1:1: Premature end of file.
2025-11-30 16:35:32,907 [ERROR] LogOutputStream:75 - [STDERR_REDIRECT] 
2025-11-30 16:35:33,870 [ERROR] LogOutputStream:75 - [STDERR_REDIRECT] [Fatal Error] :1:1: Premature end of file.
2025-11-30 16:35:33,870 [ERROR] LogOutputStream:75 - [STDERR_REDIRECT] 
2025-11-30 16:35:34,884 [ERROR] LogOutputStream:75 - [STDERR_REDIRECT] [Fatal Error] :1:1: Premature end of file.
2025-11-30 16:35:34,885 [ERROR] LogOutputStream:75 - [STDERR_REDIRECT] 
2025-11-30 16:35:35,934 [ERROR] LogOutputStream:75 - [STDERR_REDIRECT] [Fatal Error] :1:1: Premature end of file.
2025-11-30 16:35:35,935 [ERROR] LogOutputStream:75 - [STDERR_REDIRECT] 
2025-11-30 16:35:36,912 [ERROR] LogOutputStream:75 - [STDERR_REDIRECT] [Fatal Error] :1:1: Premature end of file.
2025-11-30 16:35:36,913 [ERROR] LogOutputStream:75 - [STDERR_REDIRECT] 
2025-11-30 16:35:37,858 [ERROR] LogOutputStream:75 - [STDERR_REDIRECT] [Fatal Error] :1:1: Premature end of file.
2025-11-30 16:35:37,858 [ERROR] LogOutputStream:75 - [STDERR_REDIRECT] 
2025-11-30 16:35:38,916 [ERROR] LogOutputStream:75 - [STDERR_REDIRECT] [Fatal Error] :1:1: Premature end of file.
2025-11-30 16:35:38,916 [ERROR] LogOutputStream:75 - [STDERR_REDIRECT] 
2025-11-30 16:35:39,914 [ERROR] LogOutputStream:75 - [STDERR_REDIRECT] [Fatal Error] :1:1: Premature end of file.
2025-11-30 16:35:39,914 [ERROR] LogOutputStream:75 - [STDERR_REDIRECT] 
2025-11-30 16:35:40,921 [ERROR] LogOutputStream:75 - [STDERR_REDIRECT] [Fatal Error] :1:1: Premature end of file.
2025-11-30 16:35:40,922 [ERROR] LogOutputStream:75 - [STDERR_REDIRECT] 
2025-11-30 16:35:41,918 [ERROR] LogOutputStream:75 - [STDERR_REDIRECT] [Fatal Error] :1:1: Premature end of file.
2025-11-30 16:35:41,918 [ERROR] LogOutputStream:75 - [STDERR_REDIRECT] 
2025-11-30 16:35:42,873 [ERROR] LogOutputStream:75 - [STDERR_REDIRECT] [Fatal Error] :1:1: Premature end of file.
2025-11-30 16:35:42,874 [ERROR] LogOutputStream:75 - [STDERR_REDIRECT] 
2025-11-30 16:35:43,843 [ERROR] LogOutputStream:75 - [STDERR_REDIRECT] [Fatal Error] :1:1: Premature end of file.
2025-11-30 16:35:43,844 [ERROR] LogOutputStream:75 - [STDERR_REDIRECT] 
2025-11-30 16:35:44,838 [ERROR] LogOutputStream:75 - [STDERR_REDIRECT] [Fatal Error] :1:1: Premature end of file.
2025-11-30 16:35:44,838 [ERROR] LogOutputStream:75 - [STDERR_REDIRECT] 
2025-11-30 16:35:45,880 [ERROR] LogOutputStream:75 - [STDERR_REDIRECT] [Fatal Error] :1:1: Premature end of file.
2025-11-30 16:35:45,880 [ERROR] LogOutputStream:75 - [STDERR_REDIRECT] 
2025-11-30 16:35:46,915 [ERROR] LogOutputStream:75 - [STDERR_REDIRECT] [Fatal Error] :1:1: Premature end of file.
2025-11-30 16:35:46,915 [ERROR] LogOutputStream:75 - [STDERR_REDIRECT] 
2025-11-30 16:35:47,913 [ERROR] LogOutputStream:75 - [STDERR_REDIRECT] [Fatal Error] :1:1: Premature end of file.
2025-11-30 16:35:47,914 [ERROR] LogOutputStream:75 - [STDERR_REDIRECT] 
2025-11-30 16:35:48,906 [ERROR] LogOutputStream:75 - [STDERR_REDIRECT] [Fatal Error] :1:1: Premature end of file.
2025-11-30 16:35:48,907 [ERROR] LogOutputStream:75 - [STDERR_REDIRECT] 
2025-11-30 16:35:49,886 [ERROR] LogOutputStream:75 - [STDERR_REDIRECT] [Fatal Error] :1:1: Premature end of file.
2025-11-30 16:35:49,886 [ERROR] LogOutputStream:75 - [STDERR_REDIRECT] 
2025-11-30 16:35:50,898 [ERROR] LogOutputStream:75 - [STDERR_REDIRECT] [Fatal Error] :1:1: Premature end of file.
2025-11-30 16:35:50,898 [ERROR] LogOutputStream:75 - [STDERR_REDIRECT] 
2025-11-30 16:35:51,912 [ERROR] LogOutputStream:75 - [STDERR_REDIRECT] [Fatal Error] :1:1: Premature end of file.
2025-11-30 16:35:51,912 [ERROR] LogOutputStream:75 - [STDERR_REDIRECT] 
2025-11-30 16:35:52,912 [ERROR] LogOutputStream:75 - [STDERR_REDIRECT] [Fatal Error] :1:1: Premature end of file.
2025-11-30 16:35:52,912 [ERROR] LogOutputStream:75 - [STDERR_REDIRECT] 
2025-11-30 16:35:53,911 [ERROR] LogOutputStream:75 - [STDERR_REDIRECT] [Fatal Error] :1:1: Premature end of file.
2025-11-30 16:35:53,911 [ERROR] LogOutputStream:75 - [STDERR_REDIRECT] 
2025-11-30 16:35:54,915 [ERROR] LogOutputStream:75 - [STDERR_REDIRECT] [Fatal Error] :1:1: Premature end of file.
2025-11-30 16:35:54,915 [ERROR] LogOutputStream:75 - [STDERR_REDIRECT] 
2025-11-30 16:35:55,910 [ERROR] LogOutputStream:75 - [STDERR_REDIRECT] [Fatal Error] :1:1: Premature end of file.
2025-11-30 16:35:55,912 [ERROR] LogOutputStream:75 - [STDERR_REDIRECT] 
2025-11-30 16:35:56,914 [ERROR] LogOutputStream:75 - [STDERR_REDIRECT] [Fatal Error] :1:1: Premature end of file.
2025-11-30 16:35:56,914 [ERROR] LogOutputStream:75 - [STDERR_REDIRECT] 
2025-11-30 16:35:57,912 [ERROR] LogOutputStream:75 - [STDERR_REDIRECT] [Fatal Error] :1:1: Premature end of file.
2025-11-30 16:35:57,912 [ERROR] LogOutputStream:75 - [STDERR_REDIRECT] 
2025-11-30 16:35:58,907 [ERROR] LogOutputStream:75 - [STDERR_REDIRECT] [Fatal Error] :1:1: Premature end of file.
2025-11-30 16:35:58,907 [ERROR] LogOutputStream:75 - [STDERR_REDIRECT] 
2025-11-30 16:35:59,916 [ERROR] LogOutputStream:75 - [STDERR_REDIRECT] [Fatal Error] :1:1: Premature end of file.
2025-11-30 16:35:59,917 [ERROR] LogOutputStream:75 - [STDERR_REDIRECT] 
2025-11-30 16:36:00,865 [ERROR] LogOutputStream:75 - [STDERR_REDIRECT] [Fatal Error] :1:1: Premature end of file.
2025-11-30 16:36:00,865 [ERROR] LogOutputStream:75 - [STDERR_REDIRECT] 
2025-11-30 16:36:01,910 [ERROR] LogOutputStream:75 - [STDERR_REDIRECT] [Fatal Error] :1:1: Premature end of file.
2025-11-30 16:36:01,910 [ERROR] LogOutputStream:75 - [STDERR_REDIRECT] 
2025-11-30 16:36:02,909 [ERROR] LogOutputStream:75 - [STDERR_REDIRECT] [Fatal Error] :1:1: Premature end of file.
2025-11-30 16:36:02,910 [ERROR] LogOutputStream:75 - [STDERR_REDIRECT] 
2025-11-30 16:36:03,910 [ERROR] LogOutputStream:75 - [STDERR_REDIRECT] [Fatal Error] :1:1: Premature end of file.
2025-11-30 16:36:03,910 [ERROR] LogOutputStream:75 - [STDERR_REDIRECT] 
2025-11-30 16:36:04,919 [ERROR] LogOutputStream:75 - [STDERR_REDIRECT] [Fatal Error] :1:1: Premature end of file.
2025-11-30 16:36:04,920 [ERROR] LogOutputStream:75 - [STDERR_REDIRECT] 
2025-11-30 16:36:05,919 [ERROR] LogOutputStream:75 - [STDERR_REDIRECT] [Fatal Error] :1:1: Premature end of file.
2025-11-30 16:36:05,919 [ERROR] LogOutputStream:75 - [STDERR_REDIRECT] 
2025-11-30 16:36:06,914 [ERROR] LogOutputStream:75 - [STDERR_REDIRECT] [Fatal Error] :1:1: Premature end of file.
2025-11-30 16:36:06,915 [ERROR] LogOutputStream:75 - [STDERR_REDIRECT] 
2025-11-30 16:36:07,916 [ERROR] LogOutputStream:75 - [STDERR_REDIRECT] [Fatal Error] :1:1: Premature end of file.
2025-11-30 16:36:07,916 [ERROR] LogOutputStream:75 - [STDERR_REDIRECT] 
2025-11-30 16:36:08,890 [ERROR] LogOutputStream:75 - [STDERR_REDIRECT] [Fatal Error] :1:1: Premature end of file.
2025-11-30 16:36:08,891 [ERROR] LogOutputStream:75 - [STDERR_REDIRECT] 
2025-11-30 16:36:09,931 [ERROR] LogOutputStream:75 - [STDERR_REDIRECT] [Fatal Error] :1:1: Premature end of file.
2025-11-30 16:36:09,932 [ERROR] LogOutputStream:75 - [STDERR_REDIRECT] 
2025-11-30 16:36:10,917 [ERROR] LogOutputStream:75 - [STDERR_REDIRECT] [Fatal Error] :1:1: Premature end of file.
2025-11-30 16:36:10,917 [ERROR] LogOutputStream:75 - [STDERR_REDIRECT] 
2025-11-30 16:36:11,905 [ERROR] LogOutputStream:75 - [STDERR_REDIRECT] [Fatal Error] :1:1: Premature end of file.
2025-11-30 16:36:11,905 [ERROR] LogOutputStream:75 - [STDERR_REDIRECT] 
2025-11-30 16:36:12,914 [ERROR] LogOutputStream:75 - [STDERR_REDIRECT] [Fatal Error] :1:1: Premature end of file.
2025-11-30 16:36:12,915 [ERROR] LogOutputStream:75 - [STDERR_REDIRECT] 
2025-11-30 16:36:13,918 [ERROR] LogOutputStream:75 - [STDERR_REDIRECT] [Fatal Error] :1:1: Premature end of file.
2025-11-30 16:36:13,919 [ERROR] LogOutputStream:75 - [STDERR_REDIRECT] 
2025-11-30 16:36:14,918 [ERROR] LogOutputStream:75 - [STDERR_REDIRECT] [Fatal Error] :1:1: Premature end of file.
2025-11-30 16:36:14,918 [ERROR] LogOutputStream:75 - [STDERR_REDIRECT] 
2025-11-30 16:36:15,893 [ERROR] LogOutputStream:75 - [STDERR_REDIRECT] [Fatal Error] :1:1: Premature end of file.
2025-11-30 16:36:15,894 [ERROR] LogOutputStream:75 - [STDERR_REDIRECT] 
2025-11-30 16:36:16,825 [ERROR] LogOutputStream:75 - [STDERR_REDIRECT] [Fatal Error] :1:1: Premature end of file.
2025-11-30 16:36:16,825 [ERROR] LogOutputStream:75 - [STDERR_REDIRECT] 
2025-11-30 16:36:17,869 [ERROR] LogOutputStream:75 - [STDERR_REDIRECT] [Fatal Error] :1:1: Premature end of file.
2025-11-30 16:36:17,869 [ERROR] LogOutputStream:75 - [STDERR_REDIRECT] 
2025-11-30 16:36:18,913 [ERROR] LogOutputStream:75 - [STDERR_REDIRECT] [Fatal Error] :1:1: Premature end of file.
2025-11-30 16:36:18,914 [ERROR] LogOutputStream:75 - [STDERR_REDIRECT] 
2025-11-30 16:36:19,826 [ERROR] LogOutputStream:75 - [STDERR_REDIRECT] [Fatal Error] :1:1: Premature end of file.
2025-11-30 16:36:19,828 [ERROR] LogOutputStream:75 - [STDERR_REDIRECT] 
2025-11-30 16:36:20,930 [ERROR] LogOutputStream:75 - [STDERR_REDIRECT] [Fatal Error] :1:1: Premature end of file.
2025-11-30 16:36:20,930 [ERROR] LogOutputStream:75 - [STDERR_REDIRECT] 
2025-11-30 16:36:21,835 [ERROR] LogOutputStream:75 - [STDERR_REDIRECT] [Fatal Error] :1:1: Premature end of file.
2025-11-30 16:36:21,835 [ERROR] LogOutputStream:75 - [STDERR_REDIRECT] 
2025-11-30 16:36:22,829 [ERROR] LogOutputStream:75 - [STDERR_REDIRECT] [Fatal Error] :1:1: Premature end of file.
2025-11-30 16:36:22,829 [ERROR] LogOutputStream:75 - [STDERR_REDIRECT] 
2025-11-30 16:36:23,922 [ERROR] LogOutputStream:75 - [STDERR_REDIRECT] [Fatal Error] :1:1: Premature end of file.
2025-11-30 16:36:23,922 [ERROR] LogOutputStream:75 - [STDERR_REDIRECT] 
2025-11-30 16:36:24,922 [ERROR] LogOutputStream:75 - [STDERR_REDIRECT] [Fatal Error] :1:1: Premature end of file.
2025-11-30 16:36:24,922 [ERROR] LogOutputStream:75 - [STDERR_REDIRECT] 
2025-11-30 16:36:25,834 [ERROR] LogOutputStream:75 - [STDERR_REDIRECT] [Fatal Error] :1:1: Premature end of file.
2025-11-30 16:36:25,834 [ERROR] LogOutputStream:75 - [STDERR_REDIRECT] 
2025-11-30 16:36:26,909 [ERROR] LogOutputStream:75 - [STDERR_REDIRECT] [Fatal Error] :1:1: Premature end of file.
2025-11-30 16:36:26,910 [ERROR] LogOutputStream:75 - [STDERR_REDIRECT] 
2025-11-30 16:36:27,911 [ERROR] LogOutputStream:75 - [STDERR_REDIRECT] [Fatal Error] :1:1: Premature end of file.
2025-11-30 16:36:27,912 [ERROR] LogOutputStream:75 - [STDERR_REDIRECT] 
2025-11-30 16:36:28,910 [ERROR] LogOutputStream:75 - [STDERR_REDIRECT] [Fatal Error] :1:1: Premature end of file.
2025-11-30 16:36:28,910 [ERROR] LogOutputStream:75 - [STDERR_REDIRECT] 
2025-11-30 16:36:29,923 [ERROR] LogOutputStream:75 - [STDERR_REDIRECT] [Fatal Error] :1:1: Premature end of file.
2025-11-30 16:36:29,923 [ERROR] LogOutputStream:75 - [STDERR_REDIRECT] 
2025-11-30 16:36:30,901 [ERROR] LogOutputStream:75 - [STDERR_REDIRECT] [Fatal Error] :1:1: Premature end of file.
2025-11-30 16:36:30,902 [ERROR] LogOutputStream:75 - [STDERR_REDIRECT] 
2025-11-30 16:36:31,912 [ERROR] LogOutputStream:75 - [STDERR_REDIRECT] [Fatal Error] :1:1: Premature end of file.
2025-11-30 16:36:31,913 [ERROR] LogOutputStream:75 - [STDERR_REDIRECT] 
2025-11-30 16:36:32,905 [ERROR] LogOutputStream:75 - [STDERR_REDIRECT] [Fatal Error] :1:1: Premature end of file.
2025-11-30 16:36:32,905 [ERROR] LogOutputStream:75 - [STDERR_REDIRECT] 
2025-11-30 16:36:33,830 [ERROR] LogOutputStream:75 - [STDERR_REDIRECT] [Fatal Error] :1:1: Premature end of file.
2025-11-30 16:36:33,830 [ERROR] LogOutputStream:75 - [STDERR_REDIRECT] 
2025-11-30 16:36:34,906 [ERROR] LogOutputStream:75 - [STDERR_REDIRECT] [Fatal Error] :1:1: Premature end of file.
2025-11-30 16:36:34,908 [ERROR] LogOutputStream:75 - [STDERR_REDIRECT] 
2025-11-30 16:36:35,909 [ERROR] LogOutputStream:75 - [STDERR_REDIRECT] [Fatal Error] :1:1: Premature end of file.
2025-11-30 16:36:35,909 [ERROR] LogOutputStream:75 - [STDERR_REDIRECT] 
2025-11-30 16:36:36,911 [ERROR] LogOutputStream:75 - [STDERR_REDIRECT] [Fatal Error] :1:1: Premature end of file.
2025-11-30 16:36:36,911 [ERROR] LogOutputStream:75 - [STDERR_REDIRECT] 
2025-11-30 16:36:37,910 [ERROR] LogOutputStream:75 - [STDERR_REDIRECT] [Fatal Error] :1:1: Premature end of file.
2025-11-30 16:36:37,910 [ERROR] LogOutputStream:75 - [STDERR_REDIRECT] 
2025-11-30 16:36:38,909 [ERROR] LogOutputStream:75 - [STDERR_REDIRECT] [Fatal Error] :1:1: Premature end of file.
2025-11-30 16:36:38,911 [ERROR] LogOutputStream:75 - [STDERR_REDIRECT] 
2025-11-30 16:36:39,863 [ERROR] LogOutputStream:75 - [STDERR_REDIRECT] [Fatal Error] :1:1: Premature end of file.
2025-11-30 16:36:39,863 [ERROR] LogOutputStream:75 - [STDERR_REDIRECT] 
2025-11-30 16:36:40,866 [ERROR] LogOutputStream:75 - [STDERR_REDIRECT] [Fatal Error] :1:1: Premature end of file.
2025-11-30 16:36:40,867 [ERROR] LogOutputStream:75 - [STDERR_REDIRECT] 
2025-11-30 16:36:41,864 [ERROR] LogOutputStream:75 - [STDERR_REDIRECT] [Fatal Error] :1:1: Premature end of file.
2025-11-30 16:36:41,864 [ERROR] LogOutputStream:75 - [STDERR_REDIRECT] 
2025-11-30 16:36:42,900 [ERROR] LogOutputStream:75 - [STDERR_REDIRECT] [Fatal Error] :1:1: Premature end of file.
2025-11-30 16:36:42,900 [ERROR] LogOutputStream:75 - [STDERR_REDIRECT] 
2025-11-30 16:36:43,899 [ERROR] LogOutputStream:75 - [STDERR_REDIRECT] [Fatal Error] :1:1: Premature end of file.
2025-11-30 16:36:43,900 [ERROR] LogOutputStream:75 - [STDERR_REDIRECT] 
2025-11-30 16:36:44,891 [ERROR] LogOutputStream:75 - [STDERR_REDIRECT] [Fatal Error] :1:1: Premature end of file.
2025-11-30 16:36:44,893 [ERROR] LogOutputStream:75 - [STDERR_REDIRECT] 
2025-11-30 16:36:45,918 [ERROR] LogOutputStream:75 - [STDERR_REDIRECT] [Fatal Error] :1:1: Premature end of file.
2025-11-30 16:36:45,919 [ERROR] LogOutputStream:75 - [STDERR_REDIRECT] 
2025-11-30 16:36:46,913 [ERROR] LogOutputStream:75 - [STDERR_REDIRECT] [Fatal Error] :1:1: Premature end of file.
2025-11-30 16:36:46,913 [ERROR] LogOutputStream:75 - [STDERR_REDIRECT] 
2025-11-30 16:36:47,828 [ERROR] LogOutputStream:75 - [STDERR_REDIRECT] [Fatal Error] :1:1: Premature end of file.
2025-11-30 16:36:47,828 [ERROR] LogOutputStream:75 - [STDERR_REDIRECT] 
2025-11-30 16:36:48,917 [ERROR] LogOutputStream:75 - [STDERR_REDIRECT] [Fatal Error] :1:1: Premature end of file.
2025-11-30 16:36:48,917 [ERROR] LogOutputStream:75 - [STDERR_REDIRECT] 
2025-11-30 16:36:49,855 [ERROR] LogOutputStream:75 - [STDERR_REDIRECT] [Fatal Error] :1:1: Premature end of file.
2025-11-30 16:36:49,855 [ERROR] LogOutputStream:75 - [STDERR_REDIRECT] 
2025-11-30 16:36:50,912 [ERROR] LogOutputStream:75 - [STDERR_REDIRECT] [Fatal Error] :1:1: Premature end of file.
2025-11-30 16:36:50,913 [ERROR] LogOutputStream:75 - [STDERR_REDIRECT] 
2025-11-30 16:36:51,912 [ERROR] LogOutputStream:75 - [STDERR_REDIRECT] [Fatal Error] :1:1: Premature end of file.
2025-11-30 16:36:51,912 [ERROR] LogOutputStream:75 - [STDERR_REDIRECT] 
2025-11-30 16:36:52,831 [ERROR] LogOutputStream:75 - [STDERR_REDIRECT] [Fatal Error] :1:1: Premature end of file.
2025-11-30 16:36:52,831 [ERROR] LogOutputStream:75 - [STDERR_REDIRECT] 
2025-11-30 16:36:53,896 [ERROR] LogOutputStream:75 - [STDERR_REDIRECT] [Fatal Error] :1:1: Premature end of file.
2025-11-30 16:36:53,896 [ERROR] LogOutputStream:75 - [STDERR_REDIRECT] 
2025-11-30 16:36:54,919 [ERROR] LogOutputStream:75 - [STDERR_REDIRECT] [Fatal Error] :1:1: Premature end of file.
2025-11-30 16:36:54,920 [ERROR] LogOutputStream:75 - [STDERR_REDIRECT] 
2025-11-30 16:36:55,904 [ERROR] LogOutputStream:75 - [STDERR_REDIRECT] [Fatal Error] :1:1: Premature end of file.
2025-11-30 16:36:55,905 [ERROR] LogOutputStream:75 - [STDERR_REDIRECT] 
2025-11-30 16:36:56,824 [ERROR] LogOutputStream:75 - [STDERR_REDIRECT] [Fatal Error] :1:1: Premature end of file.
2025-11-30 16:36:56,824 [ERROR] LogOutputStream:75 - [STDERR_REDIRECT] 
2025-11-30 16:36:57,822 [ERROR] LogOutputStream:75 - [STDERR_REDIRECT] [Fatal Error] :1:1: Premature end of file.
2025-11-30 16:36:57,822 [ERROR] LogOutputStream:75 - [STDERR_REDIRECT] 
2025-11-30 16:36:58,824 [ERROR] LogOutputStream:75 - [STDERR_REDIRECT] [Fatal Error] :1:1: Premature end of file.
2025-11-30 16:36:58,824 [ERROR] LogOutputStream:75 - [STDERR_REDIRECT] 
2025-11-30 16:36:59,823 [ERROR] LogOutputStream:75 - [STDERR_REDIRECT] [Fatal Error] :1:1: Premature end of file.
2025-11-30 16:36:59,823 [ERROR] LogOutputStream:75 - [STDERR_REDIRECT] 
2025-11-30 16:37:00,824 [ERROR] LogOutputStream:75 - [STDERR_REDIRECT] [Fatal Error] :1:1: Premature end of file.
2025-11-30 16:37:00,824 [ERROR] LogOutputStream:75 - [STDERR_REDIRECT] 
2025-11-30 16:37:01,823 [ERROR] LogOutputStream:75 - [STDERR_REDIRECT] [Fatal Error] :1:1: Premature end of file.
2025-11-30 16:37:01,824 [ERROR] LogOutputStream:75 - [STDERR_REDIRECT] 
2025-11-30 16:37:02,825 [ERROR] LogOutputStream:75 - [STDERR_REDIRECT] [Fatal Error] :1:1: Premature end of file.
2025-11-30 16:37:02,826 [ERROR] LogOutputStream:75 - [STDERR_REDIRECT] 
2025-11-30 16:37:03,823 [ERROR] LogOutputStream:75 - [STDERR_REDIRECT] [Fatal Error] :1:1: Premature end of file.
2025-11-30 16:37:03,823 [ERROR] LogOutputStream:75 - [STDERR_REDIRECT] 
2025-11-30 16:37:04,822 [ERROR] LogOutputStream:75 - [STDERR_REDIRECT] [Fatal Error] :1:1: Premature end of file.
2025-11-30 16:37:04,822 [ERROR] LogOutputStream:75 - [STDERR_REDIRECT] 
2025-11-30 16:37:05,823 [ERROR] LogOutputStream:75 - [STDERR_REDIRECT] [Fatal Error] :1:1: Premature end of file.
2025-11-30 16:37:05,824 [ERROR] LogOutputStream:75 - [STDERR_REDIRECT] 
2025-11-30 16:37:06,825 [ERROR] LogOutputStream:75 - [STDERR_REDIRECT] [Fatal Error] :1:1: Premature end of file.
2025-11-30 16:37:06,825 [ERROR] LogOutputStream:75 - [STDERR_REDIRECT] 
2025-11-30 16:37:07,824 [ERROR] LogOutputStream:75 - [STDERR_REDIRECT] [Fatal Error] :1:1: Premature end of file.
2025-11-30 16:37:07,824 [ERROR] LogOutputStream:75 - [STDERR_REDIRECT] 
2025-11-30 16:37:08,823 [ERROR] LogOutputStream:75 - [STDERR_REDIRECT] [Fatal Error] :1:1: Premature end of file.
2025-11-30 16:37:08,823 [ERROR] LogOutputStream:75 - [STDERR_REDIRECT] 
2025-11-30 16:37:09,824 [ERROR] LogOutputStream:75 - [STDERR_REDIRECT] [Fatal Error] :1:1: Premature end of file.
2025-11-30 16:37:09,824 [ERROR] LogOutputStream:75 - [STDERR_REDIRECT] 
2025-11-30 16:37:10,824 [ERROR] LogOutputStream:75 - [STDERR_REDIRECT] [Fatal Error] :1:1: Premature end of file.
2025-11-30 16:37:10,825 [ERROR] LogOutputStream:75 - [STDERR_REDIRECT] 
2025-11-30 16:37:11,825 [ERROR] LogOutputStream:75 - [STDERR_REDIRECT] [Fatal Error] :1:1: Premature end of file.
2025-11-30 16:37:11,825 [ERROR] LogOutputStream:75 - [STDERR_REDIRECT] 
2025-11-30 16:37:12,823 [ERROR] LogOutputStream:75 - [STDERR_REDIRECT] [Fatal Error] :1:1: Premature end of file.
2025-11-30 16:37:12,823 [ERROR] LogOutputStream:75 - [STDERR_REDIRECT] 
2025-11-30 16:37:13,824 [ERROR] LogOutputStream:75 - [STDERR_REDIRECT] [Fatal Error] :1:1: Premature end of file.
2025-11-30 16:37:13,824 [ERROR] LogOutputStream:75 - [STDERR_REDIRECT] 
2025-11-30 16:37:14,823 [ERROR] LogOutputStream:75 - [STDERR_REDIRECT] [Fatal Error] :1:1: Premature end of file.
2025-11-30 16:37:14,823 [ERROR] LogOutputStream:75 - [STDERR_REDIRECT] 
2025-11-30 16:37:15,827 [ERROR] LogOutputStream:75 - [STDERR_REDIRECT] [Fatal Error] :1:1: Premature end of file.
2025-11-30 16:37:15,827 [ERROR] LogOutputStream:75 - [STDERR_REDIRECT] 
2025-11-30 16:37:16,826 [ERROR] LogOutputStream:75 - [STDERR_REDIRECT] [Fatal Error] :1:1: Premature end of file.
2025-11-30 16:37:16,826 [ERROR] LogOutputStream:75 - [STDERR_REDIRECT] 
2025-11-30 16:37:17,824 [ERROR] LogOutputStream:75 - [STDERR_REDIRECT] [Fatal Error] :1:1: Premature end of file.
2025-11-30 16:37:17,824 [ERROR] LogOutputStream:75 - [STDERR_REDIRECT] 
2025-11-30 16:37:18,823 [ERROR] LogOutputStream:75 - [STDERR_REDIRECT] [Fatal Error] :1:1: Premature end of file.
2025-11-30 16:37:18,823 [ERROR] LogOutputStream:75 - [STDERR_REDIRECT] 
2025-11-30 16:37:19,823 [ERROR] LogOutputStream:75 - [STDERR_REDIRECT] [Fatal Error] :1:1: Premature end of file.
2025-11-30 16:37:19,823 [ERROR] LogOutputStream:75 - [STDERR_REDIRECT] 
2025-11-30 16:37:20,823 [ERROR] LogOutputStream:75 - [STDERR_REDIRECT] [Fatal Error] :1:1: Premature end of file.
2025-11-30 16:37:20,823 [ERROR] LogOutputStream:75 - [STDERR_REDIRECT] 
2025-11-30 16:37:21,823 [ERROR] LogOutputStream:75 - [STDERR_REDIRECT] [Fatal Error] :1:1: Premature end of file.
2025-11-30 16:37:21,823 [ERROR] LogOutputStream:75 - [STDERR_REDIRECT] 
2025-11-30 16:37:22,827 [ERROR] LogOutputStream:75 - [STDERR_REDIRECT] [Fatal Error] :1:1: Premature end of file.
2025-11-30 16:37:22,827 [ERROR] LogOutputStream:75 - [STDERR_REDIRECT] 
2025-11-30 16:37:23,823 [ERROR] LogOutputStream:75 - [STDERR_REDIRECT] [Fatal Error] :1:1: Premature end of file.
2025-11-30 16:37:23,824 [ERROR] LogOutputStream:75 - [STDERR_REDIRECT] 
2025-11-30 16:37:24,825 [ERROR] LogOutputStream:75 - [STDERR_REDIRECT] [Fatal Error] :1:1: Premature end of file.
2025-11-30 16:37:24,825 [ERROR] LogOutputStream:75 - [STDERR_REDIRECT] 
2025-11-30 16:37:25,822 [ERROR] LogOutputStream:75 - [STDERR_REDIRECT] [Fatal Error] :1:1: Premature end of file.
2025-11-30 16:37:25,823 [ERROR] LogOutputStream:75 - [STDERR_REDIRECT] 
2025-11-30 16:37:26,822 [ERROR] LogOutputStream:75 - [STDERR_REDIRECT] [Fatal Error] :1:1: Premature end of file.
2025-11-30 16:37:26,822 [ERROR] LogOutputStream:75 - [STDERR_REDIRECT] 
2025-11-30 16:37:27,822 [ERROR] LogOutputStream:75 - [STDERR_REDIRECT] [Fatal Error] :1:1: Premature end of file.
2025-11-30 16:37:27,822 [ERROR] LogOutputStream:75 - [STDERR_REDIRECT] 
2025-11-30 16:37:28,823 [ERROR] LogOutputStream:75 - [STDERR_REDIRECT] [Fatal Error] :1:1: Premature end of file.
2025-11-30 16:37:28,823 [ERROR] LogOutputStream:75 - [STDERR_REDIRECT] 
2025-11-30 16:37:29,823 [ERROR] LogOutputStream:75 - [STDERR_REDIRECT] [Fatal Error] :1:1: Premature end of file.
2025-11-30 16:37:29,823 [ERROR] LogOutputStream:75 - [STDERR_REDIRECT] 
2025-11-30 16:37:30,824 [ERROR] LogOutputStream:75 - [STDERR_REDIRECT] [Fatal Error] :1:1: Premature end of file.
2025-11-30 16:37:30,824 [ERROR] LogOutputStream:75 - [STDERR_REDIRECT] 
2025-11-30 16:37:31,826 [ERROR] LogOutputStream:75 - [STDERR_REDIRECT] [Fatal Error] :1:1: Premature end of file.
2025-11-30 16:37:31,827 [ERROR] LogOutputStream:75 - [STDERR_REDIRECT] 
2025-11-30 16:37:32,825 [ERROR] LogOutputStream:75 - [STDERR_REDIRECT] [Fatal Error] :1:1: Premature end of file.
2025-11-30 16:37:32,825 [ERROR] LogOutputStream:75 - [STDERR_REDIRECT] 
2025-11-30 16:37:33,823 [ERROR] LogOutputStream:75 - [STDERR_REDIRECT] [Fatal Error] :1:1: Premature end of file.
2025-11-30 16:37:33,823 [ERROR] LogOutputStream:75 - [STDERR_REDIRECT] 
2025-11-30 16:37:34,847 [ERROR] LogOutputStream:75 - [STDERR_REDIRECT] [Fatal Error] :1:1: Premature end of file.
2025-11-30 16:37:34,847 [ERROR] LogOutputStream:75 - [STDERR_REDIRECT] 
2025-11-30 16:37:36,246 [ERROR] LogOutputStream:75 - [STDERR_REDIRECT] [Fatal Error] :1:1: Premature end of file.
2025-11-30 16:37:36,246 [ERROR] LogOutputStream:75 - [STDERR_REDIRECT] 
2025-11-30 16:37:37,129 [ERROR] LogOutputStream:75 - [STDERR_REDIRECT] [Fatal Error] :1:1: Premature end of file.
2025-11-30 16:37:37,129 [ERROR] LogOutputStream:75 - [STDERR_REDIRECT] 
2025-11-30 16:37:38,198 [ERROR] LogOutputStream:75 - [STDERR_REDIRECT] [Fatal Error] :1:1: Premature end of file.
2025-11-30 16:37:38,199 [ERROR] LogOutputStream:75 - [STDERR_REDIRECT] 
2025-11-30 16:37:39,037 [ERROR] LogOutputStream:75 - [STDERR_REDIRECT] [Fatal Error] :1:1: Premature end of file.
2025-11-30 16:37:39,037 [ERROR] LogOutputStream:75 - [STDERR_REDIRECT] 
2025-11-30 16:37:39,826 [ERROR] LogOutputStream:75 - [STDERR_REDIRECT] [Fatal Error] :1:1: Premature end of file.
2025-11-30 16:37:39,826 [ERROR] LogOutputStream:75 - [STDERR_REDIRECT] 
2025-11-30 16:37:40,864 [ERROR] LogOutputStream:75 - [STDERR_REDIRECT] [Fatal Error] :1:1: Premature end of file.
2025-11-30 16:37:40,864 [ERROR] LogOutputStream:75 - [STDERR_REDIRECT] 
2025-11-30 16:37:41,825 [ERROR] LogOutputStream:75 - [STDERR_REDIRECT] [Fatal Error] :1:1: Premature end of file.
2025-11-30 16:37:41,826 [ERROR] LogOutputStream:75 - [STDERR_REDIRECT] 
2025-11-30 16:37:42,828 [ERROR] LogOutputStream:75 - [STDERR_REDIRECT] [Fatal Error] :1:1: Premature end of file.
2025-11-30 16:37:42,828 [ERROR] LogOutputStream:75 - [STDERR_REDIRECT] 
2025-11-30 16:37:43,836 [ERROR] LogOutputStream:75 - [STDERR_REDIRECT] [Fatal Error] :1:1: Premature end of file.
2025-11-30 16:37:43,836 [ERROR] LogOutputStream:75 - [STDERR_REDIRECT] 
2025-11-30 16:37:44,826 [ERROR] LogOutputStream:75 - [STDERR_REDIRECT] [Fatal Error] :1:1: Premature end of file.
2025-11-30 16:37:44,826 [ERROR] LogOutputStream:75 - [STDERR_REDIRECT] 
2025-11-30 16:37:45,838 [ERROR] LogOutputStream:75 - [STDERR_REDIRECT] [Fatal Error] :1:1: Premature end of file.
2025-11-30 16:37:45,838 [ERROR] LogOutputStream:75 - [STDERR_REDIRECT] 
2025-11-30 16:37:46,828 [ERROR] LogOutputStream:75 - [STDERR_REDIRECT] [Fatal Error] :1:1: Premature end of file.
2025-11-30 16:37:46,828 [ERROR] LogOutputStream:75 - [STDERR_REDIRECT] 
2025-11-30 16:37:47,841 [ERROR] LogOutputStream:75 - [STDERR_REDIRECT] [Fatal Error] :1:1: Premature end of file.
2025-11-30 16:37:47,841 [ERROR] LogOutputStream:75 - [STDERR_REDIRECT] 
2025-11-30 16:37:48,848 [ERROR] LogOutputStream:75 - [STDERR_REDIRECT] [Fatal Error] :1:1: Premature end of file.
2025-11-30 16:37:48,848 [ERROR] LogOutputStream:75 - [STDERR_REDIRECT] 
2025-11-30 16:37:49,925 [ERROR] LogOutputStream:75 - [STDERR_REDIRECT] [Fatal Error] :1:1: Premature end of file.
2025-11-30 16:37:49,925 [ERROR] LogOutputStream:75 - [STDERR_REDIRECT] 
2025-11-30 16:37:50,917 [ERROR] LogOutputStream:75 - [STDERR_REDIRECT] [Fatal Error] :1:1: Premature end of file.
2025-11-30 16:37:50,917 [ERROR] LogOutputStream:75 - [STDERR_REDIRECT] 
2025-11-30 16:37:51,922 [ERROR] LogOutputStream:75 - [STDERR_REDIRECT] [Fatal Error] :1:1: Premature end of file.
2025-11-30 16:37:51,923 [ERROR] LogOutputStream:75 - [STDERR_REDIRECT] 
2025-11-30 16:37:52,922 [ERROR] LogOutputStream:75 - [STDERR_REDIRECT] [Fatal Error] :1:1: Premature end of file.
2025-11-30 16:37:52,924 [ERROR] LogOutputStream:75 - [STDERR_REDIRECT] 
2025-11-30 16:37:53,918 [ERROR] LogOutputStream:75 - [STDERR_REDIRECT] [Fatal Error] :1:1: Premature end of file.
2025-11-30 16:37:53,918 [ERROR] LogOutputStream:75 - [STDERR_REDIRECT] 
2025-11-30 16:37:54,916 [ERROR] LogOutputStream:75 - [STDERR_REDIRECT] [Fatal Error] :1:1: Premature end of file.
2025-11-30 16:37:54,917 [ERROR] LogOutputStream:75 - [STDERR_REDIRECT] 
2025-11-30 16:37:55,931 [ERROR] LogOutputStream:75 - [STDERR_REDIRECT] [Fatal Error] :1:1: Premature end of file.
2025-11-30 16:37:55,931 [ERROR] LogOutputStream:75 - [STDERR_REDIRECT] 
2025-11-30 16:37:56,822 [ERROR] LogOutputStream:75 - [STDERR_REDIRECT] [Fatal Error] :1:1: Premature end of file.
2025-11-30 16:37:56,824 [ERROR] LogOutputStream:75 - [STDERR_REDIRECT] 
2025-11-30 16:37:57,830 [ERROR] LogOutputStream:75 - [STDERR_REDIRECT] [Fatal Error] :1:1: Premature end of file.
2025-11-30 16:37:57,831 [ERROR] LogOutputStream:75 - [STDERR_REDIRECT] 
2025-11-30 16:37:58,901 [ERROR] LogOutputStream:75 - [STDERR_REDIRECT] [Fatal Error] :1:1: Premature end of file.
2025-11-30 16:37:58,901 [ERROR] LogOutputStream:75 - [STDERR_REDIRECT] 
2025-11-30 16:37:59,952 [ERROR] LogOutputStream:75 - [STDERR_REDIRECT] [Fatal Error] :1:1: Premature end of file.
2025-11-30 16:37:59,952 [ERROR] LogOutputStream:75 - [STDERR_REDIRECT] 
2025-11-30 16:38:00,909 [ERROR] LogOutputStream:75 - [STDERR_REDIRECT] [Fatal Error] :1:1: Premature end of file.
2025-11-30 16:38:00,909 [ERROR] LogOutputStream:75 - [STDERR_REDIRECT] 
2025-11-30 16:38:01,910 [ERROR] LogOutputStream:75 - [STDERR_REDIRECT] [Fatal Error] :1:1: Premature end of file.
2025-11-30 16:38:01,911 [ERROR] LogOutputStream:75 - [STDERR_REDIRECT] 
2025-11-30 16:38:02,901 [ERROR] LogOutputStream:75 - [STDERR_REDIRECT] [Fatal Error] :1:1: Premature end of file.
2025-11-30 16:38:02,901 [ERROR] LogOutputStream:75 - [STDERR_REDIRECT] 
2025-11-30 16:38:03,905 [ERROR] LogOutputStream:75 - [STDERR_REDIRECT] [Fatal Error] :1:1: Premature end of file.
2025-11-30 16:38:03,905 [ERROR] LogOutputStream:75 - [STDERR_REDIRECT] 
2025-11-30 16:38:04,920 [ERROR] LogOutputStream:75 - [STDERR_REDIRECT] [Fatal Error] :1:1: Premature end of file.
2025-11-30 16:38:04,920 [ERROR] LogOutputStream:75 - [STDERR_REDIRECT] 
2025-11-30 16:38:05,921 [ERROR] LogOutputStream:75 - [STDERR_REDIRECT] [Fatal Error] :1:1: Premature end of file.
2025-11-30 16:38:05,922 [ERROR] LogOutputStream:75 - [STDERR_REDIRECT] 
2025-11-30 16:38:06,930 [ERROR] LogOutputStream:75 - [STDERR_REDIRECT] [Fatal Error] :1:1: Premature end of file.
2025-11-30 16:38:06,931 [ERROR] LogOutputStream:75 - [STDERR_REDIRECT] 
2025-11-30 16:38:07,901 [ERROR] LogOutputStream:75 - [STDERR_REDIRECT] [Fatal Error] :1:1: Premature end of file.
2025-11-30 16:38:07,901 [ERROR] LogOutputStream:75 - [STDERR_REDIRECT] 
2025-11-30 16:38:08,918 [ERROR] LogOutputStream:75 - [STDERR_REDIRECT] [Fatal Error] :1:1: Premature end of file.
2025-11-30 16:38:08,920 [ERROR] LogOutputStream:75 - [STDERR_REDIRECT] 
2025-11-30 16:38:09,908 [ERROR] LogOutputStream:75 - [STDERR_REDIRECT] [Fatal Error] :1:1: Premature end of file.
2025-11-30 16:38:09,908 [ERROR] LogOutputStream:75 - [STDERR_REDIRECT] 
2025-11-30 16:38:10,855 [ERROR] LogOutputStream:75 - [STDERR_REDIRECT] [Fatal Error] :1:1: Premature end of file.
2025-11-30 16:38:10,856 [ERROR] LogOutputStream:75 - [STDERR_REDIRECT] 
2025-11-30 16:38:11,909 [ERROR] LogOutputStream:75 - [STDERR_REDIRECT] [Fatal Error] :1:1: Premature end of file.
2025-11-30 16:38:11,910 [ERROR] LogOutputStream:75 - [STDERR_REDIRECT] 
2025-11-30 16:38:13,075 [ERROR] LogOutputStream:75 - [STDERR_REDIRECT] [Fatal Error] :1:1: Premature end of file.
2025-11-30 16:38:13,075 [ERROR] LogOutputStream:75 - [STDERR_REDIRECT] 
2025-11-30 16:38:13,825 [ERROR] LogOutputStream:75 - [STDERR_REDIRECT] [Fatal Error] :1:1: Premature end of file.
2025-11-30 16:38:13,825 [ERROR] LogOutputStream:75 - [STDERR_REDIRECT] 
2025-11-30 16:38:14,843 [ERROR] LogOutputStream:75 - [STDERR_REDIRECT] [Fatal Error] :1:1: Premature end of file.
2025-11-30 16:38:14,843 [ERROR] LogOutputStream:75 - [STDERR_REDIRECT] 
2025-11-30 16:38:15,913 [ERROR] LogOutputStream:75 - [STDERR_REDIRECT] [Fatal Error] :1:1: Premature end of file.
2025-11-30 16:38:15,913 [ERROR] LogOutputStream:75 - [STDERR_REDIRECT] 
2025-11-30 16:38:16,854 [ERROR] LogOutputStream:75 - [STDERR_REDIRECT] [Fatal Error] :1:1: Premature end of file.
2025-11-30 16:38:16,856 [ERROR] LogOutputStream:75 - [STDERR_REDIRECT] 
2025-11-30 16:38:17,911 [ERROR] LogOutputStream:75 - [STDERR_REDIRECT] [Fatal Error] :1:1: Premature end of file.
2025-11-30 16:38:17,911 [ERROR] LogOutputStream:75 - [STDERR_REDIRECT] 
2025-11-30 16:38:18,911 [ERROR] LogOutputStream:75 - [STDERR_REDIRECT] [Fatal Error] :1:1: Premature end of file.
2025-11-30 16:38:18,911 [ERROR] LogOutputStream:75 - [STDERR_REDIRECT] 
2025-11-30 16:38:19,916 [ERROR] LogOutputStream:75 - [STDERR_REDIRECT] [Fatal Error] :1:1: Premature end of file.
2025-11-30 16:38:19,917 [ERROR] LogOutputStream:75 - [STDERR_REDIRECT] 
2025-11-30 16:38:20,909 [ERROR] LogOutputStream:75 - [STDERR_REDIRECT] [Fatal Error] :1:1: Premature end of file.
2025-11-30 16:38:20,910 [ERROR] LogOutputStream:75 - [STDERR_REDIRECT] 
2025-11-30 16:38:21,914 [ERROR] LogOutputStream:75 - [STDERR_REDIRECT] [Fatal Error] :1:1: Premature end of file.
2025-11-30 16:38:21,915 [ERROR] LogOutputStream:75 - [STDERR_REDIRECT] 
2025-11-30 16:38:22,916 [ERROR] LogOutputStream:75 - [STDERR_REDIRECT] [Fatal Error] :1:1: Premature end of file.
2025-11-30 16:38:22,916 [ERROR] LogOutputStream:75 - [STDERR_REDIRECT] 
2025-11-30 16:38:23,937 [ERROR] LogOutputStream:75 - [STDERR_REDIRECT] [Fatal Error] :1:1: Premature end of file.
2025-11-30 16:38:23,937 [ERROR] LogOutputStream:75 - [STDERR_REDIRECT] 
2025-11-30 16:38:24,853 [ERROR] LogOutputStream:75 - [STDERR_REDIRECT] [Fatal Error] :1:1: Premature end of file.
2025-11-30 16:38:24,854 [ERROR] LogOutputStream:75 - [STDERR_REDIRECT] 
2025-11-30 16:38:25,911 [ERROR] LogOutputStream:75 - [STDERR_REDIRECT] [Fatal Error] :1:1: Premature end of file.
2025-11-30 16:38:25,913 [ERROR] LogOutputStream:75 - [STDERR_REDIRECT] 
2025-11-30 16:38:26,850 [ERROR] LogOutputStream:75 - [STDERR_REDIRECT] [Fatal Error] :1:1: Premature end of file.
2025-11-30 16:38:26,850 [ERROR] LogOutputStream:75 - [STDERR_REDIRECT] 
2025-11-30 16:38:27,910 [ERROR] LogOutputStream:75 - [STDERR_REDIRECT] [Fatal Error] :1:1: Premature end of file.
2025-11-30 16:38:27,910 [ERROR] LogOutputStream:75 - [STDERR_REDIRECT] 
2025-11-30 16:38:28,912 [ERROR] LogOutputStream:75 - [STDERR_REDIRECT] [Fatal Error] :1:1: Premature end of file.
2025-11-30 16:38:28,912 [ERROR] LogOutputStream:75 - [STDERR_REDIRECT] 
2025-11-30 16:38:29,917 [ERROR] LogOutputStream:75 - [STDERR_REDIRECT] [Fatal Error] :1:1: Premature end of file.
2025-11-30 16:38:29,917 [ERROR] LogOutputStream:75 - [STDERR_REDIRECT] 
2025-11-30 16:38:30,909 [ERROR] LogOutputStream:75 - [STDERR_REDIRECT] [Fatal Error] :1:1: Premature end of file.
2025-11-30 16:38:30,909 [ERROR] LogOutputStream:75 - [STDERR_REDIRECT] 
2025-11-30 16:38:31,913 [ERROR] LogOutputStream:75 - [STDERR_REDIRECT] [Fatal Error] :1:1: Premature end of file.
2025-11-30 16:38:31,913 [ERROR] LogOutputStream:75 - [STDERR_REDIRECT] 
2025-11-30 16:38:32,910 [ERROR] LogOutputStream:75 - [STDERR_REDIRECT] [Fatal Error] :1:1: Premature end of file.
2025-11-30 16:38:32,911 [ERROR] LogOutputStream:75 - [STDERR_REDIRECT] 
2025-11-30 16:38:33,908 [ERROR] LogOutputStream:75 - [STDERR_REDIRECT] [Fatal Error] :1:1: Premature end of file.
2025-11-30 16:38:33,909 [ERROR] LogOutputStream:75 - [STDERR_REDIRECT] 
2025-11-30 16:38:34,908 [ERROR] LogOutputStream:75 - [STDERR_REDIRECT] [Fatal Error] :1:1: Premature end of file.
2025-11-30 16:38:34,908 [ERROR] LogOutputStream:75 - [STDERR_REDIRECT] 
2025-11-30 16:38:35,910 [ERROR] LogOutputStream:75 - [STDERR_REDIRECT] [Fatal Error] :1:1: Premature end of file.
2025-11-30 16:38:35,911 [ERROR] LogOutputStream:75 - [STDERR_REDIRECT] 
2025-11-30 16:38:36,913 [ERROR] LogOutputStream:75 - [STDERR_REDIRECT] [Fatal Error] :1:1: Premature end of file.
2025-11-30 16:38:36,915 [ERROR] LogOutputStream:75 - [STDERR_REDIRECT] 
2025-11-30 16:38:37,903 [ERROR] LogOutputStream:75 - [STDERR_REDIRECT] [Fatal Error] :1:1: Premature end of file.
2025-11-30 16:38:37,904 [ERROR] LogOutputStream:75 - [STDERR_REDIRECT] 
2025-11-30 16:38:38,911 [ERROR] LogOutputStream:75 - [STDERR_REDIRECT] [Fatal Error] :1:1: Premature end of file.
2025-11-30 16:38:38,911 [ERROR] LogOutputStream:75 - [STDERR_REDIRECT] 
2025-11-30 16:38:39,918 [ERROR] LogOutputStream:75 - [STDERR_REDIRECT] [Fatal Error] :1:1: Premature end of file.
2025-11-30 16:38:39,918 [ERROR] LogOutputStream:75 - [STDERR_REDIRECT] 
2025-11-30 16:38:40,835 [ERROR] LogOutputStream:75 - [STDERR_REDIRECT] [Fatal Error] :1:1: Premature end of file.
2025-11-30 16:38:40,835 [ERROR] LogOutputStream:75 - [STDERR_REDIRECT] 
2025-11-30 16:38:41,897 [ERROR] LogOutputStream:75 - [STDERR_REDIRECT] [Fatal Error] :1:1: Premature end of file.
2025-11-30 16:38:41,897 [ERROR] LogOutputStream:75 - [STDERR_REDIRECT] 
2025-11-30 16:38:42,872 [ERROR] LogOutputStream:75 - [STDERR_REDIRECT] [Fatal Error] :1:1: Premature end of file.
2025-11-30 16:38:42,872 [ERROR] LogOutputStream:75 - [STDERR_REDIRECT] 
2025-11-30 16:38:43,851 [ERROR] LogOutputStream:75 - [STDERR_REDIRECT] [Fatal Error] :1:1: Premature end of file.
2025-11-30 16:38:43,852 [ERROR] LogOutputStream:75 - [STDERR_REDIRECT] 
2025-11-30 16:38:44,917 [ERROR] LogOutputStream:75 - [STDERR_REDIRECT] [Fatal Error] :1:1: Premature end of file.
2025-11-30 16:38:44,917 [ERROR] LogOutputStream:75 - [STDERR_REDIRECT] 
2025-11-30 16:38:45,900 [ERROR] LogOutputStream:75 - [STDERR_REDIRECT] [Fatal Error] :1:1: Premature end of file.
2025-11-30 16:38:45,900 [ERROR] LogOutputStream:75 - [STDERR_REDIRECT] 
2025-11-30 16:38:46,910 [ERROR] LogOutputStream:75 - [STDERR_REDIRECT] [Fatal Error] :1:1: Premature end of file.
2025-11-30 16:38:46,911 [ERROR] LogOutputStream:75 - [STDERR_REDIRECT] 
2025-11-30 16:38:47,921 [ERROR] LogOutputStream:75 - [STDERR_REDIRECT] [Fatal Error] :1:1: Premature end of file.
2025-11-30 16:38:47,922 [ERROR] LogOutputStream:75 - [STDERR_REDIRECT] 
2025-11-30 16:38:48,910 [ERROR] LogOutputStream:75 - [STDERR_REDIRECT] [Fatal Error] :1:1: Premature end of file.
2025-11-30 16:38:48,910 [ERROR] LogOutputStream:75 - [STDERR_REDIRECT] 
2025-11-30 16:38:49,915 [ERROR] LogOutputStream:75 - [STDERR_REDIRECT] [Fatal Error] :1:1: Premature end of file.
2025-11-30 16:38:49,916 [ERROR] LogOutputStream:75 - [STDERR_REDIRECT] 
2025-11-30 16:38:50,914 [ERROR] LogOutputStream:75 - [STDERR_REDIRECT] [Fatal Error] :1:1: Premature end of file.
2025-11-30 16:38:50,914 [ERROR] LogOutputStream:75 - [STDERR_REDIRECT] 
2025-11-30 16:38:51,885 [ERROR] LogOutputStream:75 - [STDERR_REDIRECT] [Fatal Error] :1:1: Premature end of file.
2025-11-30 16:38:51,885 [ERROR] LogOutputStream:75 - [STDERR_REDIRECT] 
2025-11-30 16:38:52,939 [ERROR] LogOutputStream:75 - [STDERR_REDIRECT] [Fatal Error] :1:1: Premature end of file.
2025-11-30 16:38:52,940 [ERROR] LogOutputStream:75 - [STDERR_REDIRECT] 
2025-11-30 16:38:53,909 [ERROR] LogOutputStream:75 - [STDERR_REDIRECT] [Fatal Error] :1:1: Premature end of file.
2025-11-30 16:38:53,909 [ERROR] LogOutputStream:75 - [STDERR_REDIRECT] 
2025-11-30 16:38:54,961 [ERROR] LogOutputStream:75 - [STDERR_REDIRECT] [Fatal Error] :1:1: Premature end of file.
2025-11-30 16:38:54,961 [ERROR] LogOutputStream:75 - [STDERR_REDIRECT] 
2025-11-30 16:38:55,871 [ERROR] LogOutputStream:75 - [STDERR_REDIRECT] [Fatal Error] :1:1: Premature end of file.
2025-11-30 16:38:55,872 [ERROR] LogOutputStream:75 - [STDERR_REDIRECT] 
2025-11-30 16:38:56,921 [ERROR] LogOutputStream:75 - [STDERR_REDIRECT] [Fatal Error] :1:1: Premature end of file.
2025-11-30 16:38:56,922 [ERROR] LogOutputStream:75 - [STDERR_REDIRECT] 
2025-11-30 16:38:57,834 [ERROR] LogOutputStream:75 - [STDERR_REDIRECT] [Fatal Error] :1:1: Premature end of file.
2025-11-30 16:38:57,834 [ERROR] LogOutputStream:75 - [STDERR_REDIRECT] 
2025-11-30 16:38:58,832 [ERROR] LogOutputStream:75 - [STDERR_REDIRECT] [Fatal Error] :1:1: Premature end of file.
2025-11-30 16:38:58,832 [ERROR] LogOutputStream:75 - [STDERR_REDIRECT] 
2025-11-30 16:38:59,915 [ERROR] LogOutputStream:75 - [STDERR_REDIRECT] [Fatal Error] :1:1: Premature end of file.
2025-11-30 16:38:59,915 [ERROR] LogOutputStream:75 - [STDERR_REDIRECT] 
2025-11-30 16:39:00,935 [ERROR] LogOutputStream:75 - [STDERR_REDIRECT] [Fatal Error] :1:1: Premature end of file.
2025-11-30 16:39:00,935 [ERROR] LogOutputStream:75 - [STDERR_REDIRECT] 
2025-11-30 16:39:01,918 [ERROR] LogOutputStream:75 - [STDERR_REDIRECT] [Fatal Error] :1:1: Premature end of file.
2025-11-30 16:39:01,918 [ERROR] LogOutputStream:75 - [STDERR_REDIRECT] 
2025-11-30 16:39:02,837 [ERROR] LogOutputStream:75 - [STDERR_REDIRECT] [Fatal Error] :1:1: Premature end of file.
2025-11-30 16:39:02,837 [ERROR] LogOutputStream:75 - [STDERR_REDIRECT] 
2025-11-30 16:39:03,916 [ERROR] LogOutputStream:75 - [STDERR_REDIRECT] [Fatal Error] :1:1: Premature end of file.
2025-11-30 16:39:03,916 [ERROR] LogOutputStream:75 - [STDERR_REDIRECT] 
2025-11-30 16:39:04,909 [ERROR] LogOutputStream:75 - [STDERR_REDIRECT] [Fatal Error] :1:1: Premature end of file.
2025-11-30 16:39:04,909 [ERROR] LogOutputStream:75 - [STDERR_REDIRECT] 
2025-11-30 16:39:05,914 [ERROR] LogOutputStream:75 - [STDERR_REDIRECT] [Fatal Error] :1:1: Premature end of file.
2025-11-30 16:39:05,915 [ERROR] LogOutputStream:75 - [STDERR_REDIRECT] 
2025-11-30 16:39:06,860 [ERROR] LogOutputStream:75 - [STDERR_REDIRECT] [Fatal Error] :1:1: Premature end of file.
2025-11-30 16:39:06,861 [ERROR] LogOutputStream:75 - [STDERR_REDIRECT] 
2025-11-30 16:39:07,858 [ERROR] LogOutputStream:75 - [STDERR_REDIRECT] [Fatal Error] :1:1: Premature end of file.
2025-11-30 16:39:07,858 [ERROR] LogOutputStream:75 - [STDERR_REDIRECT] 
2025-11-30 16:39:08,910 [ERROR] LogOutputStream:75 - [STDERR_REDIRECT] [Fatal Error] :1:1: Premature end of file.
2025-11-30 16:39:08,910 [ERROR] LogOutputStream:75 - [STDERR_REDIRECT] 
2025-11-30 16:39:09,912 [ERROR] LogOutputStream:75 - [STDERR_REDIRECT] [Fatal Error] :1:1: Premature end of file.
2025-11-30 16:39:09,912 [ERROR] LogOutputStream:75 - [STDERR_REDIRECT] 
2025-11-30 16:39:10,841 [ERROR] LogOutputStream:75 - [STDERR_REDIRECT] [Fatal Error] :1:1: Premature end of file.
2025-11-30 16:39:10,841 [ERROR] LogOutputStream:75 - [STDERR_REDIRECT] 
2025-11-30 16:39:11,860 [ERROR] LogOutputStream:75 - [STDERR_REDIRECT] [Fatal Error] :1:1: Premature end of file.
2025-11-30 16:39:11,860 [ERROR] LogOutputStream:75 - [STDERR_REDIRECT] 
2025-11-30 16:39:12,928 [ERROR] LogOutputStream:75 - [STDERR_REDIRECT] [Fatal Error] :1:1: Premature end of file.
2025-11-30 16:39:12,928 [ERROR] LogOutputStream:75 - [STDERR_REDIRECT] 
2025-11-30 16:39:13,870 [ERROR] LogOutputStream:75 - [STDERR_REDIRECT] [Fatal Error] :1:1: Premature end of file.
2025-11-30 16:39:13,870 [ERROR] LogOutputStream:75 - [STDERR_REDIRECT] 
2025-11-30 16:39:14,913 [ERROR] LogOutputStream:75 - [STDERR_REDIRECT] [Fatal Error] :1:1: Premature end of file.
2025-11-30 16:39:14,913 [ERROR] LogOutputStream:75 - [STDERR_REDIRECT] 
2025-11-30 16:39:15,892 [ERROR] LogOutputStream:75 - [STDERR_REDIRECT] [Fatal Error] :1:1: Premature end of file.
2025-11-30 16:39:15,893 [ERROR] LogOutputStream:75 - [STDERR_REDIRECT] 
2025-11-30 16:39:16,910 [ERROR] LogOutputStream:75 - [STDERR_REDIRECT] [Fatal Error] :1:1: Premature end of file.
2025-11-30 16:39:16,910 [ERROR] LogOutputStream:75 - [STDERR_REDIRECT] 
2025-11-30 16:39:17,923 [ERROR] LogOutputStream:75 - [STDERR_REDIRECT] [Fatal Error] :1:1: Premature end of file.
2025-11-30 16:39:17,923 [ERROR] LogOutputStream:75 - [STDERR_REDIRECT] 
2025-11-30 16:39:18,925 [ERROR] LogOutputStream:75 - [STDERR_REDIRECT] [Fatal Error] :1:1: Premature end of file.
2025-11-30 16:39:18,926 [ERROR] LogOutputStream:75 - [STDERR_REDIRECT] 
2025-11-30 16:39:19,911 [ERROR] LogOutputStream:75 - [STDERR_REDIRECT] [Fatal Error] :1:1: Premature end of file.
2025-11-30 16:39:19,911 [ERROR] LogOutputStream:75 - [STDERR_REDIRECT] 
2025-11-30 16:39:20,841 [ERROR] LogOutputStream:75 - [STDERR_REDIRECT] [Fatal Error] :1:1: Premature end of file.
2025-11-30 16:39:20,841 [ERROR] LogOutputStream:75 - [STDERR_REDIRECT] 
2025-11-30 16:39:21,906 [ERROR] LogOutputStream:75 - [STDERR_REDIRECT] [Fatal Error] :1:1: Premature end of file.
2025-11-30 16:39:21,906 [ERROR] LogOutputStream:75 - [STDERR_REDIRECT] 
2025-11-30 16:39:22,910 [ERROR] LogOutputStream:75 - [STDERR_REDIRECT] [Fatal Error] :1:1: Premature end of file.
2025-11-30 16:39:22,910 [ERROR] LogOutputStream:75 - [STDERR_REDIRECT] 
2025-11-30 16:39:23,830 [ERROR] LogOutputStream:75 - [STDERR_REDIRECT] [Fatal Error] :1:1: Premature end of file.
2025-11-30 16:39:23,830 [ERROR] LogOutputStream:75 - [STDERR_REDIRECT] 
2025-11-30 16:39:24,870 [ERROR] LogOutputStream:75 - [STDERR_REDIRECT] [Fatal Error] :1:1: Premature end of file.
2025-11-30 16:39:24,870 [ERROR] LogOutputStream:75 - [STDERR_REDIRECT] 
2025-11-30 16:39:25,834 [ERROR] LogOutputStream:75 - [STDERR_REDIRECT] [Fatal Error] :1:1: Premature end of file.
2025-11-30 16:39:25,834 [ERROR] LogOutputStream:75 - [STDERR_REDIRECT] 
2025-11-30 16:39:26,891 [ERROR] LogOutputStream:75 - [STDERR_REDIRECT] [Fatal Error] :1:1: Premature end of file.
2025-11-30 16:39:26,892 [ERROR] LogOutputStream:75 - [STDERR_REDIRECT] 
2025-11-30 16:39:27,832 [ERROR] LogOutputStream:75 - [STDERR_REDIRECT] [Fatal Error] :1:1: Premature end of file.
2025-11-30 16:39:27,832 [ERROR] LogOutputStream:75 - [STDERR_REDIRECT] 
2025-11-30 16:39:28,837 [ERROR] LogOutputStream:75 - [STDERR_REDIRECT] [Fatal Error] :1:1: Premature end of file.
2025-11-30 16:39:28,837 [ERROR] LogOutputStream:75 - [STDERR_REDIRECT] 
2025-11-30 16:39:29,919 [ERROR] LogOutputStream:75 - [STDERR_REDIRECT] [Fatal Error] :1:1: Premature end of file.
2025-11-30 16:39:29,919 [ERROR] LogOutputStream:75 - [STDERR_REDIRECT] 
2025-11-30 16:39:30,908 [ERROR] LogOutputStream:75 - [STDERR_REDIRECT] [Fatal Error] :1:1: Premature end of file.
2025-11-30 16:39:30,909 [ERROR] LogOutputStream:75 - [STDERR_REDIRECT] 
2025-11-30 16:39:31,826 [ERROR] LogOutputStream:75 - [STDERR_REDIRECT] [Fatal Error] :1:1: Premature end of file.
2025-11-30 16:39:31,826 [ERROR] LogOutputStream:75 - [STDERR_REDIRECT] 
2025-11-30 16:39:32,899 [ERROR] LogOutputStream:75 - [STDERR_REDIRECT] [Fatal Error] :1:1: Premature end of file.
2025-11-30 16:39:32,900 [ERROR] LogOutputStream:75 - [STDERR_REDIRECT] 
2025-11-30 16:39:33,826 [ERROR] LogOutputStream:75 - [STDERR_REDIRECT] [Fatal Error] :1:1: Premature end of file.
2025-11-30 16:39:33,826 [ERROR] LogOutputStream:75 - [STDERR_REDIRECT] 
2025-11-30 16:39:34,828 [ERROR] LogOutputStream:75 - [STDERR_REDIRECT] [Fatal Error] :1:1: Premature end of file.
2025-11-30 16:39:34,829 [ERROR] LogOutputStream:75 - [STDERR_REDIRECT] 
2025-11-30 16:39:35,834 [ERROR] LogOutputStream:75 - [STDERR_REDIRECT] [Fatal Error] :1:1: Premature end of file.
2025-11-30 16:39:35,834 [ERROR] LogOutputStream:75 - [STDERR_REDIRECT] 
2025-11-30 16:39:36,865 [ERROR] LogOutputStream:75 - [STDERR_REDIRECT] [Fatal Error] :1:1: Premature end of file.
2025-11-30 16:39:36,865 [ERROR] LogOutputStream:75 - [STDERR_REDIRECT] 
2025-11-30 16:39:37,934 [ERROR] LogOutputStream:75 - [STDERR_REDIRECT] [Fatal Error] :1:1: Premature end of file.
2025-11-30 16:39:37,935 [ERROR] LogOutputStream:75 - [STDERR_REDIRECT] 
2025-11-30 16:39:38,914 [ERROR] LogOutputStream:75 - [STDERR_REDIRECT] [Fatal Error] :1:1: Premature end of file.
2025-11-30 16:39:38,915 [ERROR] LogOutputStream:75 - [STDERR_REDIRECT] 
2025-11-30 16:39:39,929 [ERROR] LogOutputStream:75 - [STDERR_REDIRECT] [Fatal Error] :1:1: Premature end of file.
2025-11-30 16:39:39,930 [ERROR] LogOutputStream:75 - [STDERR_REDIRECT] 
2025-11-30 16:39:40,911 [ERROR] LogOutputStream:75 - [STDERR_REDIRECT] [Fatal Error] :1:1: Premature end of file.
2025-11-30 16:39:40,911 [ERROR] LogOutputStream:75 - [STDERR_REDIRECT] 
2025-11-30 16:39:41,930 [ERROR] LogOutputStream:75 - [STDERR_REDIRECT] [Fatal Error] :1:1: Premature end of file.
2025-11-30 16:39:41,930 [ERROR] LogOutputStream:75 - [STDERR_REDIRECT] 
2025-11-30 16:39:42,925 [ERROR] LogOutputStream:75 - [STDERR_REDIRECT] [Fatal Error] :1:1: Premature end of file.
2025-11-30 16:39:42,925 [ERROR] LogOutputStream:75 - [STDERR_REDIRECT] 
2025-11-30 16:39:43,917 [ERROR] LogOutputStream:75 - [STDERR_REDIRECT] [Fatal Error] :1:1: Premature end of file.
2025-11-30 16:39:43,918 [ERROR] LogOutputStream:75 - [STDERR_REDIRECT] 
2025-11-30 16:39:44,916 [ERROR] LogOutputStream:75 - [STDERR_REDIRECT] [Fatal Error] :1:1: Premature end of file.
2025-11-30 16:39:44,917 [ERROR] LogOutputStream:75 - [STDERR_REDIRECT] 
2025-11-30 16:39:45,906 [ERROR] LogOutputStream:75 - [STDERR_REDIRECT] [Fatal Error] :1:1: Premature end of file.
2025-11-30 16:39:45,906 [ERROR] LogOutputStream:75 - [STDERR_REDIRECT] 
2025-11-30 16:39:46,917 [ERROR] LogOutputStream:75 - [STDERR_REDIRECT] [Fatal Error] :1:1: Premature end of file.
2025-11-30 16:39:46,917 [ERROR] LogOutputStream:75 - [STDERR_REDIRECT] 
2025-11-30 16:39:47,940 [ERROR] LogOutputStream:75 - [STDERR_REDIRECT] [Fatal Error] :1:1: Premature end of file.
2025-11-30 16:39:47,940 [ERROR] LogOutputStream:75 - [STDERR_REDIRECT] 
2025-11-30 16:39:48,909 [ERROR] LogOutputStream:75 - [STDERR_REDIRECT] [Fatal Error] :1:1: Premature end of file.
2025-11-30 16:39:48,909 [ERROR] LogOutputStream:75 - [STDERR_REDIRECT] 
2025-11-30 16:39:49,918 [ERROR] LogOutputStream:75 - [STDERR_REDIRECT] [Fatal Error] :1:1: Premature end of file.
2025-11-30 16:39:49,919 [ERROR] LogOutputStream:75 - [STDERR_REDIRECT] 
2025-11-30 16:39:50,829 [ERROR] LogOutputStream:75 - [STDERR_REDIRECT] [Fatal Error] :1:1: Premature end of file.
2025-11-30 16:39:50,830 [ERROR] LogOutputStream:75 - [STDERR_REDIRECT] 
2025-11-30 16:39:51,910 [ERROR] LogOutputStream:75 - [STDERR_REDIRECT] [Fatal Error] :1:1: Premature end of file.
2025-11-30 16:39:51,911 [ERROR] LogOutputStream:75 - [STDERR_REDIRECT] 
2025-11-30 16:39:52,918 [ERROR] LogOutputStream:75 - [STDERR_REDIRECT] [Fatal Error] :1:1: Premature end of file.
2025-11-30 16:39:52,919 [ERROR] LogOutputStream:75 - [STDERR_REDIRECT] 
2025-11-30 16:39:53,895 [ERROR] LogOutputStream:75 - [STDERR_REDIRECT] [Fatal Error] :1:1: Premature end of file.
2025-11-30 16:39:53,895 [ERROR] LogOutputStream:75 - [STDERR_REDIRECT] 
2025-11-30 16:39:54,911 [ERROR] LogOutputStream:75 - [STDERR_REDIRECT] [Fatal Error] :1:1: Premature end of file.
2025-11-30 16:39:54,911 [ERROR] LogOutputStream:75 - [STDERR_REDIRECT] 
2025-11-30 16:39:55,891 [ERROR] LogOutputStream:75 - [STDERR_REDIRECT] [Fatal Error] :1:1: Premature end of file.
2025-11-30 16:39:55,891 [ERROR] LogOutputStream:75 - [STDERR_REDIRECT] 
2025-11-30 16:39:56,900 [ERROR] LogOutputStream:75 - [STDERR_REDIRECT] [Fatal Error] :1:1: Premature end of file.
2025-11-30 16:39:56,900 [ERROR] LogOutputStream:75 - [STDERR_REDIRECT] 
2025-11-30 16:39:57,896 [ERROR] LogOutputStream:75 - [STDERR_REDIRECT] [Fatal Error] :1:1: Premature end of file.
2025-11-30 16:39:57,896 [ERROR] LogOutputStream:75 - [STDERR_REDIRECT] 
2025-11-30 16:39:58,902 [ERROR] LogOutputStream:75 - [STDERR_REDIRECT] [Fatal Error] :1:1: Premature end of file.
2025-11-30 16:39:58,902 [ERROR] LogOutputStream:75 - [STDERR_REDIRECT] 
2025-11-30 16:39:59,900 [ERROR] LogOutputStream:75 - [STDERR_REDIRECT] [Fatal Error] :1:1: Premature end of file.
2025-11-30 16:39:59,900 [ERROR] LogOutputStream:75 - [STDERR_REDIRECT] 
2025-11-30 16:40:00,922 [ERROR] LogOutputStream:75 - [STDERR_REDIRECT] [Fatal Error] :1:1: Premature end of file.
2025-11-30 16:40:00,923 [ERROR] LogOutputStream:75 - [STDERR_REDIRECT] 
2025-11-30 16:40:01,909 [ERROR] LogOutputStream:75 - [STDERR_REDIRECT] [Fatal Error] :1:1: Premature end of file.
2025-11-30 16:40:01,909 [ERROR] LogOutputStream:75 - [STDERR_REDIRECT] 
2025-11-30 16:40:02,919 [ERROR] LogOutputStream:75 - [STDERR_REDIRECT] [Fatal Error] :1:1: Premature end of file.
2025-11-30 16:40:02,919 [ERROR] LogOutputStream:75 - [STDERR_REDIRECT] 
2025-11-30 16:40:03,911 [ERROR] LogOutputStream:75 - [STDERR_REDIRECT] [Fatal Error] :1:1: Premature end of file.
2025-11-30 16:40:03,912 [ERROR] LogOutputStream:75 - [STDERR_REDIRECT] 
2025-11-30 16:40:04,918 [ERROR] LogOutputStream:75 - [STDERR_REDIRECT] [Fatal Error] :1:1: Premature end of file.
2025-11-30 16:40:04,918 [ERROR] LogOutputStream:75 - [STDERR_REDIRECT] 
2025-11-30 16:40:05,920 [ERROR] LogOutputStream:75 - [STDERR_REDIRECT] [Fatal Error] :1:1: Premature end of file.
2025-11-30 16:40:05,921 [ERROR] LogOutputStream:75 - [STDERR_REDIRECT] 
2025-11-30 16:40:06,910 [ERROR] LogOutputStream:75 - [STDERR_REDIRECT] [Fatal Error] :1:1: Premature end of file.
2025-11-30 16:40:06,910 [ERROR] LogOutputStream:75 - [STDERR_REDIRECT] 
2025-11-30 16:40:07,912 [ERROR] LogOutputStream:75 - [STDERR_REDIRECT] [Fatal Error] :1:1: Premature end of file.
2025-11-30 16:40:07,913 [ERROR] LogOutputStream:75 - [STDERR_REDIRECT] 
2025-11-30 16:40:08,908 [ERROR] LogOutputStream:75 - [STDERR_REDIRECT] [Fatal Error] :1:1: Premature end of file.
2025-11-30 16:40:08,908 [ERROR] LogOutputStream:75 - [STDERR_REDIRECT] 
2025-11-30 16:40:09,927 [ERROR] LogOutputStream:75 - [STDERR_REDIRECT] [Fatal Error] :1:1: Premature end of file.
2025-11-30 16:40:09,927 [ERROR] LogOutputStream:75 - [STDERR_REDIRECT] 
2025-11-30 16:40:10,944 [ERROR] LogOutputStream:75 - [STDERR_REDIRECT] [Fatal Error] :1:1: Premature end of file.
2025-11-30 16:40:10,944 [ERROR] LogOutputStream:75 - [STDERR_REDIRECT] 
2025-11-30 16:40:11,903 [ERROR] LogOutputStream:75 - [STDERR_REDIRECT] [Fatal Error] :1:1: Premature end of file.
2025-11-30 16:40:11,903 [ERROR] LogOutputStream:75 - [STDERR_REDIRECT] 
2025-11-30 16:40:12,919 [ERROR] LogOutputStream:75 - [STDERR_REDIRECT] [Fatal Error] :1:1: Premature end of file.
2025-11-30 16:40:12,919 [ERROR] LogOutputStream:75 - [STDERR_REDIRECT] 
2025-11-30 16:40:13,910 [ERROR] LogOutputStream:75 - [STDERR_REDIRECT] [Fatal Error] :1:1: Premature end of file.
2025-11-30 16:40:13,911 [ERROR] LogOutputStream:75 - [STDERR_REDIRECT] 
2025-11-30 16:40:14,928 [ERROR] LogOutputStream:75 - [STDERR_REDIRECT] [Fatal Error] :1:1: Premature end of file.
2025-11-30 16:40:14,929 [ERROR] LogOutputStream:75 - [STDERR_REDIRECT] 
2025-11-30 16:40:15,918 [ERROR] LogOutputStream:75 - [STDERR_REDIRECT] [Fatal Error] :1:1: Premature end of file.
2025-11-30 16:40:15,918 [ERROR] LogOutputStream:75 - [STDERR_REDIRECT] 
2025-11-30 16:40:16,909 [ERROR] LogOutputStream:75 - [STDERR_REDIRECT] [Fatal Error] :1:1: Premature end of file.
2025-11-30 16:40:16,910 [ERROR] LogOutputStream:75 - [STDERR_REDIRECT] 
2025-11-30 16:40:17,918 [ERROR] LogOutputStream:75 - [STDERR_REDIRECT] [Fatal Error] :1:1: Premature end of file.
2025-11-30 16:40:17,918 [ERROR] LogOutputStream:75 - [STDERR_REDIRECT] 
2025-11-30 16:40:18,910 [ERROR] LogOutputStream:75 - [STDERR_REDIRECT] [Fatal Error] :1:1: Premature end of file.
2025-11-30 16:40:18,911 [ERROR] LogOutputStream:75 - [STDERR_REDIRECT] 
2025-11-30 16:40:19,902 [ERROR] LogOutputStream:75 - [STDERR_REDIRECT] [Fatal Error] :1:1: Premature end of file.
2025-11-30 16:40:19,902 [ERROR] LogOutputStream:75 - [STDERR_REDIRECT] 
2025-11-30 16:40:20,991 [ERROR] LogOutputStream:75 - [STDERR_REDIRECT] [Fatal Error] :1:1: Premature end of file.
2025-11-30 16:40:20,992 [ERROR] LogOutputStream:75 - [STDERR_REDIRECT] 
2025-11-30 16:40:21,844 [ERROR] LogOutputStream:75 - [STDERR_REDIRECT] [Fatal Error] :1:1: Premature end of file.
2025-11-30 16:40:21,844 [ERROR] LogOutputStream:75 - [STDERR_REDIRECT] 
2025-11-30 16:40:22,927 [ERROR] LogOutputStream:75 - [STDERR_REDIRECT] [Fatal Error] :1:1: Premature end of file.
2025-11-30 16:40:22,928 [ERROR] LogOutputStream:75 - [STDERR_REDIRECT] 
2025-11-30 16:40:23,914 [ERROR] LogOutputStream:75 - [STDERR_REDIRECT] [Fatal Error] :1:1: Premature end of file.
2025-11-30 16:40:23,914 [ERROR] LogOutputStream:75 - [STDERR_REDIRECT] 
2025-11-30 16:40:24,895 [ERROR] LogOutputStream:75 - [STDERR_REDIRECT] [Fatal Error] :1:1: Premature end of file.
2025-11-30 16:40:24,895 [ERROR] LogOutputStream:75 - [STDERR_REDIRECT] 
2025-11-30 16:40:25,830 [ERROR] LogOutputStream:75 - [STDERR_REDIRECT] [Fatal Error] :1:1: Premature end of file.
2025-11-30 16:40:25,830 [ERROR] LogOutputStream:75 - [STDERR_REDIRECT] 
2025-11-30 16:40:26,923 [ERROR] LogOutputStream:75 - [STDERR_REDIRECT] [Fatal Error] :1:1: Premature end of file.
2025-11-30 16:40:26,923 [ERROR] LogOutputStream:75 - [STDERR_REDIRECT] 
2025-11-30 16:40:27,901 [ERROR] LogOutputStream:75 - [STDERR_REDIRECT] [Fatal Error] :1:1: Premature end of file.
2025-11-30 16:40:27,901 [ERROR] LogOutputStream:75 - [STDERR_REDIRECT] 
2025-11-30 16:40:28,915 [ERROR] LogOutputStream:75 - [STDERR_REDIRECT] [Fatal Error] :1:1: Premature end of file.
2025-11-30 16:40:28,915 [ERROR] LogOutputStream:75 - [STDERR_REDIRECT] 
2025-11-30 16:40:29,914 [ERROR] LogOutputStream:75 - [STDERR_REDIRECT] [Fatal Error] :1:1: Premature end of file.
2025-11-30 16:40:29,915 [ERROR] LogOutputStream:75 - [STDERR_REDIRECT] 
2025-11-30 16:40:30,849 [ERROR] LogOutputStream:75 - [STDERR_REDIRECT] [Fatal Error] :1:1: Premature end of file.
2025-11-30 16:40:30,849 [ERROR] LogOutputStream:75 - [STDERR_REDIRECT] 
2025-11-30 16:40:31,863 [ERROR] LogOutputStream:75 - [STDERR_REDIRECT] [Fatal Error] :1:1: Premature end of file.
2025-11-30 16:40:31,863 [ERROR] LogOutputStream:75 - [STDERR_REDIRECT] 
2025-11-30 16:40:32,913 [ERROR] LogOutputStream:75 - [STDERR_REDIRECT] [Fatal Error] :1:1: Premature end of file.
2025-11-30 16:40:32,914 [ERROR] LogOutputStream:75 - [STDERR_REDIRECT] 
2025-11-30 16:40:33,829 [ERROR] LogOutputStream:75 - [STDERR_REDIRECT] [Fatal Error] :1:1: Premature end of file.
2025-11-30 16:40:33,829 [ERROR] LogOutputStream:75 - [STDERR_REDIRECT] 
2025-11-30 16:40:34,828 [ERROR] LogOutputStream:75 - [STDERR_REDIRECT] [Fatal Error] :1:1: Premature end of file.
2025-11-30 16:40:34,828 [ERROR] LogOutputStream:75 - [STDERR_REDIRECT] 
2025-11-30 16:40:35,837 [ERROR] LogOutputStream:75 - [STDERR_REDIRECT] [Fatal Error] :1:1: Premature end of file.
2025-11-30 16:40:35,837 [ERROR] LogOutputStream:75 - [STDERR_REDIRECT] 
2025-11-30 16:40:36,902 [ERROR] LogOutputStream:75 - [STDERR_REDIRECT] [Fatal Error] :1:1: Premature end of file.
2025-11-30 16:40:36,903 [ERROR] LogOutputStream:75 - [STDERR_REDIRECT] 
2025-11-30 16:40:37,910 [ERROR] LogOutputStream:75 - [STDERR_REDIRECT] [Fatal Error] :1:1: Premature end of file.
2025-11-30 16:40:37,911 [ERROR] LogOutputStream:75 - [STDERR_REDIRECT] 
2025-11-30 16:40:38,904 [ERROR] LogOutputStream:75 - [STDERR_REDIRECT] [Fatal Error] :1:1: Premature end of file.
2025-11-30 16:40:38,905 [ERROR] LogOutputStream:75 - [STDERR_REDIRECT] 
2025-11-30 16:40:39,851 [ERROR] LogOutputStream:75 - [STDERR_REDIRECT] [Fatal Error] :1:1: Premature end of file.
2025-11-30 16:40:39,851 [ERROR] LogOutputStream:75 - [STDERR_REDIRECT] 
2025-11-30 16:40:40,825 [ERROR] LogOutputStream:75 - [STDERR_REDIRECT] [Fatal Error] :1:1: Premature end of file.
2025-11-30 16:40:40,826 [ERROR] LogOutputStream:75 - [STDERR_REDIRECT] 
2025-11-30 16:40:41,908 [ERROR] LogOutputStream:75 - [STDERR_REDIRECT] [Fatal Error] :1:1: Premature end of file.
2025-11-30 16:40:41,909 [ERROR] LogOutputStream:75 - [STDERR_REDIRECT] 
2025-11-30 16:40:42,905 [ERROR] LogOutputStream:75 - [STDERR_REDIRECT] [Fatal Error] :1:1: Premature end of file.
2025-11-30 16:40:42,905 [ERROR] LogOutputStream:75 - [STDERR_REDIRECT] 
2025-11-30 16:40:43,831 [ERROR] LogOutputStream:75 - [STDERR_REDIRECT] [Fatal Error] :1:1: Premature end of file.
2025-11-30 16:40:43,831 [ERROR] LogOutputStream:75 - [STDERR_REDIRECT] 
2025-11-30 16:40:44,919 [ERROR] LogOutputStream:75 - [STDERR_REDIRECT] [Fatal Error] :1:1: Premature end of file.
2025-11-30 16:40:44,919 [ERROR] LogOutputStream:75 - [STDERR_REDIRECT] 
2025-11-30 16:40:45,916 [ERROR] LogOutputStream:75 - [STDERR_REDIRECT] [Fatal Error] :1:1: Premature end of file.
2025-11-30 16:40:45,917 [ERROR] LogOutputStream:75 - [STDERR_REDIRECT] 
2025-11-30 16:40:46,910 [ERROR] LogOutputStream:75 - [STDERR_REDIRECT] [Fatal Error] :1:1: Premature end of file.
2025-11-30 16:40:46,910 [ERROR] LogOutputStream:75 - [STDERR_REDIRECT] 
2025-11-30 16:40:47,847 [ERROR] LogOutputStream:75 - [STDERR_REDIRECT] [Fatal Error] :1:1: Premature end of file.
2025-11-30 16:40:47,848 [ERROR] LogOutputStream:75 - [STDERR_REDIRECT] 
2025-11-30 16:40:48,906 [ERROR] LogOutputStream:75 - [STDERR_REDIRECT] [Fatal Error] :1:1: Premature end of file.
2025-11-30 16:40:48,906 [ERROR] LogOutputStream:75 - [STDERR_REDIRECT] 
2025-11-30 16:40:49,910 [ERROR] LogOutputStream:75 - [STDERR_REDIRECT] [Fatal Error] :1:1: Premature end of file.
2025-11-30 16:40:49,912 [ERROR] LogOutputStream:75 - [STDERR_REDIRECT] 
2025-11-30 16:40:50,919 [ERROR] LogOutputStream:75 - [STDERR_REDIRECT] [Fatal Error] :1:1: Premature end of file.
2025-11-30 16:40:50,921 [ERROR] LogOutputStream:75 - [STDERR_REDIRECT] 
2025-11-30 16:40:51,910 [ERROR] LogOutputStream:75 - [STDERR_REDIRECT] [Fatal Error] :1:1: Premature end of file.
2025-11-30 16:40:51,911 [ERROR] LogOutputStream:75 - [STDERR_REDIRECT] 
2025-11-30 16:40:52,909 [ERROR] LogOutputStream:75 - [STDERR_REDIRECT] [Fatal Error] :1:1: Premature end of file.
2025-11-30 16:40:52,909 [ERROR] LogOutputStream:75 - [STDERR_REDIRECT] 
2025-11-30 16:40:53,834 [ERROR] LogOutputStream:75 - [STDERR_REDIRECT] [Fatal Error] :1:1: Premature end of file.
2025-11-30 16:40:53,834 [ERROR] LogOutputStream:75 - [STDERR_REDIRECT] 
2025-11-30 16:40:54,925 [ERROR] LogOutputStream:75 - [STDERR_REDIRECT] [Fatal Error] :1:1: Premature end of file.
2025-11-30 16:40:54,926 [ERROR] LogOutputStream:75 - [STDERR_REDIRECT] 
2025-11-30 16:40:55,929 [ERROR] LogOutputStream:75 - [STDERR_REDIRECT] [Fatal Error] :1:1: Premature end of file.
2025-11-30 16:40:55,930 [ERROR] LogOutputStream:75 - [STDERR_REDIRECT] 
2025-11-30 16:40:56,832 [ERROR] LogOutputStream:75 - [STDERR_REDIRECT] [Fatal Error] :1:1: Premature end of file.
2025-11-30 16:40:56,832 [ERROR] LogOutputStream:75 - [STDERR_REDIRECT] 
2025-11-30 16:40:57,921 [ERROR] LogOutputStream:75 - [STDERR_REDIRECT] [Fatal Error] :1:1: Premature end of file.
2025-11-30 16:40:57,923 [ERROR] LogOutputStream:75 - [STDERR_REDIRECT] 
2025-11-30 16:40:58,861 [ERROR] LogOutputStream:75 - [STDERR_REDIRECT] [Fatal Error] :1:1: Premature end of file.
2025-11-30 16:40:58,861 [ERROR] LogOutputStream:75 - [STDERR_REDIRECT] 
2025-11-30 16:40:59,947 [ERROR] LogOutputStream:75 - [STDERR_REDIRECT] [Fatal Error] :1:1: Premature end of file.
2025-11-30 16:40:59,949 [ERROR] LogOutputStream:75 - [STDERR_REDIRECT] 
2025-11-30 16:41:00,884 [ERROR] LogOutputStream:75 - [STDERR_REDIRECT] [Fatal Error] :1:1: Premature end of file.
2025-11-30 16:41:00,884 [ERROR] LogOutputStream:75 - [STDERR_REDIRECT] 
2025-11-30 16:41:01,828 [ERROR] LogOutputStream:75 - [STDERR_REDIRECT] [Fatal Error] :1:1: Premature end of file.
2025-11-30 16:41:01,829 [ERROR] LogOutputStream:75 - [STDERR_REDIRECT] 
2025-11-30 16:41:02,829 [ERROR] LogOutputStream:75 - [STDERR_REDIRECT] [Fatal Error] :1:1: Premature end of file.
2025-11-30 16:41:02,829 [ERROR] LogOutputStream:75 - [STDERR_REDIRECT] 
2025-11-30 16:41:03,853 [ERROR] LogOutputStream:75 - [STDERR_REDIRECT] [Fatal Error] :1:1: Premature end of file.
2025-11-30 16:41:03,853 [ERROR] LogOutputStream:75 - [STDERR_REDIRECT] 
2025-11-30 16:41:04,835 [ERROR] LogOutputStream:75 - [STDERR_REDIRECT] [Fatal Error] :1:1: Premature end of file.
2025-11-30 16:41:04,836 [ERROR] LogOutputStream:75 - [STDERR_REDIRECT] 
2025-11-30 16:41:05,862 [ERROR] LogOutputStream:75 - [STDERR_REDIRECT] [Fatal Error] :1:1: Premature end of file.
2025-11-30 16:41:05,862 [ERROR] LogOutputStream:75 - [STDERR_REDIRECT] 
2025-11-30 16:41:06,873 [ERROR] LogOutputStream:75 - [STDERR_REDIRECT] [Fatal Error] :1:1: Premature end of file.
2025-11-30 16:41:06,873 [ERROR] LogOutputStream:75 - [STDERR_REDIRECT] 
2025-11-30 16:41:07,919 [ERROR] LogOutputStream:75 - [STDERR_REDIRECT] [Fatal Error] :1:1: Premature end of file.
2025-11-30 16:41:07,919 [ERROR] LogOutputStream:75 - [STDERR_REDIRECT] 
2025-11-30 16:41:08,916 [ERROR] LogOutputStream:75 - [STDERR_REDIRECT] [Fatal Error] :1:1: Premature end of file.
2025-11-30 16:41:08,916 [ERROR] LogOutputStream:75 - [STDERR_REDIRECT] 
2025-11-30 16:41:09,832 [ERROR] LogOutputStream:75 - [STDERR_REDIRECT] [Fatal Error] :1:1: Premature end of file.
2025-11-30 16:41:09,833 [ERROR] LogOutputStream:75 - [STDERR_REDIRECT] 
2025-11-30 16:41:10,873 [ERROR] LogOutputStream:75 - [STDERR_REDIRECT] [Fatal Error] :1:1: Premature end of file.
2025-11-30 16:41:10,874 [ERROR] LogOutputStream:75 - [STDERR_REDIRECT] 
2025-11-30 16:41:11,827 [ERROR] LogOutputStream:75 - [STDERR_REDIRECT] [Fatal Error] :1:1: Premature end of file.
2025-11-30 16:41:11,827 [ERROR] LogOutputStream:75 - [STDERR_REDIRECT] 
2025-11-30 16:41:12,832 [ERROR] LogOutputStream:75 - [STDERR_REDIRECT] [Fatal Error] :1:1: Premature end of file.
2025-11-30 16:41:12,832 [ERROR] LogOutputStream:75 - [STDERR_REDIRECT] 
2025-11-30 16:41:13,909 [ERROR] LogOutputStream:75 - [STDERR_REDIRECT] [Fatal Error] :1:1: Premature end of file.
2025-11-30 16:41:13,909 [ERROR] LogOutputStream:75 - [STDERR_REDIRECT] 
2025-11-30 16:41:14,974 [ERROR] LogOutputStream:75 - [STDERR_REDIRECT] [Fatal Error] :1:1: Premature end of file.
2025-11-30 16:41:14,974 [ERROR] LogOutputStream:75 - [STDERR_REDIRECT] 
2025-11-30 16:41:15,936 [ERROR] LogOutputStream:75 - [STDERR_REDIRECT] [Fatal Error] :1:1: Premature end of file.
2025-11-30 16:41:15,937 [ERROR] LogOutputStream:75 - [STDERR_REDIRECT] 
2025-11-30 16:41:16,910 [ERROR] LogOutputStream:75 - [STDERR_REDIRECT] [Fatal Error] :1:1: Premature end of file.
2025-11-30 16:41:16,910 [ERROR] LogOutputStream:75 - [STDERR_REDIRECT] 
2025-11-30 16:41:17,910 [ERROR] LogOutputStream:75 - [STDERR_REDIRECT] [Fatal Error] :1:1: Premature end of file.
2025-11-30 16:41:17,911 [ERROR] LogOutputStream:75 - [STDERR_REDIRECT] 
2025-11-30 16:41:18,911 [ERROR] LogOutputStream:75 - [STDERR_REDIRECT] [Fatal Error] :1:1: Premature end of file.
2025-11-30 16:41:18,911 [ERROR] LogOutputStream:75 - [STDERR_REDIRECT] 
2025-11-30 16:41:19,829 [ERROR] LogOutputStream:75 - [STDERR_REDIRECT] [Fatal Error] :1:1: Premature end of file.
2025-11-30 16:41:19,829 [ERROR] LogOutputStream:75 - [STDERR_REDIRECT] 
2025-11-30 16:41:20,845 [ERROR] LogOutputStream:75 - [STDERR_REDIRECT] [Fatal Error] :1:1: Premature end of file.
2025-11-30 16:41:20,847 [ERROR] LogOutputStream:75 - [STDERR_REDIRECT] 
2025-11-30 16:41:21,832 [ERROR] LogOutputStream:75 - [STDERR_REDIRECT] [Fatal Error] :1:1: Premature end of file.
2025-11-30 16:41:21,832 [ERROR] LogOutputStream:75 - [STDERR_REDIRECT] 
2025-11-30 16:41:22,833 [ERROR] LogOutputStream:75 - [STDERR_REDIRECT] [Fatal Error] :1:1: Premature end of file.
2025-11-30 16:41:22,833 [ERROR] LogOutputStream:75 - [STDERR_REDIRECT] 
2025-11-30 16:41:23,856 [ERROR] LogOutputStream:75 - [STDERR_REDIRECT] [Fatal Error] :1:1: Premature end of file.
2025-11-30 16:41:23,856 [ERROR] LogOutputStream:75 - [STDERR_REDIRECT] 
2025-11-30 16:41:24,831 [ERROR] LogOutputStream:75 - [STDERR_REDIRECT] [Fatal Error] :1:1: Premature end of file.
2025-11-30 16:41:24,831 [ERROR] LogOutputStream:75 - [STDERR_REDIRECT] 
2025-11-30 16:41:25,912 [ERROR] LogOutputStream:75 - [STDERR_REDIRECT] [Fatal Error] :1:1: Premature end of file.
2025-11-30 16:41:25,912 [ERROR] LogOutputStream:75 - [STDERR_REDIRECT] 
2025-11-30 16:41:26,912 [ERROR] LogOutputStream:75 - [STDERR_REDIRECT] [Fatal Error] :1:1: Premature end of file.
2025-11-30 16:41:26,913 [ERROR] LogOutputStream:75 - [STDERR_REDIRECT] 
2025-11-30 16:41:27,911 [ERROR] LogOutputStream:75 - [STDERR_REDIRECT] [Fatal Error] :1:1: Premature end of file.
2025-11-30 16:41:27,912 [ERROR] LogOutputStream:75 - [STDERR_REDIRECT] 
2025-11-30 16:41:28,888 [ERROR] LogOutputStream:75 - [STDERR_REDIRECT] [Fatal Error] :1:1: Premature end of file.
2025-11-30 16:41:28,888 [ERROR] LogOutputStream:75 - [STDERR_REDIRECT] 
2025-11-30 16:41:29,909 [ERROR] LogOutputStream:75 - [STDERR_REDIRECT] [Fatal Error] :1:1: Premature end of file.
2025-11-30 16:41:29,909 [ERROR] LogOutputStream:75 - [STDERR_REDIRECT] 
2025-11-30 16:41:30,912 [ERROR] LogOutputStream:75 - [STDERR_REDIRECT] [Fatal Error] :1:1: Premature end of file.
2025-11-30 16:41:30,912 [ERROR] LogOutputStream:75 - [STDERR_REDIRECT] 
2025-11-30 16:41:31,909 [ERROR] LogOutputStream:75 - [STDERR_REDIRECT] [Fatal Error] :1:1: Premature end of file.
2025-11-30 16:41:31,909 [ERROR] LogOutputStream:75 - [STDERR_REDIRECT] 
2025-11-30 16:41:32,924 [ERROR] LogOutputStream:75 - [STDERR_REDIRECT] [Fatal Error] :1:1: Premature end of file.
2025-11-30 16:41:32,925 [ERROR] LogOutputStream:75 - [STDERR_REDIRECT] 
2025-11-30 16:41:33,894 [ERROR] LogOutputStream:75 - [STDERR_REDIRECT] [Fatal Error] :1:1: Premature end of file.
2025-11-30 16:41:33,894 [ERROR] LogOutputStream:75 - [STDERR_REDIRECT] 
2025-11-30 16:41:34,911 [ERROR] LogOutputStream:75 - [STDERR_REDIRECT] [Fatal Error] :1:1: Premature end of file.
2025-11-30 16:41:34,912 [ERROR] LogOutputStream:75 - [STDERR_REDIRECT] 
2025-11-30 16:41:35,901 [ERROR] LogOutputStream:75 - [STDERR_REDIRECT] [Fatal Error] :1:1: Premature end of file.
2025-11-30 16:41:35,901 [ERROR] LogOutputStream:75 - [STDERR_REDIRECT] 
2025-11-30 16:41:36,904 [ERROR] LogOutputStream:75 - [STDERR_REDIRECT] [Fatal Error] :1:1: Premature end of file.
2025-11-30 16:41:36,904 [ERROR] LogOutputStream:75 - [STDERR_REDIRECT] 
2025-11-30 16:41:37,824 [ERROR] LogOutputStream:75 - [STDERR_REDIRECT] [Fatal Error] :1:1: Premature end of file.
2025-11-30 16:41:37,824 [ERROR] LogOutputStream:75 - [STDERR_REDIRECT] 
2025-11-30 16:41:38,901 [ERROR] LogOutputStream:75 - [STDERR_REDIRECT] [Fatal Error] :1:1: Premature end of file.
2025-11-30 16:41:38,901 [ERROR] LogOutputStream:75 - [STDERR_REDIRECT] 
2025-11-30 16:41:39,898 [ERROR] LogOutputStream:75 - [STDERR_REDIRECT] [Fatal Error] :1:1: Premature end of file.
2025-11-30 16:41:39,899 [ERROR] LogOutputStream:75 - [STDERR_REDIRECT] 
2025-11-30 16:41:40,910 [ERROR] LogOutputStream:75 - [STDERR_REDIRECT] [Fatal Error] :1:1: Premature end of file.
2025-11-30 16:41:40,911 [ERROR] LogOutputStream:75 - [STDERR_REDIRECT] 
2025-11-30 16:41:41,902 [ERROR] LogOutputStream:75 - [STDERR_REDIRECT] [Fatal Error] :1:1: Premature end of file.
2025-11-30 16:41:41,903 [ERROR] LogOutputStream:75 - [STDERR_REDIRECT] 
2025-11-30 16:41:42,915 [ERROR] LogOutputStream:75 - [STDERR_REDIRECT] [Fatal Error] :1:1: Premature end of file.
2025-11-30 16:41:42,915 [ERROR] LogOutputStream:75 - [STDERR_REDIRECT] 
2025-11-30 16:41:43,910 [ERROR] LogOutputStream:75 - [STDERR_REDIRECT] [Fatal Error] :1:1: Premature end of file.
2025-11-30 16:41:43,911 [ERROR] LogOutputStream:75 - [STDERR_REDIRECT] 
2025-11-30 16:41:44,914 [ERROR] LogOutputStream:75 - [STDERR_REDIRECT] [Fatal Error] :1:1: Premature end of file.
2025-11-30 16:41:44,915 [ERROR] LogOutputStream:75 - [STDERR_REDIRECT] 
2025-11-30 16:41:45,910 [ERROR] LogOutputStream:75 - [STDERR_REDIRECT] [Fatal Error] :1:1: Premature end of file.
2025-11-30 16:41:45,910 [ERROR] LogOutputStream:75 - [STDERR_REDIRECT] 
2025-11-30 16:41:46,911 [ERROR] LogOutputStream:75 - [STDERR_REDIRECT] [Fatal Error] :1:1: Premature end of file.
2025-11-30 16:41:46,911 [ERROR] LogOutputStream:75 - [STDERR_REDIRECT] 
2025-11-30 16:41:47,909 [ERROR] LogOutputStream:75 - [STDERR_REDIRECT] [Fatal Error] :1:1: Premature end of file.
2025-11-30 16:41:47,910 [ERROR] LogOutputStream:75 - [STDERR_REDIRECT] 
2025-11-30 16:41:48,912 [ERROR] LogOutputStream:75 - [STDERR_REDIRECT] [Fatal Error] :1:1: Premature end of file.
2025-11-30 16:41:48,913 [ERROR] LogOutputStream:75 - [STDERR_REDIRECT] 
2025-11-30 16:41:49,910 [ERROR] LogOutputStream:75 - [STDERR_REDIRECT] [Fatal Error] :1:1: Premature end of file.
2025-11-30 16:41:49,910 [ERROR] LogOutputStream:75 - [STDERR_REDIRECT] 
2025-11-30 16:41:50,911 [ERROR] LogOutputStream:75 - [STDERR_REDIRECT] [Fatal Error] :1:1: Premature end of file.
2025-11-30 16:41:50,911 [ERROR] LogOutputStream:75 - [STDERR_REDIRECT] 
2025-11-30 16:41:51,909 [ERROR] LogOutputStream:75 - [STDERR_REDIRECT] [Fatal Error] :1:1: Premature end of file.
2025-11-30 16:41:51,910 [ERROR] LogOutputStream:75 - [STDERR_REDIRECT] 
2025-11-30 16:41:52,910 [ERROR] LogOutputStream:75 - [STDERR_REDIRECT] [Fatal Error] :1:1: Premature end of file.
2025-11-30 16:41:52,911 [ERROR] LogOutputStream:75 - [STDERR_REDIRECT] 
2025-11-30 16:41:53,902 [ERROR] LogOutputStream:75 - [STDERR_REDIRECT] [Fatal Error] :1:1: Premature end of file.
2025-11-30 16:41:53,902 [ERROR] LogOutputStream:75 - [STDERR_REDIRECT] 
2025-11-30 16:41:54,909 [ERROR] LogOutputStream:75 - [STDERR_REDIRECT] [Fatal Error] :1:1: Premature end of file.
2025-11-30 16:41:54,910 [ERROR] LogOutputStream:75 - [STDERR_REDIRECT] 
2025-11-30 16:41:55,909 [ERROR] LogOutputStream:75 - [STDERR_REDIRECT] [Fatal Error] :1:1: Premature end of file.
2025-11-30 16:41:55,909 [ERROR] LogOutputStream:75 - [STDERR_REDIRECT] 
2025-11-30 16:41:56,909 [ERROR] LogOutputStream:75 - [STDERR_REDIRECT] [Fatal Error] :1:1: Premature end of file.
2025-11-30 16:41:56,910 [ERROR] LogOutputStream:75 - [STDERR_REDIRECT] 
2025-11-30 16:41:57,910 [ERROR] LogOutputStream:75 - [STDERR_REDIRECT] [Fatal Error] :1:1: Premature end of file.
2025-11-30 16:41:57,911 [ERROR] LogOutputStream:75 - [STDERR_REDIRECT] 
2025-11-30 16:41:58,913 [ERROR] LogOutputStream:75 - [STDERR_REDIRECT] [Fatal Error] :1:1: Premature end of file.
2025-11-30 16:41:58,913 [ERROR] LogOutputStream:75 - [STDERR_REDIRECT] 
2025-11-30 16:41:59,916 [ERROR] LogOutputStream:75 - [STDERR_REDIRECT] [Fatal Error] :1:1: Premature end of file.
2025-11-30 16:41:59,916 [ERROR] LogOutputStream:75 - [STDERR_REDIRECT] 
2025-11-30 16:42:00,915 [ERROR] LogOutputStream:75 - [STDERR_REDIRECT] [Fatal Error] :1:1: Premature end of file.
2025-11-30 16:42:00,916 [ERROR] LogOutputStream:75 - [STDERR_REDIRECT] 
2025-11-30 16:42:01,910 [ERROR] LogOutputStream:75 - [STDERR_REDIRECT] [Fatal Error] :1:1: Premature end of file.
2025-11-30 16:42:01,911 [ERROR] LogOutputStream:75 - [STDERR_REDIRECT] 
2025-11-30 16:42:02,907 [ERROR] LogOutputStream:75 - [STDERR_REDIRECT] [Fatal Error] :1:1: Premature end of file.
2025-11-30 16:42:02,907 [ERROR] LogOutputStream:75 - [STDERR_REDIRECT] 
2025-11-30 16:42:03,915 [ERROR] LogOutputStream:75 - [STDERR_REDIRECT] [Fatal Error] :1:1: Premature end of file.
2025-11-30 16:42:03,915 [ERROR] LogOutputStream:75 - [STDERR_REDIRECT] 
2025-11-30 16:42:04,896 [ERROR] LogOutputStream:75 - [STDERR_REDIRECT] [Fatal Error] :1:1: Premature end of file.
2025-11-30 16:42:04,897 [ERROR] LogOutputStream:75 - [STDERR_REDIRECT] 
2025-11-30 16:42:05,930 [ERROR] LogOutputStream:75 - [STDERR_REDIRECT] [Fatal Error] :1:1: Premature end of file.
2025-11-30 16:42:05,931 [ERROR] LogOutputStream:75 - [STDERR_REDIRECT] 
2025-11-30 16:42:06,882 [ERROR] LogOutputStream:75 - [STDERR_REDIRECT] [Fatal Error] :1:1: Premature end of file.
2025-11-30 16:42:06,882 [ERROR] LogOutputStream:75 - [STDERR_REDIRECT] 
2025-11-30 16:42:07,915 [ERROR] LogOutputStream:75 - [STDERR_REDIRECT] [Fatal Error] :1:1: Premature end of file.
2025-11-30 16:42:07,916 [ERROR] LogOutputStream:75 - [STDERR_REDIRECT] 
2025-11-30 16:42:08,913 [ERROR] LogOutputStream:75 - [STDERR_REDIRECT] [Fatal Error] :1:1: Premature end of file.
2025-11-30 16:42:08,913 [ERROR] LogOutputStream:75 - [STDERR_REDIRECT] 
2025-11-30 16:42:09,943 [ERROR] LogOutputStream:75 - [STDERR_REDIRECT] [Fatal Error] :1:1: Premature end of file.
2025-11-30 16:42:09,944 [ERROR] LogOutputStream:75 - [STDERR_REDIRECT] 
2025-11-30 16:42:10,855 [ERROR] LogOutputStream:75 - [STDERR_REDIRECT] [Fatal Error] :1:1: Premature end of file.
2025-11-30 16:42:10,857 [ERROR] LogOutputStream:75 - [STDERR_REDIRECT] 
2025-11-30 16:42:11,863 [ERROR] LogOutputStream:75 - [STDERR_REDIRECT] [Fatal Error] :1:1: Premature end of file.
2025-11-30 16:42:11,864 [ERROR] LogOutputStream:75 - [STDERR_REDIRECT] 
2025-11-30 16:42:12,916 [ERROR] LogOutputStream:75 - [STDERR_REDIRECT] [Fatal Error] :1:1: Premature end of file.
2025-11-30 16:42:12,917 [ERROR] LogOutputStream:75 - [STDERR_REDIRECT] 
2025-11-30 16:42:13,828 [ERROR] LogOutputStream:75 - [STDERR_REDIRECT] [Fatal Error] :1:1: Premature end of file.
2025-11-30 16:42:13,828 [ERROR] LogOutputStream:75 - [STDERR_REDIRECT] 
2025-11-30 16:42:14,864 [ERROR] LogOutputStream:75 - [STDERR_REDIRECT] [Fatal Error] :1:1: Premature end of file.
2025-11-30 16:42:14,864 [ERROR] LogOutputStream:75 - [STDERR_REDIRECT] 
2025-11-30 16:42:15,923 [ERROR] LogOutputStream:75 - [STDERR_REDIRECT] [Fatal Error] :1:1: Premature end of file.
2025-11-30 16:42:15,923 [ERROR] LogOutputStream:75 - [STDERR_REDIRECT] 
2025-11-30 16:42:16,033 [INFO] NvicIntPanel:101 - NVIC parent = com.st.microxplorer.plugins.ip.nvic.MultiNvicIntPanel[,0,0,0x0,invalid,layout=javax.swing.BoxLayout,alignmentX=0.0,alignmentY=0.0,border=,flags=9,maximumSize=,minimumSize=,preferredSize=]
2025-11-30 16:42:16,915 [ERROR] LogOutputStream:75 - [STDERR_REDIRECT] [Fatal Error] :1:1: Premature end of file.
2025-11-30 16:42:16,916 [ERROR] LogOutputStream:75 - [STDERR_REDIRECT] 
2025-11-30 16:42:17,919 [ERROR] LogOutputStream:75 - [STDERR_REDIRECT] [Fatal Error] :1:1: Premature end of file.
2025-11-30 16:42:17,919 [ERROR] LogOutputStream:75 - [STDERR_REDIRECT] 
2025-11-30 16:42:18,913 [ERROR] LogOutputStream:75 - [STDERR_REDIRECT] [Fatal Error] :1:1: Premature end of file.
2025-11-30 16:42:18,914 [ERROR] LogOutputStream:75 - [STDERR_REDIRECT] 
2025-11-30 16:42:19,918 [ERROR] LogOutputStream:75 - [STDERR_REDIRECT] [Fatal Error] :1:1: Premature end of file.
2025-11-30 16:42:19,919 [ERROR] LogOutputStream:75 - [STDERR_REDIRECT] 
2025-11-30 16:42:20,913 [ERROR] LogOutputStream:75 - [STDERR_REDIRECT] [Fatal Error] :1:1: Premature end of file.
2025-11-30 16:42:20,913 [ERROR] LogOutputStream:75 - [STDERR_REDIRECT] 
2025-11-30 16:42:21,910 [ERROR] LogOutputStream:75 - [STDERR_REDIRECT] [Fatal Error] :1:1: Premature end of file.
2025-11-30 16:42:21,911 [ERROR] LogOutputStream:75 - [STDERR_REDIRECT] 
2025-11-30 16:42:22,927 [ERROR] LogOutputStream:75 - [STDERR_REDIRECT] [Fatal Error] :1:1: Premature end of file.
2025-11-30 16:42:22,928 [ERROR] LogOutputStream:75 - [STDERR_REDIRECT] 
2025-11-30 16:42:23,915 [ERROR] LogOutputStream:75 - [STDERR_REDIRECT] [Fatal Error] :1:1: Premature end of file.
2025-11-30 16:42:23,915 [ERROR] LogOutputStream:75 - [STDERR_REDIRECT] 
2025-11-30 16:42:24,912 [ERROR] LogOutputStream:75 - [STDERR_REDIRECT] [Fatal Error] :1:1: Premature end of file.
2025-11-30 16:42:24,912 [ERROR] LogOutputStream:75 - [STDERR_REDIRECT] 
2025-11-30 16:42:25,912 [ERROR] LogOutputStream:75 - [STDERR_REDIRECT] [Fatal Error] :1:1: Premature end of file.
2025-11-30 16:42:25,912 [ERROR] LogOutputStream:75 - [STDERR_REDIRECT] 
2025-11-30 16:42:26,914 [ERROR] LogOutputStream:75 - [STDERR_REDIRECT] [Fatal Error] :1:1: Premature end of file.
2025-11-30 16:42:26,914 [ERROR] LogOutputStream:75 - [STDERR_REDIRECT] 
2025-11-30 16:42:27,890 [ERROR] LogOutputStream:75 - [STDERR_REDIRECT] [Fatal Error] :1:1: Premature end of file.
2025-11-30 16:42:27,891 [ERROR] LogOutputStream:75 - [STDERR_REDIRECT] 
2025-11-30 16:42:28,929 [ERROR] LogOutputStream:75 - [STDERR_REDIRECT] [Fatal Error] :1:1: Premature end of file.
2025-11-30 16:42:28,930 [ERROR] LogOutputStream:75 - [STDERR_REDIRECT] 
2025-11-30 16:42:29,912 [ERROR] LogOutputStream:75 - [STDERR_REDIRECT] [Fatal Error] :1:1: Premature end of file.
2025-11-30 16:42:29,913 [ERROR] LogOutputStream:75 - [STDERR_REDIRECT] 
2025-11-30 16:42:30,919 [ERROR] LogOutputStream:75 - [STDERR_REDIRECT] [Fatal Error] :1:1: Premature end of file.
2025-11-30 16:42:30,920 [ERROR] LogOutputStream:75 - [STDERR_REDIRECT] 
2025-11-30 16:42:31,915 [ERROR] LogOutputStream:75 - [STDERR_REDIRECT] [Fatal Error] :1:1: Premature end of file.
2025-11-30 16:42:31,915 [ERROR] LogOutputStream:75 - [STDERR_REDIRECT] 
2025-11-30 16:42:32,913 [ERROR] LogOutputStream:75 - [STDERR_REDIRECT] [Fatal Error] :1:1: Premature end of file.
2025-11-30 16:42:32,913 [ERROR] LogOutputStream:75 - [STDERR_REDIRECT] 
2025-11-30 16:42:33,911 [ERROR] LogOutputStream:75 - [STDERR_REDIRECT] [Fatal Error] :1:1: Premature end of file.
2025-11-30 16:42:33,911 [ERROR] LogOutputStream:75 - [STDERR_REDIRECT] 
2025-11-30 16:42:34,914 [ERROR] LogOutputStream:75 - [STDERR_REDIRECT] [Fatal Error] :1:1: Premature end of file.
2025-11-30 16:42:34,914 [ERROR] LogOutputStream:75 - [STDERR_REDIRECT] 
2025-11-30 16:42:35,909 [ERROR] LogOutputStream:75 - [STDERR_REDIRECT] [Fatal Error] :1:1: Premature end of file.
2025-11-30 16:42:35,910 [ERROR] LogOutputStream:75 - [STDERR_REDIRECT] 
2025-11-30 16:42:36,872 [ERROR] LogOutputStream:75 - [STDERR_REDIRECT] [Fatal Error] :1:1: Premature end of file.
2025-11-30 16:42:36,873 [ERROR] LogOutputStream:75 - [STDERR_REDIRECT] 
2025-11-30 16:42:37,903 [ERROR] LogOutputStream:75 - [STDERR_REDIRECT] [Fatal Error] :1:1: Premature end of file.
2025-11-30 16:42:37,904 [ERROR] LogOutputStream:75 - [STDERR_REDIRECT] 
2025-11-30 16:42:38,903 [ERROR] LogOutputStream:75 - [STDERR_REDIRECT] [Fatal Error] :1:1: Premature end of file.
2025-11-30 16:42:38,903 [ERROR] LogOutputStream:75 - [STDERR_REDIRECT] 
2025-11-30 16:42:39,831 [ERROR] LogOutputStream:75 - [STDERR_REDIRECT] [Fatal Error] :1:1: Premature end of file.
2025-11-30 16:42:39,831 [ERROR] LogOutputStream:75 - [STDERR_REDIRECT] 
2025-11-30 16:42:40,912 [ERROR] LogOutputStream:75 - [STDERR_REDIRECT] [Fatal Error] :1:1: Premature end of file.
2025-11-30 16:42:40,912 [ERROR] LogOutputStream:75 - [STDERR_REDIRECT] 
2025-11-30 16:42:41,916 [ERROR] LogOutputStream:75 - [STDERR_REDIRECT] [Fatal Error] :1:1: Premature end of file.
2025-11-30 16:42:41,916 [ERROR] LogOutputStream:75 - [STDERR_REDIRECT] 
2025-11-30 16:42:42,912 [ERROR] LogOutputStream:75 - [STDERR_REDIRECT] [Fatal Error] :1:1: Premature end of file.
2025-11-30 16:42:42,912 [ERROR] LogOutputStream:75 - [STDERR_REDIRECT] 
2025-11-30 16:42:43,852 [ERROR] LogOutputStream:75 - [STDERR_REDIRECT] [Fatal Error] :1:1: Premature end of file.
2025-11-30 16:42:43,852 [ERROR] LogOutputStream:75 - [STDERR_REDIRECT] 
2025-11-30 16:42:44,831 [ERROR] LogOutputStream:75 - [STDERR_REDIRECT] [Fatal Error] :1:1: Premature end of file.
2025-11-30 16:42:44,831 [ERROR] LogOutputStream:75 - [STDERR_REDIRECT] 
2025-11-30 16:42:45,914 [ERROR] LogOutputStream:75 - [STDERR_REDIRECT] [Fatal Error] :1:1: Premature end of file.
2025-11-30 16:42:45,914 [ERROR] LogOutputStream:75 - [STDERR_REDIRECT] 
2025-11-30 16:42:46,910 [ERROR] LogOutputStream:75 - [STDERR_REDIRECT] [Fatal Error] :1:1: Premature end of file.
2025-11-30 16:42:46,910 [ERROR] LogOutputStream:75 - [STDERR_REDIRECT] 
2025-11-30 16:42:47,917 [ERROR] LogOutputStream:75 - [STDERR_REDIRECT] [Fatal Error] :1:1: Premature end of file.
2025-11-30 16:42:47,917 [ERROR] LogOutputStream:75 - [STDERR_REDIRECT] 
2025-11-30 16:42:48,912 [ERROR] LogOutputStream:75 - [STDERR_REDIRECT] [Fatal Error] :1:1: Premature end of file.
2025-11-30 16:42:48,913 [ERROR] LogOutputStream:75 - [STDERR_REDIRECT] 
2025-11-30 16:42:49,910 [ERROR] LogOutputStream:75 - [STDERR_REDIRECT] [Fatal Error] :1:1: Premature end of file.
2025-11-30 16:42:49,910 [ERROR] LogOutputStream:75 - [STDERR_REDIRECT] 
2025-11-30 16:42:50,913 [ERROR] LogOutputStream:75 - [STDERR_REDIRECT] [Fatal Error] :1:1: Premature end of file.
2025-11-30 16:42:50,913 [ERROR] LogOutputStream:75 - [STDERR_REDIRECT] 
2025-11-30 16:42:51,907 [ERROR] LogOutputStream:75 - [STDERR_REDIRECT] [Fatal Error] :1:1: Premature end of file.
2025-11-30 16:42:51,908 [ERROR] LogOutputStream:75 - [STDERR_REDIRECT] 
2025-11-30 16:42:52,904 [ERROR] LogOutputStream:75 - [STDERR_REDIRECT] [Fatal Error] :1:1: Premature end of file.
2025-11-30 16:42:52,904 [ERROR] LogOutputStream:75 - [STDERR_REDIRECT] 
2025-11-30 16:42:53,913 [ERROR] LogOutputStream:75 - [STDERR_REDIRECT] [Fatal Error] :1:1: Premature end of file.
2025-11-30 16:42:53,913 [ERROR] LogOutputStream:75 - [STDERR_REDIRECT] 
2025-11-30 16:42:54,920 [ERROR] LogOutputStream:75 - [STDERR_REDIRECT] [Fatal Error] :1:1: Premature end of file.
2025-11-30 16:42:54,920 [ERROR] LogOutputStream:75 - [STDERR_REDIRECT] 
2025-11-30 16:42:55,933 [ERROR] LogOutputStream:75 - [STDERR_REDIRECT] [Fatal Error] :1:1: Premature end of file.
2025-11-30 16:42:55,934 [ERROR] LogOutputStream:75 - [STDERR_REDIRECT] 
2025-11-30 16:42:56,886 [ERROR] LogOutputStream:75 - [STDERR_REDIRECT] [Fatal Error] :1:1: Premature end of file.
2025-11-30 16:42:56,886 [ERROR] LogOutputStream:75 - [STDERR_REDIRECT] 
2025-11-30 16:42:57,912 [ERROR] LogOutputStream:75 - [STDERR_REDIRECT] [Fatal Error] :1:1: Premature end of file.
2025-11-30 16:42:57,912 [ERROR] LogOutputStream:75 - [STDERR_REDIRECT] 
2025-11-30 16:42:58,911 [ERROR] LogOutputStream:75 - [STDERR_REDIRECT] [Fatal Error] :1:1: Premature end of file.
2025-11-30 16:42:58,911 [ERROR] LogOutputStream:75 - [STDERR_REDIRECT] 
2025-11-30 16:42:59,911 [ERROR] LogOutputStream:75 - [STDERR_REDIRECT] [Fatal Error] :1:1: Premature end of file.
2025-11-30 16:42:59,913 [ERROR] LogOutputStream:75 - [STDERR_REDIRECT] 
2025-11-30 16:43:00,915 [ERROR] LogOutputStream:75 - [STDERR_REDIRECT] [Fatal Error] :1:1: Premature end of file.
2025-11-30 16:43:00,915 [ERROR] LogOutputStream:75 - [STDERR_REDIRECT] 
2025-11-30 16:43:01,911 [ERROR] LogOutputStream:75 - [STDERR_REDIRECT] [Fatal Error] :1:1: Premature end of file.
2025-11-30 16:43:01,911 [ERROR] LogOutputStream:75 - [STDERR_REDIRECT] 
2025-11-30 16:43:02,911 [ERROR] LogOutputStream:75 - [STDERR_REDIRECT] [Fatal Error] :1:1: Premature end of file.
2025-11-30 16:43:02,911 [ERROR] LogOutputStream:75 - [STDERR_REDIRECT] 
2025-11-30 16:43:03,828 [ERROR] LogOutputStream:75 - [STDERR_REDIRECT] [Fatal Error] :1:1: Premature end of file.
2025-11-30 16:43:03,828 [ERROR] LogOutputStream:75 - [STDERR_REDIRECT] 
2025-11-30 16:43:04,826 [ERROR] LogOutputStream:75 - [STDERR_REDIRECT] [Fatal Error] :1:1: Premature end of file.
2025-11-30 16:43:04,826 [ERROR] LogOutputStream:75 - [STDERR_REDIRECT] 
2025-11-30 16:43:05,912 [ERROR] LogOutputStream:75 - [STDERR_REDIRECT] [Fatal Error] :1:1: Premature end of file.
2025-11-30 16:43:05,912 [ERROR] LogOutputStream:75 - [STDERR_REDIRECT] 
2025-11-30 16:43:06,911 [ERROR] LogOutputStream:75 - [STDERR_REDIRECT] [Fatal Error] :1:1: Premature end of file.
2025-11-30 16:43:06,911 [ERROR] LogOutputStream:75 - [STDERR_REDIRECT] 
2025-11-30 16:43:07,908 [ERROR] LogOutputStream:75 - [STDERR_REDIRECT] [Fatal Error] :1:1: Premature end of file.
2025-11-30 16:43:07,908 [ERROR] LogOutputStream:75 - [STDERR_REDIRECT] 
2025-11-30 16:43:08,912 [ERROR] LogOutputStream:75 - [STDERR_REDIRECT] [Fatal Error] :1:1: Premature end of file.
2025-11-30 16:43:08,912 [ERROR] LogOutputStream:75 - [STDERR_REDIRECT] 
2025-11-30 16:43:09,912 [ERROR] LogOutputStream:75 - [STDERR_REDIRECT] [Fatal Error] :1:1: Premature end of file.
2025-11-30 16:43:09,912 [ERROR] LogOutputStream:75 - [STDERR_REDIRECT] 
2025-11-30 16:43:10,909 [ERROR] LogOutputStream:75 - [STDERR_REDIRECT] [Fatal Error] :1:1: Premature end of file.
2025-11-30 16:43:10,910 [ERROR] LogOutputStream:75 - [STDERR_REDIRECT] 
2025-11-30 16:43:11,912 [ERROR] LogOutputStream:75 - [STDERR_REDIRECT] [Fatal Error] :1:1: Premature end of file.
2025-11-30 16:43:11,913 [ERROR] LogOutputStream:75 - [STDERR_REDIRECT] 
2025-11-30 16:43:12,851 [ERROR] LogOutputStream:75 - [STDERR_REDIRECT] [Fatal Error] :1:1: Premature end of file.
2025-11-30 16:43:12,851 [ERROR] LogOutputStream:75 - [STDERR_REDIRECT] 
2025-11-30 16:43:13,829 [ERROR] LogOutputStream:75 - [STDERR_REDIRECT] [Fatal Error] :1:1: Premature end of file.
2025-11-30 16:43:13,829 [ERROR] LogOutputStream:75 - [STDERR_REDIRECT] 
2025-11-30 16:43:14,902 [ERROR] LogOutputStream:75 - [STDERR_REDIRECT] [Fatal Error] :1:1: Premature end of file.
2025-11-30 16:43:14,902 [ERROR] LogOutputStream:75 - [STDERR_REDIRECT] 
2025-11-30 16:43:15,915 [ERROR] LogOutputStream:75 - [STDERR_REDIRECT] [Fatal Error] :1:1: Premature end of file.
2025-11-30 16:43:15,915 [ERROR] LogOutputStream:75 - [STDERR_REDIRECT] 
2025-11-30 16:43:16,925 [ERROR] LogOutputStream:75 - [STDERR_REDIRECT] [Fatal Error] :1:1: Premature end of file.
2025-11-30 16:43:16,926 [ERROR] LogOutputStream:75 - [STDERR_REDIRECT] 
2025-11-30 16:43:17,825 [ERROR] LogOutputStream:75 - [STDERR_REDIRECT] [Fatal Error] :1:1: Premature end of file.
2025-11-30 16:43:17,825 [ERROR] LogOutputStream:75 - [STDERR_REDIRECT] 
2025-11-30 16:43:18,894 [ERROR] LogOutputStream:75 - [STDERR_REDIRECT] [Fatal Error] :1:1: Premature end of file.
2025-11-30 16:43:18,894 [ERROR] LogOutputStream:75 - [STDERR_REDIRECT] 
2025-11-30 16:43:19,912 [ERROR] LogOutputStream:75 - [STDERR_REDIRECT] [Fatal Error] :1:1: Premature end of file.
2025-11-30 16:43:19,912 [ERROR] LogOutputStream:75 - [STDERR_REDIRECT] 
2025-11-30 16:43:20,907 [ERROR] LogOutputStream:75 - [STDERR_REDIRECT] [Fatal Error] :1:1: Premature end of file.
2025-11-30 16:43:20,908 [ERROR] LogOutputStream:75 - [STDERR_REDIRECT] 
2025-11-30 16:43:21,911 [ERROR] LogOutputStream:75 - [STDERR_REDIRECT] [Fatal Error] :1:1: Premature end of file.
2025-11-30 16:43:21,912 [ERROR] LogOutputStream:75 - [STDERR_REDIRECT] 
2025-11-30 16:43:22,911 [ERROR] LogOutputStream:75 - [STDERR_REDIRECT] [Fatal Error] :1:1: Premature end of file.
2025-11-30 16:43:22,912 [ERROR] LogOutputStream:75 - [STDERR_REDIRECT] 
2025-11-30 16:43:23,909 [ERROR] LogOutputStream:75 - [STDERR_REDIRECT] [Fatal Error] :1:1: Premature end of file.
2025-11-30 16:43:23,910 [ERROR] LogOutputStream:75 - [STDERR_REDIRECT] 
2025-11-30 16:43:24,910 [ERROR] LogOutputStream:75 - [STDERR_REDIRECT] [Fatal Error] :1:1: Premature end of file.
2025-11-30 16:43:24,912 [ERROR] LogOutputStream:75 - [STDERR_REDIRECT] 
2025-11-30 16:43:25,911 [ERROR] LogOutputStream:75 - [STDERR_REDIRECT] [Fatal Error] :1:1: Premature end of file.
2025-11-30 16:43:25,911 [ERROR] LogOutputStream:75 - [STDERR_REDIRECT] 
2025-11-30 16:43:26,913 [ERROR] LogOutputStream:75 - [STDERR_REDIRECT] [Fatal Error] :1:1: Premature end of file.
2025-11-30 16:43:26,913 [ERROR] LogOutputStream:75 - [STDERR_REDIRECT] 
2025-11-30 16:43:27,910 [ERROR] LogOutputStream:75 - [STDERR_REDIRECT] [Fatal Error] :1:1: Premature end of file.
2025-11-30 16:43:27,911 [ERROR] LogOutputStream:75 - [STDERR_REDIRECT] 
2025-11-30 16:43:28,902 [ERROR] LogOutputStream:75 - [STDERR_REDIRECT] [Fatal Error] :1:1: Premature end of file.
2025-11-30 16:43:28,903 [ERROR] LogOutputStream:75 - [STDERR_REDIRECT] 
2025-11-30 16:43:29,915 [ERROR] LogOutputStream:75 - [STDERR_REDIRECT] [Fatal Error] :1:1: Premature end of file.
2025-11-30 16:43:29,915 [ERROR] LogOutputStream:75 - [STDERR_REDIRECT] 
2025-11-30 16:43:30,910 [ERROR] LogOutputStream:75 - [STDERR_REDIRECT] [Fatal Error] :1:1: Premature end of file.
2025-11-30 16:43:30,911 [ERROR] LogOutputStream:75 - [STDERR_REDIRECT] 
2025-11-30 16:43:31,905 [ERROR] LogOutputStream:75 - [STDERR_REDIRECT] [Fatal Error] :1:1: Premature end of file.
2025-11-30 16:43:31,905 [ERROR] LogOutputStream:75 - [STDERR_REDIRECT] 
2025-11-30 16:43:32,908 [ERROR] LogOutputStream:75 - [STDERR_REDIRECT] [Fatal Error] :1:1: Premature end of file.
2025-11-30 16:43:32,908 [ERROR] LogOutputStream:75 - [STDERR_REDIRECT] 
2025-11-30 16:43:33,910 [ERROR] LogOutputStream:75 - [STDERR_REDIRECT] [Fatal Error] :1:1: Premature end of file.
2025-11-30 16:43:33,910 [ERROR] LogOutputStream:75 - [STDERR_REDIRECT] 
2025-11-30 16:43:34,898 [ERROR] LogOutputStream:75 - [STDERR_REDIRECT] [Fatal Error] :1:1: Premature end of file.
2025-11-30 16:43:34,898 [ERROR] LogOutputStream:75 - [STDERR_REDIRECT] 
2025-11-30 16:43:35,904 [ERROR] LogOutputStream:75 - [STDERR_REDIRECT] [Fatal Error] :1:1: Premature end of file.
2025-11-30 16:43:35,905 [ERROR] LogOutputStream:75 - [STDERR_REDIRECT] 
2025-11-30 16:43:36,892 [ERROR] LogOutputStream:75 - [STDERR_REDIRECT] [Fatal Error] :1:1: Premature end of file.
2025-11-30 16:43:36,892 [ERROR] LogOutputStream:75 - [STDERR_REDIRECT] 
2025-11-30 16:43:37,876 [ERROR] LogOutputStream:75 - [STDERR_REDIRECT] [Fatal Error] :1:1: Premature end of file.
2025-11-30 16:43:37,876 [ERROR] LogOutputStream:75 - [STDERR_REDIRECT] 
2025-11-30 16:43:38,909 [ERROR] LogOutputStream:75 - [STDERR_REDIRECT] [Fatal Error] :1:1: Premature end of file.
2025-11-30 16:43:38,910 [ERROR] LogOutputStream:75 - [STDERR_REDIRECT] 
2025-11-30 16:43:39,915 [ERROR] LogOutputStream:75 - [STDERR_REDIRECT] [Fatal Error] :1:1: Premature end of file.
2025-11-30 16:43:39,915 [ERROR] LogOutputStream:75 - [STDERR_REDIRECT] 
2025-11-30 16:43:40,892 [ERROR] LogOutputStream:75 - [STDERR_REDIRECT] [Fatal Error] :1:1: Premature end of file.
2025-11-30 16:43:40,892 [ERROR] LogOutputStream:75 - [STDERR_REDIRECT] 
2025-11-30 16:43:41,911 [ERROR] LogOutputStream:75 - [STDERR_REDIRECT] [Fatal Error] :1:1: Premature end of file.
2025-11-30 16:43:41,913 [ERROR] LogOutputStream:75 - [STDERR_REDIRECT] 
2025-11-30 16:43:42,907 [ERROR] LogOutputStream:75 - [STDERR_REDIRECT] [Fatal Error] :1:1: Premature end of file.
2025-11-30 16:43:42,908 [ERROR] LogOutputStream:75 - [STDERR_REDIRECT] 
2025-11-30 16:43:43,909 [ERROR] LogOutputStream:75 - [STDERR_REDIRECT] [Fatal Error] :1:1: Premature end of file.
2025-11-30 16:43:43,909 [ERROR] LogOutputStream:75 - [STDERR_REDIRECT] 
2025-11-30 16:43:44,912 [ERROR] LogOutputStream:75 - [STDERR_REDIRECT] [Fatal Error] :1:1: Premature end of file.
2025-11-30 16:43:44,912 [ERROR] LogOutputStream:75 - [STDERR_REDIRECT] 
2025-11-30 16:43:45,916 [ERROR] LogOutputStream:75 - [STDERR_REDIRECT] [Fatal Error] :1:1: Premature end of file.
2025-11-30 16:43:45,916 [ERROR] LogOutputStream:75 - [STDERR_REDIRECT] 
2025-11-30 16:43:46,918 [ERROR] LogOutputStream:75 - [STDERR_REDIRECT] [Fatal Error] :1:1: Premature end of file.
2025-11-30 16:43:46,918 [ERROR] LogOutputStream:75 - [STDERR_REDIRECT] 
2025-11-30 16:43:47,910 [ERROR] LogOutputStream:75 - [STDERR_REDIRECT] [Fatal Error] :1:1: Premature end of file.
2025-11-30 16:43:47,910 [ERROR] LogOutputStream:75 - [STDERR_REDIRECT] 
2025-11-30 16:43:48,831 [ERROR] LogOutputStream:75 - [STDERR_REDIRECT] [Fatal Error] :1:1: Premature end of file.
2025-11-30 16:43:48,831 [ERROR] LogOutputStream:75 - [STDERR_REDIRECT] 
2025-11-30 16:43:49,826 [ERROR] LogOutputStream:75 - [STDERR_REDIRECT] [Fatal Error] :1:1: Premature end of file.
2025-11-30 16:43:49,826 [ERROR] LogOutputStream:75 - [STDERR_REDIRECT] 
2025-11-30 16:43:50,898 [ERROR] LogOutputStream:75 - [STDERR_REDIRECT] [Fatal Error] :1:1: Premature end of file.
2025-11-30 16:43:50,900 [ERROR] LogOutputStream:75 - [STDERR_REDIRECT] 
2025-11-30 16:43:51,914 [ERROR] LogOutputStream:75 - [STDERR_REDIRECT] [Fatal Error] :1:1: Premature end of file.
2025-11-30 16:43:51,914 [ERROR] LogOutputStream:75 - [STDERR_REDIRECT] 
2025-11-30 16:43:52,923 [ERROR] LogOutputStream:75 - [STDERR_REDIRECT] [Fatal Error] :1:1: Premature end of file.
2025-11-30 16:43:52,923 [ERROR] LogOutputStream:75 - [STDERR_REDIRECT] 
2025-11-30 16:43:53,916 [ERROR] LogOutputStream:75 - [STDERR_REDIRECT] [Fatal Error] :1:1: Premature end of file.
2025-11-30 16:43:53,917 [ERROR] LogOutputStream:75 - [STDERR_REDIRECT] 
2025-11-30 16:43:54,923 [ERROR] LogOutputStream:75 - [STDERR_REDIRECT] [Fatal Error] :1:1: Premature end of file.
2025-11-30 16:43:54,923 [ERROR] LogOutputStream:75 - [STDERR_REDIRECT] 
2025-11-30 16:43:55,906 [ERROR] LogOutputStream:75 - [STDERR_REDIRECT] [Fatal Error] :1:1: Premature end of file.
2025-11-30 16:43:55,907 [ERROR] LogOutputStream:75 - [STDERR_REDIRECT] 
2025-11-30 16:43:56,909 [ERROR] LogOutputStream:75 - [STDERR_REDIRECT] [Fatal Error] :1:1: Premature end of file.
2025-11-30 16:43:56,909 [ERROR] LogOutputStream:75 - [STDERR_REDIRECT] 
2025-11-30 16:43:57,947 [ERROR] LogOutputStream:75 - [STDERR_REDIRECT] [Fatal Error] :1:1: Premature end of file.
2025-11-30 16:43:57,947 [ERROR] LogOutputStream:75 - [STDERR_REDIRECT] 
2025-11-30 16:43:58,835 [ERROR] LogOutputStream:75 - [STDERR_REDIRECT] [Fatal Error] :1:1: Premature end of file.
2025-11-30 16:43:58,835 [ERROR] LogOutputStream:75 - [STDERR_REDIRECT] 
2025-11-30 16:43:59,851 [ERROR] LogOutputStream:75 - [STDERR_REDIRECT] [Fatal Error] :1:1: Premature end of file.
2025-11-30 16:43:59,852 [ERROR] LogOutputStream:75 - [STDERR_REDIRECT] 
2025-11-30 16:44:00,880 [ERROR] LogOutputStream:75 - [STDERR_REDIRECT] [Fatal Error] :1:1: Premature end of file.
2025-11-30 16:44:00,880 [ERROR] LogOutputStream:75 - [STDERR_REDIRECT] 
2025-11-30 16:44:01,935 [ERROR] LogOutputStream:75 - [STDERR_REDIRECT] [Fatal Error] :1:1: Premature end of file.
2025-11-30 16:44:01,936 [ERROR] LogOutputStream:75 - [STDERR_REDIRECT] 
2025-11-30 16:44:02,880 [ERROR] LogOutputStream:75 - [STDERR_REDIRECT] [Fatal Error] :1:1: Premature end of file.
2025-11-30 16:44:02,880 [ERROR] LogOutputStream:75 - [STDERR_REDIRECT] 
2025-11-30 16:44:03,960 [ERROR] LogOutputStream:75 - [STDERR_REDIRECT] [Fatal Error] :1:1: Premature end of file.
2025-11-30 16:44:03,961 [ERROR] LogOutputStream:75 - [STDERR_REDIRECT] 
2025-11-30 16:44:04,193 [ERROR] LogOutputStream:75 - [STDERR_REDIRECT] 
2025-11-30 16:44:04,196 [ERROR] LogOutputStream:75 - [STDERR_REDIRECT] 
2025-11-30 16:46:09,857 [INFO] Activator:176 - 


2025-11-30 16:46:09,889 [INFO] Activator:177 - !SESSION log4j initialized
2025-11-30 16:46:16,624 [INFO] LogOutputStream:77 - [STDOUT_REDIRECT] 
2025-11-30 16:46:19,035 [ERROR] LogOutputStream:75 - [STDERR_REDIRECT] [Fatal Error] :1:1: Premature end of file.
2025-11-30 16:46:19,035 [ERROR] LogOutputStream:75 - [STDERR_REDIRECT] 
2025-11-30 16:46:19,909 [INFO] ApplicationProperties:184 - Using Application install path: C:\ST\STM32CubeIDE_1.18.1\STM32CubeIDE\plugins\com.st.stm32cube.common.mx_6.15.0.202507011659
2025-11-30 16:46:19,933 [INFO] DbMcusXml:78 - Set database path to: C:\ST\STM32CubeIDE_1.18.1\STM32CubeIDE\plugins\com.st.stm32cube.common.mx_6.15.0.202507011659\\db\/mcu/
2025-11-30 16:46:19,934 [INFO] ApiDb:274 - Set plugin database path to: C:\ST\STM32CubeIDE_1.18.1\STM32CubeIDE\plugins\com.st.stm32cube.common.mx_6.15.0.202507011659\\db\/plugins/boardmanager/
2025-11-30 16:46:19,934 [WARN] ApiDb:259 - Overriding images path with different value:  => C:\ST\STM32CubeIDE_1.18.1\STM32CubeIDE\plugins\com.st.stm32cube.common.mx_6.15.0.202507011659\\db\/plugins/mcufinder/images/
2025-11-30 16:46:19,947 [INFO] ApiDb:250 - Set database path to: C:\Users\shubh\.stmcufinder\plugins\mcufinder//mcu/
2025-11-30 16:46:19,949 [INFO] DbMcusAds:125 - Set database path to: C:\Users\shubh\.stmcufinder\plugins\mcufinder//mcu/
2025-11-30 16:46:19,952 [INFO] CrossReferenceDbSqlite:203 - Set database path to: C:\Users\shubh\.stmcufinder\plugins\mcufinder//mcu/cs/
2025-11-30 16:46:19,967 [ERROR] LogOutputStream:75 - [STDERR_REDIRECT] [Fatal Error] :1:1: Premature end of file.
2025-11-30 16:46:19,967 [ERROR] LogOutputStream:75 - [STDERR_REDIRECT] 
2025-11-30 16:46:20,119 [INFO] RulesReader:64 - Compatibility file has been processed (317 Rules)
2025-11-30 16:46:20,234 [INFO] DbMcusXml:78 - Set database path to: C:\ST\STM32CubeIDE_1.18.1\STM32CubeIDE\plugins\com.st.stm32cube.common.mx_6.15.0.202507011659\\db\/mcu/
2025-11-30 16:46:20,234 [INFO] ApiDb:274 - Set plugin database path to: C:\ST\STM32CubeIDE_1.18.1\STM32CubeIDE\plugins\com.st.stm32cube.common.mx_6.15.0.202507011659\\db\/plugins/boardmanager/
2025-11-30 16:46:20,234 [INFO] ApiDb:261 - Set plugin images path to: C:\ST\STM32CubeIDE_1.18.1\STM32CubeIDE\plugins\com.st.stm32cube.common.mx_6.15.0.202507011659\\db\/plugins/mcufinder/images/
2025-11-30 16:46:20,234 [WARN] DbFile:41 - Overriding database path with different value: C:\Users\shubh\.stmcufinder\plugins\mcufinder/ => C:\Users\shubh\.stmcufinder\plugins\mcufinder
2025-11-30 16:46:20,234 [INFO] ApiDb:250 - Set database path to: C:\Users\shubh\.stmcufinder\plugins\mcufinder//mcu/
2025-11-30 16:46:20,234 [WARN] DbFile:41 - Overriding database path with different value: C:\Users\shubh\.stmcufinder\plugins\mcufinder/ => C:\Users\shubh\.stmcufinder\plugins\mcufinder
2025-11-30 16:46:20,234 [INFO] DbMcusAds:125 - Set database path to: C:\Users\shubh\.stmcufinder\plugins\mcufinder//mcu/
2025-11-30 16:46:20,234 [WARN] DbFile:41 - Overriding database path with different value: C:\Users\shubh\.stmcufinder\plugins\mcufinder/ => C:\Users\shubh\.stmcufinder\plugins\mcufinder
2025-11-30 16:46:20,234 [WARN] DbFile:41 - Overriding database path with different value: C:\Users\shubh\.stmcufinder\plugins\mcufinder/ => C:\Users\shubh\.stmcufinder\plugins\mcufinder
2025-11-30 16:46:20,234 [INFO] CrossReferenceDbSqlite:203 - Set database path to: C:\Users\shubh\.stmcufinder\plugins\mcufinder//mcu/cs/
2025-11-30 16:46:20,339 [INFO] MainPanel:274 - HeapMemory: 268435456
2025-11-30 16:46:20,493 [INFO] DbMcusXml:78 - Set database path to: C:\ST\STM32CubeIDE_1.18.1\STM32CubeIDE\plugins\com.st.stm32cube.common.mx_6.15.0.202507011659\\db\/mcu/
2025-11-30 16:46:20,494 [INFO] ApiDb:274 - Set plugin database path to: C:\ST\STM32CubeIDE_1.18.1\STM32CubeIDE\plugins\com.st.stm32cube.common.mx_6.15.0.202507011659\\db\/plugins/boardmanager/
2025-11-30 16:46:20,494 [INFO] ApiDb:261 - Set plugin images path to: C:\ST\STM32CubeIDE_1.18.1\STM32CubeIDE\plugins\com.st.stm32cube.common.mx_6.15.0.202507011659\\db\/plugins/mcufinder/images/
2025-11-30 16:46:20,494 [WARN] DbFile:41 - Overriding database path with different value: C:\Users\shubh\.stmcufinder\plugins\mcufinder/ => C:\Users\shubh\.stmcufinder\plugins\mcufinder
2025-11-30 16:46:20,494 [INFO] ApiDb:250 - Set database path to: C:\Users\shubh\.stmcufinder\plugins\mcufinder//mcu/
2025-11-30 16:46:20,494 [WARN] DbFile:41 - Overriding database path with different value: C:\Users\shubh\.stmcufinder\plugins\mcufinder/ => C:\Users\shubh\.stmcufinder\plugins\mcufinder
2025-11-30 16:46:20,494 [INFO] DbMcusAds:125 - Set database path to: C:\Users\shubh\.stmcufinder\plugins\mcufinder//mcu/
2025-11-30 16:46:20,495 [WARN] DbFile:41 - Overriding database path with different value: C:\Users\shubh\.stmcufinder\plugins\mcufinder/ => C:\Users\shubh\.stmcufinder\plugins\mcufinder
2025-11-30 16:46:20,495 [WARN] DbFile:41 - Overriding database path with different value: C:\Users\shubh\.stmcufinder\plugins\mcufinder/ => C:\Users\shubh\.stmcufinder\plugins\mcufinder
2025-11-30 16:46:20,495 [INFO] CrossReferenceDbSqlite:203 - Set database path to: C:\Users\shubh\.stmcufinder\plugins\mcufinder//mcu/cs/
2025-11-30 16:46:20,525 [INFO] ApplicationProperties:184 - Using Application install path: C:\ST\STM32CubeIDE_1.18.1\STM32CubeIDE\plugins\com.st.stm32cube.common.mx_6.15.0.202507011659
2025-11-30 16:46:20,527 [INFO] PluginManage:196 - Search for loadable plugins [exclusion list=, ]
2025-11-30 16:46:20,529 [INFO] PluginManage:310 - Check plugin analytics
2025-11-30 16:46:20,817 [INFO] AnalyticsPlugin:253 - Accepted Software Licenses: STM32CubeMX.6.15.0
2025-11-30 16:46:20,817 [INFO] AnalyticsPlugin:255 - Accepted CMSIS Pack Licenses: 
2025-11-30 16:46:20,817 [INFO] AnalyticsPlugin:257 - Accepted Firmware Licenses: 
2025-11-30 16:46:20,820 [INFO] PluginManage:359 - Loaded plugin analytics (category:tool,tabindex:-1)
2025-11-30 16:46:20,822 [INFO] PluginManage:310 - Check plugin cadmodel
2025-11-30 16:46:20,829 [INFO] CADModel:105 - Init CAD model plugin
2025-11-30 16:46:20,829 [INFO] PluginManage:359 - Loaded plugin cadmodel (category:power,tabindex:5)
2025-11-30 16:46:20,829 [INFO] PluginManage:310 - Check plugin clock
2025-11-30 16:46:20,842 [INFO] PluginManage:359 - Loaded plugin clock (category:base,tabindex:2)
2025-11-30 16:46:20,842 [INFO] PluginManage:310 - Check plugin ddr
2025-11-30 16:46:20,845 [INFO] PluginManage:359 - Loaded plugin ddr (category:tool,tabindex:6)
2025-11-30 16:46:20,846 [INFO] PluginManage:310 - Check plugin filemanager
2025-11-30 16:46:20,957 [ERROR] LogOutputStream:75 - [STDERR_REDIRECT] [Fatal Error] :1:1: Premature end of file.
2025-11-30 16:46:20,958 [ERROR] LogOutputStream:75 - [STDERR_REDIRECT] 
2025-11-30 16:46:21,314 [INFO] PluginManage:359 - Loaded plugin filemanager (category:base,tabindex:10)
2025-11-30 16:46:21,314 [INFO] PluginManage:310 - Check plugin ipmanager
2025-11-30 16:46:21,323 [INFO] PluginManage:359 - Loaded plugin ipmanager (category:base,tabindex:5)
2025-11-30 16:46:21,323 [INFO] PluginManage:310 - Check plugin lpbam
2025-11-30 16:46:21,334 [INFO] PluginManage:359 - Loaded plugin lpbam (category:base,tabindex:0)
2025-11-30 16:46:21,334 [INFO] PluginManage:310 - Check plugin memorymap
2025-11-30 16:46:21,355 [INFO] PluginManage:359 - Loaded plugin memorymap (category:base,tabindex:4)
2025-11-30 16:46:21,355 [INFO] PluginManage:310 - Check plugin pinoutandconfiguration
2025-11-30 16:46:21,367 [INFO] PluginManage:359 - Loaded plugin pinoutandconfiguration (category:base,tabindex:1)
2025-11-30 16:46:21,368 [INFO] PluginManage:310 - Check plugin pinoutconfig
2025-11-30 16:46:21,506 [WARN] SupportedApi:132 - Cannot load RTOS API schema: s4s-elt-must-match.1: The content of 'definitions' must match (annotation?, (simpleType | complexType)?, (unique | key | keyref)*)). A problem was found starting at: attribute.
2025-11-30 16:46:21,759 [INFO] PluginManage:359 - Loaded plugin pinoutconfig (category:base,tabindex:0)
2025-11-30 16:46:21,760 [INFO] PluginManage:310 - Check plugin power
2025-11-30 16:46:21,777 [INFO] PluginManage:359 - Loaded plugin power (category:power,tabindex:4)
2025-11-30 16:46:21,778 [INFO] PluginManage:310 - Check plugin projectmanager
2025-11-30 16:46:21,807 [INFO] PluginManage:359 - Loaded plugin projectmanager (category:projectmanager,tabindex:4)
2025-11-30 16:46:21,807 [INFO] PluginManage:310 - Check plugin rif
2025-11-30 16:46:21,824 [INFO] PluginManage:359 - Loaded plugin rif (category:base,tabindex:3)
2025-11-30 16:46:21,825 [INFO] PluginManage:310 - Check plugin thirdparty
2025-11-30 16:46:21,994 [ERROR] LogOutputStream:75 - [STDERR_REDIRECT] [Fatal Error] :1:1: Premature end of file.
2025-11-30 16:46:21,994 [ERROR] LogOutputStream:75 - [STDERR_REDIRECT] 
2025-11-30 16:46:22,062 [INFO] PluginManage:359 - Loaded plugin thirdparty (category:base,tabindex:-1)
2025-11-30 16:46:22,062 [WARN] IntegrityCheckThread:84 - waiting for thirdparty lock release [integrity check]
2025-11-30 16:46:22,063 [INFO] PluginManage:310 - Check plugin tools
2025-11-30 16:46:22,063 [INFO] IntegrityCheckThread:86 - entering critical section [integrity check]
2025-11-30 16:46:22,063 [INFO] ThirdPartyUpdaterWithRetryManager:70 - Updater plugin not ready yet. [1/15]
2025-11-30 16:46:22,067 [INFO] PluginManage:359 - Loaded plugin tools (category:base,tabindex:7)
2025-11-30 16:46:22,067 [INFO] PluginManage:310 - Check plugin tutovideos
2025-11-30 16:46:22,376 [INFO] PluginManage:359 - Loaded plugin tutovideos (category:base,tabindex:-1)
2025-11-30 16:46:22,377 [INFO] PluginManage:310 - Check plugin updater
2025-11-30 16:46:22,407 [INFO] PluginManage:359 - Loaded plugin updater (category:base,tabindex:12)
2025-11-30 16:46:22,407 [INFO] PluginManage:310 - Check plugin userauth
2025-11-30 16:46:22,413 [INFO] UserAuth:118 - Init User Auth plugin
2025-11-30 16:46:22,415 [INFO] PluginManage:359 - Loaded plugin userauth (category:base,tabindex:14)
2025-11-30 16:46:22,416 [INFO] PluginManage:283 - PluginManage : Loaded plugins [18]
2025-11-30 16:46:22,749 [INFO] PinOutPanel:1589 - setPackage(No Configuration,No Configuration)
2025-11-30 16:46:22,881 [INFO] CADModel:165 - CPN selected for project level
2025-11-30 16:46:22,881 [INFO] CADModel:114 - Register for checkConnection events
2025-11-30 16:46:22,909 [INFO] IPUIPlugin:80 - create IPUIPlugin
2025-11-30 16:46:22,909 [INFO] PluginManager:220 - loadIPPluginJar : add adc
2025-11-30 16:46:22,912 [INFO] IPUIPlugin:80 - create IPUIPlugin
2025-11-30 16:46:22,913 [INFO] PluginManager:220 - loadIPPluginJar : add aes
2025-11-30 16:46:22,917 [INFO] IPUIPlugin:80 - create IPUIPlugin
2025-11-30 16:46:22,917 [INFO] PluginManager:220 - loadIPPluginJar : add can
2025-11-30 16:46:22,920 [INFO] IPUIPlugin:80 - create IPUIPlugin
2025-11-30 16:46:22,920 [INFO] PluginManager:220 - loadIPPluginJar : add comp
2025-11-30 16:46:22,925 [INFO] IPUIPlugin:80 - create IPUIPlugin
2025-11-30 16:46:22,926 [INFO] PluginManager:220 - loadIPPluginJar : add cryp
2025-11-30 16:46:22,931 [INFO] IPUIPlugin:80 - create IPUIPlugin
2025-11-30 16:46:22,931 [INFO] PluginManager:220 - loadIPPluginJar : add ddr_ctrl_phy
2025-11-30 16:46:22,935 [INFO] IPUIPlugin:80 - create IPUIPlugin
2025-11-30 16:46:22,935 [INFO] PluginManager:220 - loadIPPluginJar : add dfsdm
2025-11-30 16:46:22,944 [INFO] IPUIPlugin:80 - create IPUIPlugin
2025-11-30 16:46:22,945 [INFO] PluginManager:220 - loadIPPluginJar : add dma
2025-11-30 16:46:22,949 [INFO] IPUIPlugin:80 - create IPUIPlugin
2025-11-30 16:46:22,949 [INFO] PluginManager:220 - loadIPPluginJar : add dma3
2025-11-30 16:46:22,955 [INFO] IPUIPlugin:80 - create IPUIPlugin
2025-11-30 16:46:22,955 [INFO] PluginManager:220 - loadIPPluginJar : add extmemmanager
2025-11-30 16:46:22,958 [INFO] IPUIPlugin:80 - create IPUIPlugin
2025-11-30 16:46:22,958 [INFO] PluginManager:220 - loadIPPluginJar : add fatfs
2025-11-30 16:46:22,965 [INFO] IPUIPlugin:80 - create IPUIPlugin
2025-11-30 16:46:22,965 [INFO] PluginManager:220 - loadIPPluginJar : add fmc
2025-11-30 16:46:22,969 [ERROR] LogOutputStream:75 - [STDERR_REDIRECT] [Fatal Error] :1:1: Premature end of file.
2025-11-30 16:46:22,970 [ERROR] LogOutputStream:75 - [STDERR_REDIRECT] 
2025-11-30 16:46:22,974 [INFO] IPUIPlugin:80 - create IPUIPlugin
2025-11-30 16:46:22,975 [INFO] PluginManager:220 - loadIPPluginJar : add freertos
2025-11-30 16:46:22,977 [INFO] IPUIPlugin:80 - create IPUIPlugin
2025-11-30 16:46:22,978 [INFO] PluginManager:220 - loadIPPluginJar : add genericplugin
2025-11-30 16:46:22,982 [INFO] IPUIPlugin:80 - create IPUIPlugin
2025-11-30 16:46:22,982 [INFO] PluginManager:220 - loadIPPluginJar : add gfxmmu
2025-11-30 16:46:22,990 [INFO] IPUIPlugin:80 - create IPUIPlugin
2025-11-30 16:46:22,990 [INFO] PluginManager:220 - loadIPPluginJar : add gic
2025-11-30 16:46:22,997 [INFO] IPUIPlugin:80 - create IPUIPlugin
2025-11-30 16:46:22,997 [INFO] PluginManager:220 - loadIPPluginJar : add gpio
2025-11-30 16:46:23,002 [INFO] IPUIPlugin:80 - create IPUIPlugin
2025-11-30 16:46:23,002 [INFO] PluginManager:220 - loadIPPluginJar : add gtzc
2025-11-30 16:46:23,006 [INFO] IPUIPlugin:80 - create IPUIPlugin
2025-11-30 16:46:23,006 [INFO] PluginManager:220 - loadIPPluginJar : add hash
2025-11-30 16:46:23,011 [INFO] IPUIPlugin:80 - create IPUIPlugin
2025-11-30 16:46:23,011 [INFO] PluginManager:220 - loadIPPluginJar : add i2c
2025-11-30 16:46:23,014 [INFO] IPUIPlugin:80 - create IPUIPlugin
2025-11-30 16:46:23,014 [INFO] PluginManager:220 - loadIPPluginJar : add i2s
2025-11-30 16:46:23,018 [INFO] IPUIPlugin:80 - create IPUIPlugin
2025-11-30 16:46:23,018 [INFO] PluginManager:220 - loadIPPluginJar : add i3c
2025-11-30 16:46:23,022 [INFO] IPUIPlugin:80 - create IPUIPlugin
2025-11-30 16:46:23,022 [INFO] PluginManager:220 - loadIPPluginJar : add ipddr
2025-11-30 16:46:23,031 [INFO] IPUIPlugin:80 - create IPUIPlugin
2025-11-30 16:46:23,031 [INFO] PluginManager:220 - loadIPPluginJar : add linkedlist
2025-11-30 16:46:23,035 [INFO] IPUIPlugin:80 - create IPUIPlugin
2025-11-30 16:46:23,035 [INFO] PluginManager:220 - loadIPPluginJar : add lorawan
2025-11-30 16:46:23,037 [INFO] IPUIPlugin:80 - create IPUIPlugin
2025-11-30 16:46:23,037 [INFO] PluginManager:220 - loadIPPluginJar : add ltdc
2025-11-30 16:46:23,047 [INFO] IPUIPlugin:80 - create IPUIPlugin
2025-11-30 16:46:23,047 [INFO] PluginManager:220 - loadIPPluginJar : add mdma
2025-11-30 16:46:23,051 [INFO] IPUIPlugin:80 - create IPUIPlugin
2025-11-30 16:46:23,051 [INFO] PluginManager:220 - loadIPPluginJar : add nvic
2025-11-30 16:46:23,055 [INFO] IPUIPlugin:80 - create IPUIPlugin
2025-11-30 16:46:23,055 [INFO] PluginManager:220 - loadIPPluginJar : add opamp
2025-11-30 16:46:23,059 [INFO] IPUIPlugin:80 - create IPUIPlugin
2025-11-30 16:46:23,059 [INFO] PluginManager:220 - loadIPPluginJar : add openamp
2025-11-30 16:46:23,064 [INFO] IPUIPlugin:80 - create IPUIPlugin
2025-11-30 16:46:23,064 [INFO] PluginManager:220 - loadIPPluginJar : add pdm2pcm
2025-11-30 16:46:23,072 [INFO] IPUIPlugin:80 - create IPUIPlugin
2025-11-30 16:46:23,077 [INFO] PluginManager:220 - loadIPPluginJar : add plateformsettings
2025-11-30 16:46:23,080 [INFO] IPUIPlugin:80 - create IPUIPlugin
2025-11-30 16:46:23,080 [INFO] PluginManager:220 - loadIPPluginJar : add quadspi
2025-11-30 16:46:23,082 [INFO] IPUIPlugin:80 - create IPUIPlugin
2025-11-30 16:46:23,084 [INFO] PluginManager:220 - loadIPPluginJar : add radio
2025-11-30 16:46:23,088 [INFO] IPUIPlugin:80 - create IPUIPlugin
2025-11-30 16:46:23,088 [INFO] PluginManager:220 - loadIPPluginJar : add resmgrutility
2025-11-30 16:46:23,094 [INFO] IPUIPlugin:80 - create IPUIPlugin
2025-11-30 16:46:23,094 [INFO] PluginManager:220 - loadIPPluginJar : add sai
2025-11-30 16:46:23,098 [INFO] IPUIPlugin:80 - create IPUIPlugin
2025-11-30 16:46:23,098 [INFO] PluginManager:220 - loadIPPluginJar : add spi
2025-11-30 16:46:23,109 [INFO] IPUIPlugin:80 - create IPUIPlugin
2025-11-30 16:46:23,109 [INFO] PluginManager:220 - loadIPPluginJar : add stm32_wpan
2025-11-30 16:46:23,114 [INFO] IPUIPlugin:80 - create IPUIPlugin
2025-11-30 16:46:23,114 [INFO] PluginManager:220 - loadIPPluginJar : add tim
2025-11-30 16:46:23,118 [INFO] IPUIPlugin:80 - create IPUIPlugin
2025-11-30 16:46:23,120 [INFO] PluginManager:220 - loadIPPluginJar : add touchsensing
2025-11-30 16:46:23,123 [INFO] IPUIPlugin:80 - create IPUIPlugin
2025-11-30 16:46:23,123 [INFO] PluginManager:220 - loadIPPluginJar : add tracer_emb
2025-11-30 16:46:23,126 [INFO] IPUIPlugin:80 - create IPUIPlugin
2025-11-30 16:46:23,126 [INFO] PluginManager:220 - loadIPPluginJar : add ts
2025-11-30 16:46:23,129 [INFO] IPUIPlugin:80 - create IPUIPlugin
2025-11-30 16:46:23,130 [INFO] PluginManager:220 - loadIPPluginJar : add tsc
2025-11-30 16:46:23,134 [INFO] IPUIPlugin:80 - create IPUIPlugin
2025-11-30 16:46:23,134 [INFO] PluginManager:220 - loadIPPluginJar : add ucpd
2025-11-30 16:46:23,139 [INFO] IPUIPlugin:80 - create IPUIPlugin
2025-11-30 16:46:23,139 [INFO] PluginManager:220 - loadIPPluginJar : add usart
2025-11-30 16:46:23,144 [INFO] IPUIPlugin:80 - create IPUIPlugin
2025-11-30 16:46:23,144 [INFO] PluginManager:220 - loadIPPluginJar : add usbx
2025-11-30 16:46:23,302 [FATAL] Updater:351 - Updater called before beeing initialized
2025-11-30 16:46:23,340 [INFO] RulesReader:64 - Compatibility file has been processed (317 Rules)
2025-11-30 16:46:23,357 [INFO] RulesReader:64 - Compatibility file has been processed (317 Rules)
2025-11-30 16:46:23,364 [INFO] CADModel:165 - CPN selected for project level
2025-11-30 16:46:23,364 [INFO] CADModel:114 - Register for checkConnection events
2025-11-30 16:46:23,364 [FATAL] Updater:351 - Updater called before beeing initialized
2025-11-30 16:46:23,364 [ERROR] CADModel:125 - Updater not yet initialized, retry later 
2025-11-30 16:46:23,525 [FATAL] Updater:351 - Updater called before beeing initialized
2025-11-30 16:46:23,528 [INFO] CADModel:165 - CPN selected for project level
2025-11-30 16:46:23,529 [INFO] CADModel:114 - Register for checkConnection events
2025-11-30 16:46:23,529 [FATAL] Updater:351 - Updater called before beeing initialized
2025-11-30 16:46:23,529 [ERROR] CADModel:125 - Updater not yet initialized, retry later 
2025-11-30 16:46:23,532 [FATAL] Updater:351 - Updater called before beeing initialized
2025-11-30 16:46:23,677 [FATAL] Updater:351 - Updater called before beeing initialized
2025-11-30 16:46:23,680 [INFO] DbMcusAds:53 - JSON generation date=Tue Nov 25 19:38:32 IST 2025 (1764079712287)
2025-11-30 16:46:23,680 [FATAL] Updater:351 - Updater called before beeing initialized
2025-11-30 16:46:23,719 [WARN] DetailPanel:346 - Failed to get advertising image, set to default
2025-11-30 16:46:23,805 [FATAL] Updater:351 - Updater called before beeing initialized
2025-11-30 16:46:23,808 [FATAL] Updater:351 - Updater called before beeing initialized
2025-11-30 16:46:23,808 [FATAL] Updater:351 - Updater called before beeing initialized
2025-11-30 16:46:23,808 [WARN] DetailPanel:346 - Failed to get advertising image, set to default
2025-11-30 16:46:23,809 [FATAL] Updater:351 - Updater called before beeing initialized
2025-11-30 16:46:23,863 [ERROR] Updater:1198 - MainUpdater not yet initialized. External WinMGr cannot be set.
2025-11-30 16:46:23,865 [INFO] Updater:1134 - Updater Version found : 6.15.0
2025-11-30 16:46:23,884 [INFO] ApplicationProperties:184 - Using Application install path: C:\ST\STM32CubeIDE_1.18.1\STM32CubeIDE\plugins\com.st.stm32cube.common.mx_6.15.0.202507011659
2025-11-30 16:46:23,960 [ERROR] LogOutputStream:75 - [STDERR_REDIRECT] [Fatal Error] :1:1: Premature end of file.
2025-11-30 16:46:23,961 [ERROR] LogOutputStream:75 - [STDERR_REDIRECT] 
2025-11-30 16:46:24,957 [ERROR] LogOutputStream:75 - [STDERR_REDIRECT] [Fatal Error] :1:1: Premature end of file.
2025-11-30 16:46:24,957 [ERROR] LogOutputStream:75 - [STDERR_REDIRECT] 
2025-11-30 16:46:25,065 [INFO] ThirdPartyUpdaterWithRetryManager:70 - Updater plugin not ready yet. [2/15]
2025-11-30 16:46:25,476 [ERROR] LogOutputStream:75 - [STDERR_REDIRECT] Nov 30, 2025 4:46:25 PM java.util.prefs.WindowsPreferences <init>
2025-11-30 16:46:25,482 [ERROR] LogOutputStream:75 - [STDERR_REDIRECT] WARNING: Could not open/create prefs root node Software\JavaSoft\Prefs at root 0xffffffff80000002. Windows RegCreateKeyEx(...) returned error code 5.
2025-11-30 16:46:25,482 [ERROR] LogOutputStream:75 - [STDERR_REDIRECT] 
2025-11-30 16:46:25,993 [ERROR] LogOutputStream:75 - [STDERR_REDIRECT] [Fatal Error] :1:1: Premature end of file.
2025-11-30 16:46:25,993 [ERROR] LogOutputStream:75 - [STDERR_REDIRECT] 
2025-11-30 16:46:26,080 [INFO] MainUpdater:2872 - connection check result : 10
2025-11-30 16:46:26,081 [INFO] MainUpdater:289 - Updater Check For Update Now.
2025-11-30 16:46:26,081 [INFO] MicroXplorer:498 - Change Database Version : DB.6.0.150
2025-11-30 16:46:26,093 [INFO] McuFinderGlobals:63 - Set McuFinder mode to 2 (CubeIDE integrated)
2025-11-30 16:46:26,094 [INFO] UserAuth:487 - Internet connection configuration mode: 1
2025-11-30 16:46:26,143 [INFO] JxBrowserEngine:152 - Initiate JxBrowser Engine with user profile folder
2025-11-30 16:46:26,348 [INFO] CheckServerUpdateThread:120 - End of CheckServer Thread
2025-11-30 16:46:27,037 [ERROR] LogOutputStream:75 - [STDERR_REDIRECT] [Fatal Error] :1:1: Premature end of file.
2025-11-30 16:46:27,037 [ERROR] LogOutputStream:75 - [STDERR_REDIRECT] 
2025-11-30 16:46:27,230 [INFO] WebApp:169 - Instantiating new browser for Auth
2025-11-30 16:46:27,993 [ERROR] LogOutputStream:75 - [STDERR_REDIRECT] [Fatal Error] :1:1: Premature end of file.
2025-11-30 16:46:27,993 [ERROR] LogOutputStream:75 - [STDERR_REDIRECT] 
2025-11-30 16:46:28,732 [WARN] PackLoader:240 - Cannot read IP mode file for STMicroelectronics.FP-SNS-MOTENVWB1.1.4.0
2025-11-30 16:46:28,750 [WARN] PackLoader:240 - Cannot read IP mode file for STMicroelectronics.FP-ATR-ASTRA1.2.0.2
2025-11-30 16:46:28,771 [WARN] PackLoader:240 - Cannot read IP mode file for STMicroelectronics.X-CUBE-SMBUS.2.1.0
2025-11-30 16:46:28,782 [WARN] PackLoader:240 - Cannot read IP mode file for STMicroelectronics.X-CUBE-ST60.1.0.0
2025-11-30 16:46:28,871 [WARN] PackLoader:240 - Cannot read IP mode file for STMicroelectronics.X-CUBE-AZRTOS-F7.1.1.0
2025-11-30 16:46:28,890 [WARN] PackLoader:240 - Cannot read IP mode file for STMicroelectronics.FP-SNS-MOTENV1.5.1.0
2025-11-30 16:46:28,942 [WARN] PackLoader:240 - Cannot read IP mode file for Infineon.AIROC-Wi-Fi-Bluetooth-STM32.1.7.1
2025-11-30 16:46:29,053 [WARN] PackLoader:240 - Cannot read IP mode file for STMicroelectronics.X-CUBE-AZRTOS-H7.3.4.0
2025-11-30 16:46:29,098 [WARN] PackLoader:240 - Cannot read IP mode file for STMicroelectronics.X-CUBE-DISPLAY.3.0.0
2025-11-30 16:46:29,132 [WARN] PackLoader:240 - Cannot read IP mode file for STMicroelectronics.X-CUBE-NFC10.1.0.0
2025-11-30 16:46:29,162 [WARN] PackLoader:240 - Cannot read IP mode file for STMicroelectronics.X-CUBE-BLEMGR.4.0.0
2025-11-30 16:46:29,182 [WARN] PackLoader:240 - Cannot read IP mode file for STMicroelectronics.X-CUBE-ST60.1.1.0
2025-11-30 16:46:29,196 [WARN] PackLoader:240 - Cannot read IP mode file for emotas.I-CUBE-CANOPEN.1.3.0
2025-11-30 16:46:29,213 [WARN] PackLoader:240 - Cannot read IP mode file for STMicroelectronics.X-CUBE-GNSS1.7.1.0
2025-11-30 16:46:29,222 [INFO] WebApp:463 - Apply proxy settings
2025-11-30 16:46:29,222 [INFO] WebApp:548 - Chromium requires no authentication
2025-11-30 16:46:29,230 [WARN] ConditionMgr:438 - getConditionDescription Invalid condition id : Cortex-A Device cause : null
2025-11-30 16:46:29,253 [INFO] WebApp:491 - Direct internet connection detected
2025-11-30 16:46:29,276 [WARN] ConditionMgr:1044 - genDependencies : Invalid condition id : Cortex-A Device cause : null
2025-11-30 16:46:29,277 [WARN] ConditionMgr:1044 - genDependencies : Invalid condition id : Cortex-A Device cause : null
2025-11-30 16:46:29,278 [WARN] ConditionMgr:1044 - genDependencies : Invalid condition id : Cortex-A Device cause : null
2025-11-30 16:46:29,294 [WARN] PackLoader:240 - Cannot read IP mode file for STMicroelectronics.FP-SNS-STBOX1.2.1.0
2025-11-30 16:46:29,308 [WARN] PackLoader:240 - Cannot read IP mode file for STMicroelectronics.FP-SNS-SMARTAG2.1.2.0
2025-11-30 16:46:29,321 [WARN] PackLoader:240 - Cannot read IP mode file for STMicroelectronics.FP-SNS-FLIGHT1.5.1.0
2025-11-30 16:46:29,323 [INFO] WebApp:900 - Register for checkConnection events
2025-11-30 16:46:29,323 [INFO] WebApp:463 - Apply proxy settings
2025-11-30 16:46:29,323 [INFO] WebApp:548 - Chromium requires no authentication
2025-11-30 16:46:29,325 [INFO] WebApp:491 - Direct internet connection detected
2025-11-30 16:46:29,344 [INFO] LogOutputStream:77 - [STDOUT_REDIRECT] 1 : Invalid condition id : UX_CORESTACK_Condition cause : null
2025-11-30 16:46:29,345 [INFO] LogOutputStream:77 - [STDOUT_REDIRECT] 1 : Invalid condition id : UX_CORESTACK_Condition cause : null
2025-11-30 16:46:29,347 [INFO] LogOutputStream:77 - [STDOUT_REDIRECT] 1 : Invalid condition id : UX_CORESTACK_Condition cause : null
2025-11-30 16:46:29,349 [INFO] LogOutputStream:77 - [STDOUT_REDIRECT] 1 : Invalid condition id : UX_CORESTACK_Condition cause : null
2025-11-30 16:46:29,352 [INFO] LogOutputStream:77 - [STDOUT_REDIRECT] 1 : Invalid condition id : UX_CORESTACK_Condition cause : null
2025-11-30 16:46:29,364 [WARN] PackLoader:240 - Cannot read IP mode file for STMicroelectronics.X-CUBE-AZRTOS-WL.2.0.0
2025-11-30 16:46:29,375 [WARN] PackLoader:240 - Cannot read IP mode file for STMicroelectronics.FP-SNS-MOTENV1.5.0.0
2025-11-30 16:46:29,431 [WARN] PackLoader:240 - Cannot read IP mode file for STMicroelectronics.X-CUBE-AZRTOS-H7RS.1.2.0
2025-11-30 16:46:29,454 [WARN] PackLoader:240 - Cannot read IP mode file for WES.I-CUBE-Cesium.1.3.0
2025-11-30 16:46:29,464 [WARN] PackLoader:240 - Cannot read IP mode file for STMicroelectronics.X-CUBE-BLE2.3.3.0
2025-11-30 16:46:29,505 [WARN] PackLoader:240 - Cannot read IP mode file for STMicroelectronics.X-CUBE-NFC9.1.0.0
2025-11-30 16:46:29,518 [WARN] PackLoader:240 - Cannot read IP mode file for wolfSSL.I-CUBE-wolfSSL.5.8.0
2025-11-30 16:46:29,530 [WARN] PackLoader:240 - Cannot read IP mode file for STMicroelectronics.X-CUBE-BLE1.7.1.0
2025-11-30 16:46:29,539 [WARN] PackLoader:240 - Cannot read IP mode file for wolfSSL.I-CUBE-wolfMQTT.1.19.2
2025-11-30 16:46:29,549 [WARN] PackLoader:240 - Cannot read IP mode file for STMicroelectronics.X-CUBE-FREERTOS.1.4.0
2025-11-30 16:46:29,561 [WARN] PackLoader:240 - Cannot read IP mode file for STMicroelectronics.X-CUBE-EEPRMA1.5.2.0
2025-11-30 16:46:29,588 [WARN] PackLoader:240 - Cannot read IP mode file for STMicroelectronics.X-CUBE-ST67W61.1.1.0
2025-11-30 16:46:29,651 [WARN] PackLoader:240 - Cannot read IP mode file for STMicroelectronics.X-CUBE-AI.10.1.0
2025-11-30 16:46:29,844 [WARN] PackLoader:240 - Cannot read IP mode file for STMicroelectronics.X-CUBE-MEMS1.12.0.0
2025-11-30 16:46:29,977 [ERROR] LogOutputStream:75 - [STDERR_REDIRECT] [Fatal Error] :1:1: Premature end of file.
2025-11-30 16:46:29,977 [ERROR] LogOutputStream:75 - [STDERR_REDIRECT] 
2025-11-30 16:46:30,042 [WARN] PackLoader:240 - Cannot read IP mode file for STMicroelectronics.X-CUBE-AZRTOS-G0.1.1.0
2025-11-30 16:46:30,056 [WARN] PackLoader:240 - Cannot read IP mode file for STMicroelectronics.X-CUBE-SAFEA1.1.2.2
2025-11-30 16:46:30,077 [WARN] PackLoader:240 - Cannot read IP mode file for STMicroelectronics.X-CUBE-NFC4.3.0.0
2025-11-30 16:46:30,091 [WARN] PackLoader:240 - Cannot read IP mode file for EmbeddedOffice.I-CUBE-FS-RTOS.1.0.1
2025-11-30 16:46:30,100 [WARN] PackLoader:240 - Cannot read IP mode file for STMicroelectronics.X-CUBE-WB05N.2.0.0
2025-11-30 16:46:30,107 [WARN] PackLoader:240 - Cannot read IP mode file for wolfSSL.I-CUBE-wolfTPM.3.8.0
2025-11-30 16:46:30,116 [WARN] PackLoader:240 - Cannot read IP mode file for STMicroelectronics.X-CUBE-TCPP.4.2.0
2025-11-30 16:46:30,126 [WARN] PackLoader:240 - Cannot read IP mode file for RealThread.X-CUBE-RT-Thread_Nano.4.1.1
2025-11-30 16:46:30,132 [WARN] PackLoader:240 - Cannot read IP mode file for STMicroelectronics.FP-ATR-SIGFOX1.3.2.0
2025-11-30 16:46:30,134 [INFO] WebApp:225 - Starting web application
2025-11-30 16:46:30,134 [INFO] WebApp:593 - Web application path used C:\ST\STM32CubeIDE_1.18.1\STM32CubeIDE\plugins\com.st.stm32cube.common.mx_6.15.0.202507011659\db\plugins\mcufinder\reactClient1\index.html
2025-11-30 16:46:30,142 [WARN] PackLoader:240 - Cannot read IP mode file for STMicroelectronics.X-CUBE-EEPRMA1.5.1.0
2025-11-30 16:46:30,158 [WARN] PackLoader:240 - Cannot read IP mode file for ITTIA_DB.I-CUBE-ITTIADB.8.9.0
2025-11-30 16:46:30,167 [WARN] PackLoader:240 - Cannot read IP mode file for STMicroelectronics.X-CUBE-ST67W61.1.0.0
2025-11-30 16:46:30,173 [WARN] PackLoader:240 - Cannot read IP mode file for STMicroelectronics.X-CUBE-AI.10.2.0
2025-11-30 16:46:30,197 [ERROR] LogOutputStream:75 - [STDERR_REDIRECT] [Fatal Error] :1:1: Premature end of file.
2025-11-30 16:46:30,198 [ERROR] LogOutputStream:75 - [STDERR_REDIRECT] 
2025-11-30 16:46:30,220 [WARN] PackLoader:240 - Cannot read IP mode file for SEGGER.I-CUBE-embOS.1.3.1
2025-11-30 16:46:30,296 [WARN] PackLoader:240 - Cannot read IP mode file for STMicroelectronics.X-CUBE-ALGOBUILD.1.4.0
2025-11-30 16:46:30,346 [INFO] UserAuth:487 - Internet connection configuration mode: 1
2025-11-30 16:46:30,372 [WARN] PackLoader:240 - Cannot read IP mode file for STMicroelectronics.X-CUBE-MEMS1.11.3.0
2025-11-30 16:46:30,568 [WARN] PackLoader:240 - Cannot read IP mode file for STMicroelectronics.X-CUBE-PM33A1.1.0.0
2025-11-30 16:46:30,602 [WARN] PackLoader:240 - Cannot read IP mode file for STMicroelectronics.X-CUBE-AZRTOS-F4.1.1.0
2025-11-30 16:46:30,611 [WARN] PackLoader:240 - Cannot read IP mode file for Avnet-IotConnect.X-CUBE-IoTC-DA16k-PMOD.1.0.0
2025-11-30 16:46:30,619 [WARN] PackLoader:240 - Cannot read IP mode file for STMicroelectronics.X-CUBE-ISPU.2.1.0
2025-11-30 16:46:30,675 [WARN] PackLoader:240 - Cannot read IP mode file for STMicroelectronics.X-CUBE-IPS.3.2.0
2025-11-30 16:46:30,696 [WARN] PackLoader:240 - Cannot read IP mode file for STMicroelectronics.X-CUBE-NFC12.1.0.0
2025-11-30 16:46:30,727 [WARN] PackLoader:240 - Cannot read IP mode file for STMicroelectronics.X-CUBE-AZRTOS-L5.2.0.0
2025-11-30 16:46:30,745 [WARN] PackLoader:240 - Cannot read IP mode file for STMicroelectronics.X-CUBE-NFC6.3.1.0
2025-11-30 16:46:30,756 [WARN] PackLoader:240 - Cannot read IP mode file for STMicroelectronics.X-CUBE-FREERTOS.1.3.1
2025-11-30 16:46:30,779 [WARN] PackLoader:240 - Cannot read IP mode file for STMicroelectronics.X-CUBE-TOUCHGFX.4.26.0
2025-11-30 16:46:30,791 [WARN] PackLoader:240 - Cannot read IP mode file for STMicroelectronics.FP-SNS-STAIOTCFT.1.0.0
2025-11-30 16:46:30,796 [INFO] WebApp:191 - Connection restablished
2025-11-30 16:46:30,801 [WARN] PackLoader:240 - Cannot read IP mode file for STMicroelectronics.X-CUBE-DPower.1.3.0
2025-11-30 16:46:30,843 [WARN] ConditionMgr:438 - getConditionDescription Invalid condition id : LAN8742 Phy interface Condition cause : null
2025-11-30 16:46:30,845 [WARN] PackLoader:240 - Cannot read IP mode file for STMicroelectronics.X-CUBE-AZRTOS-L4.2.0.0
2025-11-30 16:46:30,847 [WARN] ConditionMgr:1044 - genDependencies : Invalid condition id : LAN8742 Phy interface Condition cause : null
2025-11-30 16:46:30,848 [WARN] ConditionMgr:1044 - genDependencies : Invalid condition id : LAN8742 Phy interface Condition cause : null
2025-11-30 16:46:30,848 [WARN] ConditionMgr:1044 - genDependencies : Invalid condition id : LAN8742 Phy interface Condition cause : null
2025-11-30 16:46:30,862 [WARN] PackLoader:240 - Cannot read IP mode file for STMicroelectronics.X-CUBE-SFXS2LP1.4.0.0
2025-11-30 16:46:30,892 [WARN] PackLoader:240 - Cannot read IP mode file for STMicroelectronics.X-CUBE-BLEMGR.4.1.0
2025-11-30 16:46:30,917 [WARN] ConditionMgr:438 - getConditionDescription Invalid condition id : UX DEVICE CLASS RTOS Condition cause : null
2025-11-30 16:46:30,917 [WARN] ConditionMgr:438 - getConditionDescription Invalid condition id : UX DEVICE CLASS RTOS Condition cause : null
2025-11-30 16:46:30,920 [WARN] PackLoader:240 - Cannot read IP mode file for STMicroelectronics.X-CUBE-AZRTOS-WB.2.0.0
2025-11-30 16:46:30,921 [WARN] ConditionMgr:1044 - genDependencies : Invalid condition id : UX DEVICE CLASS RTOS Condition cause : null
2025-11-30 16:46:30,922 [WARN] ConditionMgr:1044 - genDependencies : Invalid condition id : UX DEVICE CLASS RTOS Condition cause : null
2025-11-30 16:46:30,922 [WARN] ConditionMgr:1044 - genDependencies : Invalid condition id : UX DEVICE CLASS RTOS Condition cause : null
2025-11-30 16:46:30,922 [WARN] ConditionMgr:1044 - genDependencies : Invalid condition id : UX DEVICE CLASS RTOS Condition cause : null
2025-11-30 16:46:30,923 [WARN] ConditionMgr:1044 - genDependencies : Invalid condition id : UX DEVICE CLASS RTOS Condition cause : null
2025-11-30 16:46:30,931 [WARN] PackLoader:240 - Cannot read IP mode file for STMicroelectronics.X-CUBE-GNSS1.7.0.1
2025-11-30 16:46:30,939 [WARN] PackLoader:240 - Cannot read IP mode file for STMicroelectronics.X-CUBE-TOUCHGFX.4.25.0
2025-11-30 16:46:30,948 [WARN] PackLoader:240 - Cannot read IP mode file for STMicroelectronics.FP-SNS-STBOX1.2.0.0
2025-11-30 16:46:30,968 [WARN] PackLoader:240 - Cannot read IP mode file for STMicroelectronics.X-CUBE-SUBG2.5.0.0
2025-11-30 16:46:31,007 [WARN] PackLoader:240 - Cannot read IP mode file for STMicroelectronics.X-CUBE-AZRTOS-H7RS.1.1.0
2025-11-30 16:46:31,018 [WARN] PackLoader:240 - Cannot read IP mode file for Cesanta.I-CUBE-Mongoose.7.13.0
2025-11-30 16:46:31,044 [WARN] PackLoader:240 - Cannot read IP mode file for STMicroelectronics.X-CUBE-AZRTOS-G4.2.0.0
2025-11-30 16:46:31,054 [WARN] PackLoader:240 - Cannot read IP mode file for wolfSSL.I-CUBE-wolfSSH.1.4.20
2025-11-30 16:46:31,062 [WARN] PackLoader:240 - Cannot read IP mode file for STMicroelectronics.X-CUBE-NFC7.2.0.0
2025-11-30 16:46:31,081 [WARN] PackLoader:240 - Cannot read IP mode file for STMicroelectronics.X-CUBE-IPS.3.1.0
2025-11-30 16:46:31,099 [WARN] PackLoader:240 - Cannot read IP mode file for STMicroelectronics.X-CUBE-ALS.1.0.2
2025-11-30 16:46:31,112 [WARN] PackLoader:240 - Cannot read IP mode file for STMicroelectronics.X-CUBE-STSE01.1.0.0
2025-11-30 16:46:31,125 [WARN] PackLoader:240 - Cannot read IP mode file for portGmbH.I-Cube-SoM-uGOAL.1.1.0
2025-11-30 16:46:31,148 [WARN] PackLoader:240 - Cannot read IP mode file for STMicroelectronics.X-CUBE-TOF1.3.4.3
2025-11-30 16:46:31,169 [INFO] ThirdParty:978 - Integrity check success = true
2025-11-30 16:46:31,170 [INFO] IntegrityCheckThread:100 - exiting critical section [integrity check]
2025-11-30 16:46:31,170 [INFO] IntegrityCheckThread:103 - End integrity checks thread
2025-11-30 16:46:31,338 [ERROR] LogOutputStream:75 - [STDERR_REDIRECT] [Fatal Error] :1:1: Premature end of file.
2025-11-30 16:46:31,338 [ERROR] LogOutputStream:75 - [STDERR_REDIRECT] 
2025-11-30 16:46:32,011 [ERROR] LogOutputStream:75 - [STDERR_REDIRECT] [Fatal Error] :1:1: Premature end of file.
2025-11-30 16:46:32,012 [ERROR] LogOutputStream:75 - [STDERR_REDIRECT] 
2025-11-30 16:46:32,982 [ERROR] LogOutputStream:75 - [STDERR_REDIRECT] [Fatal Error] :1:1: Premature end of file.
2025-11-30 16:46:32,983 [ERROR] LogOutputStream:75 - [STDERR_REDIRECT] 
2025-11-30 16:46:33,960 [ERROR] LogOutputStream:75 - [STDERR_REDIRECT] [Fatal Error] :1:1: Premature end of file.
2025-11-30 16:46:33,961 [ERROR] LogOutputStream:75 - [STDERR_REDIRECT] 
2025-11-30 16:46:34,962 [ERROR] LogOutputStream:75 - [STDERR_REDIRECT] [Fatal Error] :1:1: Premature end of file.
2025-11-30 16:46:34,962 [ERROR] LogOutputStream:75 - [STDERR_REDIRECT] 
2025-11-30 16:46:35,969 [ERROR] LogOutputStream:75 - [STDERR_REDIRECT] [Fatal Error] :1:1: Premature end of file.
2025-11-30 16:46:35,970 [ERROR] LogOutputStream:75 - [STDERR_REDIRECT] 
2025-11-30 16:46:36,971 [ERROR] LogOutputStream:75 - [STDERR_REDIRECT] [Fatal Error] :1:1: Premature end of file.
2025-11-30 16:46:36,972 [ERROR] LogOutputStream:75 - [STDERR_REDIRECT] 
2025-11-30 16:46:37,966 [ERROR] LogOutputStream:75 - [STDERR_REDIRECT] [Fatal Error] :1:1: Premature end of file.
2025-11-30 16:46:37,967 [ERROR] LogOutputStream:75 - [STDERR_REDIRECT] 
2025-11-30 16:46:38,960 [ERROR] LogOutputStream:75 - [STDERR_REDIRECT] [Fatal Error] :1:1: Premature end of file.
2025-11-30 16:46:38,960 [ERROR] LogOutputStream:75 - [STDERR_REDIRECT] 
2025-11-30 16:46:39,963 [ERROR] LogOutputStream:75 - [STDERR_REDIRECT] [Fatal Error] :1:1: Premature end of file.
2025-11-30 16:46:39,963 [ERROR] LogOutputStream:75 - [STDERR_REDIRECT] 
2025-11-30 16:46:40,960 [ERROR] LogOutputStream:75 - [STDERR_REDIRECT] [Fatal Error] :1:1: Premature end of file.
2025-11-30 16:46:40,960 [ERROR] LogOutputStream:75 - [STDERR_REDIRECT] 
2025-11-30 16:46:41,960 [ERROR] LogOutputStream:75 - [STDERR_REDIRECT] [Fatal Error] :1:1: Premature end of file.
2025-11-30 16:46:41,960 [ERROR] LogOutputStream:75 - [STDERR_REDIRECT] 
2025-11-30 16:46:42,959 [ERROR] LogOutputStream:75 - [STDERR_REDIRECT] [Fatal Error] :1:1: Premature end of file.
2025-11-30 16:46:42,960 [ERROR] LogOutputStream:75 - [STDERR_REDIRECT] 
2025-11-30 16:46:43,981 [ERROR] LogOutputStream:75 - [STDERR_REDIRECT] [Fatal Error] :1:1: Premature end of file.
2025-11-30 16:46:43,982 [ERROR] LogOutputStream:75 - [STDERR_REDIRECT] 
2025-11-30 16:46:44,962 [ERROR] LogOutputStream:75 - [STDERR_REDIRECT] [Fatal Error] :1:1: Premature end of file.
2025-11-30 16:46:44,962 [ERROR] LogOutputStream:75 - [STDERR_REDIRECT] 
2025-11-30 16:46:46,062 [ERROR] LogOutputStream:75 - [STDERR_REDIRECT] [Fatal Error] :1:1: Premature end of file.
2025-11-30 16:46:46,063 [ERROR] LogOutputStream:75 - [STDERR_REDIRECT] 
2025-11-30 16:46:47,003 [ERROR] LogOutputStream:75 - [STDERR_REDIRECT] [Fatal Error] :1:1: Premature end of file.
2025-11-30 16:46:47,003 [ERROR] LogOutputStream:75 - [STDERR_REDIRECT] 
2025-11-30 16:46:48,027 [ERROR] LogOutputStream:75 - [STDERR_REDIRECT] [Fatal Error] :1:1: Premature end of file.
2025-11-30 16:46:48,028 [ERROR] LogOutputStream:75 - [STDERR_REDIRECT] 
2025-11-30 16:46:48,965 [ERROR] LogOutputStream:75 - [STDERR_REDIRECT] [Fatal Error] :1:1: Premature end of file.
2025-11-30 16:46:48,966 [ERROR] LogOutputStream:75 - [STDERR_REDIRECT] 
2025-11-30 16:46:50,057 [ERROR] LogOutputStream:75 - [STDERR_REDIRECT] [Fatal Error] :1:1: Premature end of file.
2025-11-30 16:46:50,058 [ERROR] LogOutputStream:75 - [STDERR_REDIRECT] 
2025-11-30 16:46:50,959 [ERROR] LogOutputStream:75 - [STDERR_REDIRECT] [Fatal Error] :1:1: Premature end of file.
2025-11-30 16:46:50,959 [ERROR] LogOutputStream:75 - [STDERR_REDIRECT] 
2025-11-30 16:46:52,027 [ERROR] LogOutputStream:75 - [STDERR_REDIRECT] [Fatal Error] :1:1: Premature end of file.
2025-11-30 16:46:52,027 [ERROR] LogOutputStream:75 - [STDERR_REDIRECT] 
2025-11-30 16:46:52,998 [ERROR] LogOutputStream:75 - [STDERR_REDIRECT] [Fatal Error] :1:1: Premature end of file.
2025-11-30 16:46:53,000 [ERROR] LogOutputStream:75 - [STDERR_REDIRECT] 
2025-11-30 16:46:53,965 [ERROR] LogOutputStream:75 - [STDERR_REDIRECT] [Fatal Error] :1:1: Premature end of file.
2025-11-30 16:46:53,965 [ERROR] LogOutputStream:75 - [STDERR_REDIRECT] 
2025-11-30 16:46:54,957 [ERROR] LogOutputStream:75 - [STDERR_REDIRECT] [Fatal Error] :1:1: Premature end of file.
2025-11-30 16:46:54,957 [ERROR] LogOutputStream:75 - [STDERR_REDIRECT] 
2025-11-30 16:46:56,005 [ERROR] LogOutputStream:75 - [STDERR_REDIRECT] [Fatal Error] :1:1: Premature end of file.
2025-11-30 16:46:56,005 [ERROR] LogOutputStream:75 - [STDERR_REDIRECT] 
2025-11-30 16:46:57,294 [ERROR] LogOutputStream:75 - [STDERR_REDIRECT] [Fatal Error] :1:1: Premature end of file.
2025-11-30 16:46:57,294 [ERROR] LogOutputStream:75 - [STDERR_REDIRECT] 
2025-11-30 16:46:58,017 [ERROR] LogOutputStream:75 - [STDERR_REDIRECT] [Fatal Error] :1:1: Premature end of file.
2025-11-30 16:46:58,019 [ERROR] LogOutputStream:75 - [STDERR_REDIRECT] 
2025-11-30 16:46:58,964 [ERROR] LogOutputStream:75 - [STDERR_REDIRECT] [Fatal Error] :1:1: Premature end of file.
2025-11-30 16:46:58,964 [ERROR] LogOutputStream:75 - [STDERR_REDIRECT] 
2025-11-30 16:47:00,010 [ERROR] LogOutputStream:75 - [STDERR_REDIRECT] [Fatal Error] :1:1: Premature end of file.
2025-11-30 16:47:00,011 [ERROR] LogOutputStream:75 - [STDERR_REDIRECT] 
2025-11-30 16:47:01,014 [ERROR] LogOutputStream:75 - [STDERR_REDIRECT] [Fatal Error] :1:1: Premature end of file.
2025-11-30 16:47:01,014 [ERROR] LogOutputStream:75 - [STDERR_REDIRECT] 
2025-11-30 16:47:01,989 [ERROR] LogOutputStream:75 - [STDERR_REDIRECT] [Fatal Error] :1:1: Premature end of file.
2025-11-30 16:47:01,989 [ERROR] LogOutputStream:75 - [STDERR_REDIRECT] 
2025-11-30 16:47:02,957 [ERROR] LogOutputStream:75 - [STDERR_REDIRECT] [Fatal Error] :1:1: Premature end of file.
2025-11-30 16:47:02,957 [ERROR] LogOutputStream:75 - [STDERR_REDIRECT] 
2025-11-30 16:47:03,965 [ERROR] LogOutputStream:75 - [STDERR_REDIRECT] [Fatal Error] :1:1: Premature end of file.
2025-11-30 16:47:03,966 [ERROR] LogOutputStream:75 - [STDERR_REDIRECT] 
2025-11-30 16:47:04,967 [ERROR] LogOutputStream:75 - [STDERR_REDIRECT] [Fatal Error] :1:1: Premature end of file.
2025-11-30 16:47:04,969 [ERROR] LogOutputStream:75 - [STDERR_REDIRECT] 
2025-11-30 16:47:05,979 [ERROR] LogOutputStream:75 - [STDERR_REDIRECT] [Fatal Error] :1:1: Premature end of file.
2025-11-30 16:47:05,980 [ERROR] LogOutputStream:75 - [STDERR_REDIRECT] 
2025-11-30 16:47:06,967 [ERROR] LogOutputStream:75 - [STDERR_REDIRECT] [Fatal Error] :1:1: Premature end of file.
2025-11-30 16:47:06,967 [ERROR] LogOutputStream:75 - [STDERR_REDIRECT] 
2025-11-30 16:47:07,961 [ERROR] LogOutputStream:75 - [STDERR_REDIRECT] [Fatal Error] :1:1: Premature end of file.
2025-11-30 16:47:07,963 [ERROR] LogOutputStream:75 - [STDERR_REDIRECT] 
2025-11-30 16:47:08,971 [ERROR] LogOutputStream:75 - [STDERR_REDIRECT] [Fatal Error] :1:1: Premature end of file.
2025-11-30 16:47:08,972 [ERROR] LogOutputStream:75 - [STDERR_REDIRECT] 
2025-11-30 16:47:09,991 [ERROR] LogOutputStream:75 - [STDERR_REDIRECT] [Fatal Error] :1:1: Premature end of file.
2025-11-30 16:47:09,992 [ERROR] LogOutputStream:75 - [STDERR_REDIRECT] 
2025-11-30 16:47:11,038 [ERROR] LogOutputStream:75 - [STDERR_REDIRECT] [Fatal Error] :1:1: Premature end of file.
2025-11-30 16:47:11,038 [ERROR] LogOutputStream:75 - [STDERR_REDIRECT] 
2025-11-30 16:47:12,001 [ERROR] LogOutputStream:75 - [STDERR_REDIRECT] [Fatal Error] :1:1: Premature end of file.
2025-11-30 16:47:12,001 [ERROR] LogOutputStream:75 - [STDERR_REDIRECT] 
2025-11-30 16:47:12,982 [ERROR] LogOutputStream:75 - [STDERR_REDIRECT] [Fatal Error] :1:1: Premature end of file.
2025-11-30 16:47:12,982 [ERROR] LogOutputStream:75 - [STDERR_REDIRECT] 
2025-11-30 16:47:14,025 [ERROR] LogOutputStream:75 - [STDERR_REDIRECT] [Fatal Error] :1:1: Premature end of file.
2025-11-30 16:47:14,026 [ERROR] LogOutputStream:75 - [STDERR_REDIRECT] 
2025-11-30 16:47:14,975 [ERROR] LogOutputStream:75 - [STDERR_REDIRECT] [Fatal Error] :1:1: Premature end of file.
2025-11-30 16:47:14,975 [ERROR] LogOutputStream:75 - [STDERR_REDIRECT] 
2025-11-30 16:47:15,970 [ERROR] LogOutputStream:75 - [STDERR_REDIRECT] [Fatal Error] :1:1: Premature end of file.
2025-11-30 16:47:15,970 [ERROR] LogOutputStream:75 - [STDERR_REDIRECT] 
2025-11-30 16:47:16,979 [ERROR] LogOutputStream:75 - [STDERR_REDIRECT] [Fatal Error] :1:1: Premature end of file.
2025-11-30 16:47:16,979 [ERROR] LogOutputStream:75 - [STDERR_REDIRECT] 
2025-11-30 16:47:18,004 [ERROR] LogOutputStream:75 - [STDERR_REDIRECT] [Fatal Error] :1:1: Premature end of file.
2025-11-30 16:47:18,004 [ERROR] LogOutputStream:75 - [STDERR_REDIRECT] 
2025-11-30 16:47:18,957 [ERROR] LogOutputStream:75 - [STDERR_REDIRECT] [Fatal Error] :1:1: Premature end of file.
2025-11-30 16:47:18,958 [ERROR] LogOutputStream:75 - [STDERR_REDIRECT] 
2025-11-30 16:47:19,964 [ERROR] LogOutputStream:75 - [STDERR_REDIRECT] [Fatal Error] :1:1: Premature end of file.
2025-11-30 16:47:19,966 [ERROR] LogOutputStream:75 - [STDERR_REDIRECT] 
2025-11-30 16:47:20,988 [ERROR] LogOutputStream:75 - [STDERR_REDIRECT] [Fatal Error] :1:1: Premature end of file.
2025-11-30 16:47:20,988 [ERROR] LogOutputStream:75 - [STDERR_REDIRECT] 
2025-11-30 16:47:22,054 [ERROR] LogOutputStream:75 - [STDERR_REDIRECT] [Fatal Error] :1:1: Premature end of file.
2025-11-30 16:47:22,054 [ERROR] LogOutputStream:75 - [STDERR_REDIRECT] 
2025-11-30 16:47:23,038 [ERROR] LogOutputStream:75 - [STDERR_REDIRECT] [Fatal Error] :1:1: Premature end of file.
2025-11-30 16:47:23,040 [ERROR] LogOutputStream:75 - [STDERR_REDIRECT] 
2025-11-30 16:47:23,970 [ERROR] LogOutputStream:75 - [STDERR_REDIRECT] [Fatal Error] :1:1: Premature end of file.
2025-11-30 16:47:23,971 [ERROR] LogOutputStream:75 - [STDERR_REDIRECT] 
2025-11-30 16:47:24,959 [ERROR] LogOutputStream:75 - [STDERR_REDIRECT] [Fatal Error] :1:1: Premature end of file.
2025-11-30 16:47:24,959 [ERROR] LogOutputStream:75 - [STDERR_REDIRECT] 
2025-11-30 16:47:25,832 [INFO] WebApp:194 - Connection lost
2025-11-30 16:47:25,962 [ERROR] LogOutputStream:75 - [STDERR_REDIRECT] [Fatal Error] :1:1: Premature end of file.
2025-11-30 16:47:25,962 [ERROR] LogOutputStream:75 - [STDERR_REDIRECT] 
2025-11-30 16:47:26,214 [INFO] WebApp:191 - Connection restablished
2025-11-30 16:47:27,034 [ERROR] LogOutputStream:75 - [STDERR_REDIRECT] [Fatal Error] :1:1: Premature end of file.
2025-11-30 16:47:27,034 [ERROR] LogOutputStream:75 - [STDERR_REDIRECT] 
2025-11-30 16:47:27,960 [ERROR] LogOutputStream:75 - [STDERR_REDIRECT] [Fatal Error] :1:1: Premature end of file.
2025-11-30 16:47:27,960 [ERROR] LogOutputStream:75 - [STDERR_REDIRECT] 
2025-11-30 16:47:28,974 [ERROR] LogOutputStream:75 - [STDERR_REDIRECT] [Fatal Error] :1:1: Premature end of file.
2025-11-30 16:47:28,975 [ERROR] LogOutputStream:75 - [STDERR_REDIRECT] 
2025-11-30 16:47:30,057 [ERROR] LogOutputStream:75 - [STDERR_REDIRECT] [Fatal Error] :1:1: Premature end of file.
2025-11-30 16:47:30,059 [ERROR] LogOutputStream:75 - [STDERR_REDIRECT] 
2025-11-30 16:47:30,965 [ERROR] LogOutputStream:75 - [STDERR_REDIRECT] [Fatal Error] :1:1: Premature end of file.
2025-11-30 16:47:30,966 [ERROR] LogOutputStream:75 - [STDERR_REDIRECT] 
2025-11-30 16:47:31,966 [ERROR] LogOutputStream:75 - [STDERR_REDIRECT] [Fatal Error] :1:1: Premature end of file.
2025-11-30 16:47:31,967 [ERROR] LogOutputStream:75 - [STDERR_REDIRECT] 
2025-11-30 16:47:32,965 [ERROR] LogOutputStream:75 - [STDERR_REDIRECT] [Fatal Error] :1:1: Premature end of file.
2025-11-30 16:47:32,965 [ERROR] LogOutputStream:75 - [STDERR_REDIRECT] 
2025-11-30 16:47:33,970 [ERROR] LogOutputStream:75 - [STDERR_REDIRECT] [Fatal Error] :1:1: Premature end of file.
2025-11-30 16:47:33,970 [ERROR] LogOutputStream:75 - [STDERR_REDIRECT] 
2025-11-30 16:47:34,971 [ERROR] LogOutputStream:75 - [STDERR_REDIRECT] [Fatal Error] :1:1: Premature end of file.
2025-11-30 16:47:34,972 [ERROR] LogOutputStream:75 - [STDERR_REDIRECT] 
2025-11-30 16:47:36,063 [ERROR] LogOutputStream:75 - [STDERR_REDIRECT] [Fatal Error] :1:1: Premature end of file.
2025-11-30 16:47:36,064 [ERROR] LogOutputStream:75 - [STDERR_REDIRECT] 
2025-11-30 16:47:37,046 [ERROR] LogOutputStream:75 - [STDERR_REDIRECT] [Fatal Error] :1:1: Premature end of file.
2025-11-30 16:47:37,047 [ERROR] LogOutputStream:75 - [STDERR_REDIRECT] 
2025-11-30 16:47:38,051 [ERROR] LogOutputStream:75 - [STDERR_REDIRECT] [Fatal Error] :1:1: Premature end of file.
2025-11-30 16:47:38,052 [ERROR] LogOutputStream:75 - [STDERR_REDIRECT] 
2025-11-30 16:47:39,059 [ERROR] LogOutputStream:75 - [STDERR_REDIRECT] [Fatal Error] :1:1: Premature end of file.
2025-11-30 16:47:39,060 [ERROR] LogOutputStream:75 - [STDERR_REDIRECT] 
2025-11-30 16:47:39,968 [ERROR] LogOutputStream:75 - [STDERR_REDIRECT] [Fatal Error] :1:1: Premature end of file.
2025-11-30 16:47:39,968 [ERROR] LogOutputStream:75 - [STDERR_REDIRECT] 
2025-11-30 16:47:41,246 [ERROR] LogOutputStream:75 - [STDERR_REDIRECT] [Fatal Error] :1:1: Premature end of file.
2025-11-30 16:47:41,246 [ERROR] LogOutputStream:75 - [STDERR_REDIRECT] 
2025-11-30 16:47:42,205 [ERROR] LogOutputStream:75 - [STDERR_REDIRECT] [Fatal Error] :1:1: Premature end of file.
2025-11-30 16:47:42,206 [ERROR] LogOutputStream:75 - [STDERR_REDIRECT] 
2025-11-30 16:47:43,002 [ERROR] LogOutputStream:75 - [STDERR_REDIRECT] [Fatal Error] :1:1: Premature end of file.
2025-11-30 16:47:43,003 [ERROR] LogOutputStream:75 - [STDERR_REDIRECT] 
2025-11-30 16:47:43,991 [ERROR] LogOutputStream:75 - [STDERR_REDIRECT] [Fatal Error] :1:1: Premature end of file.
2025-11-30 16:47:43,991 [ERROR] LogOutputStream:75 - [STDERR_REDIRECT] 
2025-11-30 16:47:44,961 [ERROR] LogOutputStream:75 - [STDERR_REDIRECT] [Fatal Error] :1:1: Premature end of file.
2025-11-30 16:47:44,961 [ERROR] LogOutputStream:75 - [STDERR_REDIRECT] 
2025-11-30 16:47:45,971 [ERROR] LogOutputStream:75 - [STDERR_REDIRECT] [Fatal Error] :1:1: Premature end of file.
2025-11-30 16:47:45,971 [ERROR] LogOutputStream:75 - [STDERR_REDIRECT] 
2025-11-30 16:47:47,083 [ERROR] LogOutputStream:75 - [STDERR_REDIRECT] [Fatal Error] :1:1: Premature end of file.
2025-11-30 16:47:47,084 [ERROR] LogOutputStream:75 - [STDERR_REDIRECT] 
2025-11-30 16:47:47,978 [ERROR] LogOutputStream:75 - [STDERR_REDIRECT] [Fatal Error] :1:1: Premature end of file.
2025-11-30 16:47:47,979 [ERROR] LogOutputStream:75 - [STDERR_REDIRECT] 
2025-11-30 16:47:48,962 [ERROR] LogOutputStream:75 - [STDERR_REDIRECT] [Fatal Error] :1:1: Premature end of file.
2025-11-30 16:47:48,962 [ERROR] LogOutputStream:75 - [STDERR_REDIRECT] 
2025-11-30 16:47:49,963 [ERROR] LogOutputStream:75 - [STDERR_REDIRECT] [Fatal Error] :1:1: Premature end of file.
2025-11-30 16:47:49,963 [ERROR] LogOutputStream:75 - [STDERR_REDIRECT] 
2025-11-30 16:47:50,971 [ERROR] LogOutputStream:75 - [STDERR_REDIRECT] [Fatal Error] :1:1: Premature end of file.
2025-11-30 16:47:50,971 [ERROR] LogOutputStream:75 - [STDERR_REDIRECT] 
2025-11-30 16:47:51,956 [ERROR] LogOutputStream:75 - [STDERR_REDIRECT] [Fatal Error] :1:1: Premature end of file.
2025-11-30 16:47:51,957 [ERROR] LogOutputStream:75 - [STDERR_REDIRECT] 
2025-11-30 16:47:52,959 [ERROR] LogOutputStream:75 - [STDERR_REDIRECT] [Fatal Error] :1:1: Premature end of file.
2025-11-30 16:47:52,960 [ERROR] LogOutputStream:75 - [STDERR_REDIRECT] 
2025-11-30 16:47:53,964 [ERROR] LogOutputStream:75 - [STDERR_REDIRECT] [Fatal Error] :1:1: Premature end of file.
2025-11-30 16:47:53,965 [ERROR] LogOutputStream:75 - [STDERR_REDIRECT] 
2025-11-30 16:47:54,956 [ERROR] LogOutputStream:75 - [STDERR_REDIRECT] [Fatal Error] :1:1: Premature end of file.
2025-11-30 16:47:54,956 [ERROR] LogOutputStream:75 - [STDERR_REDIRECT] 
2025-11-30 16:47:55,955 [ERROR] LogOutputStream:75 - [STDERR_REDIRECT] [Fatal Error] :1:1: Premature end of file.
2025-11-30 16:47:55,955 [ERROR] LogOutputStream:75 - [STDERR_REDIRECT] 
2025-11-30 16:47:56,968 [ERROR] LogOutputStream:75 - [STDERR_REDIRECT] [Fatal Error] :1:1: Premature end of file.
2025-11-30 16:47:56,969 [ERROR] LogOutputStream:75 - [STDERR_REDIRECT] 
2025-11-30 16:47:58,044 [ERROR] LogOutputStream:75 - [STDERR_REDIRECT] [Fatal Error] :1:1: Premature end of file.
2025-11-30 16:47:58,045 [ERROR] LogOutputStream:75 - [STDERR_REDIRECT] 
2025-11-30 16:47:59,028 [ERROR] LogOutputStream:75 - [STDERR_REDIRECT] [Fatal Error] :1:1: Premature end of file.
2025-11-30 16:47:59,028 [ERROR] LogOutputStream:75 - [STDERR_REDIRECT] 
2025-11-30 16:47:59,955 [ERROR] LogOutputStream:75 - [STDERR_REDIRECT] [Fatal Error] :1:1: Premature end of file.
2025-11-30 16:47:59,956 [ERROR] LogOutputStream:75 - [STDERR_REDIRECT] 
2025-11-30 16:48:01,041 [ERROR] LogOutputStream:75 - [STDERR_REDIRECT] [Fatal Error] :1:1: Premature end of file.
2025-11-30 16:48:01,041 [ERROR] LogOutputStream:75 - [STDERR_REDIRECT] 
2025-11-30 16:48:02,048 [ERROR] LogOutputStream:75 - [STDERR_REDIRECT] [Fatal Error] :1:1: Premature end of file.
2025-11-30 16:48:02,049 [ERROR] LogOutputStream:75 - [STDERR_REDIRECT] 
2025-11-30 16:48:03,069 [ERROR] LogOutputStream:75 - [STDERR_REDIRECT] [Fatal Error] :1:1: Premature end of file.
2025-11-30 16:48:03,069 [ERROR] LogOutputStream:75 - [STDERR_REDIRECT] 
2025-11-30 16:48:04,017 [ERROR] LogOutputStream:75 - [STDERR_REDIRECT] [Fatal Error] :1:1: Premature end of file.
2025-11-30 16:48:04,017 [ERROR] LogOutputStream:75 - [STDERR_REDIRECT] 
2025-11-30 16:48:04,971 [ERROR] LogOutputStream:75 - [STDERR_REDIRECT] [Fatal Error] :1:1: Premature end of file.
2025-11-30 16:48:04,971 [ERROR] LogOutputStream:75 - [STDERR_REDIRECT] 
2025-11-30 16:48:05,990 [ERROR] LogOutputStream:75 - [STDERR_REDIRECT] [Fatal Error] :1:1: Premature end of file.
2025-11-30 16:48:05,990 [ERROR] LogOutputStream:75 - [STDERR_REDIRECT] 
2025-11-30 16:48:07,069 [ERROR] LogOutputStream:75 - [STDERR_REDIRECT] [Fatal Error] :1:1: Premature end of file.
2025-11-30 16:48:07,070 [ERROR] LogOutputStream:75 - [STDERR_REDIRECT] 
2025-11-30 16:48:08,046 [ERROR] LogOutputStream:75 - [STDERR_REDIRECT] [Fatal Error] :1:1: Premature end of file.
2025-11-30 16:48:08,046 [ERROR] LogOutputStream:75 - [STDERR_REDIRECT] 
2025-11-30 16:48:09,067 [ERROR] LogOutputStream:75 - [STDERR_REDIRECT] [Fatal Error] :1:1: Premature end of file.
2025-11-30 16:48:09,068 [ERROR] LogOutputStream:75 - [STDERR_REDIRECT] 
2025-11-30 16:48:10,051 [ERROR] LogOutputStream:75 - [STDERR_REDIRECT] [Fatal Error] :1:1: Premature end of file.
2025-11-30 16:48:10,052 [ERROR] LogOutputStream:75 - [STDERR_REDIRECT] 
2025-11-30 16:48:10,970 [ERROR] LogOutputStream:75 - [STDERR_REDIRECT] [Fatal Error] :1:1: Premature end of file.
2025-11-30 16:48:10,970 [ERROR] LogOutputStream:75 - [STDERR_REDIRECT] 
2025-11-30 16:48:12,088 [ERROR] LogOutputStream:75 - [STDERR_REDIRECT] [Fatal Error] :1:1: Premature end of file.
2025-11-30 16:48:12,090 [ERROR] LogOutputStream:75 - [STDERR_REDIRECT] 
2025-11-30 16:48:13,044 [ERROR] LogOutputStream:75 - [STDERR_REDIRECT] [Fatal Error] :1:1: Premature end of file.
2025-11-30 16:48:13,045 [ERROR] LogOutputStream:75 - [STDERR_REDIRECT] 
2025-11-30 16:48:13,956 [ERROR] LogOutputStream:75 - [STDERR_REDIRECT] [Fatal Error] :1:1: Premature end of file.
2025-11-30 16:48:13,956 [ERROR] LogOutputStream:75 - [STDERR_REDIRECT] 
2025-11-30 16:48:14,981 [ERROR] LogOutputStream:75 - [STDERR_REDIRECT] [Fatal Error] :1:1: Premature end of file.
2025-11-30 16:48:14,981 [ERROR] LogOutputStream:75 - [STDERR_REDIRECT] 
2025-11-30 16:48:16,003 [ERROR] LogOutputStream:75 - [STDERR_REDIRECT] [Fatal Error] :1:1: Premature end of file.
2025-11-30 16:48:16,003 [ERROR] LogOutputStream:75 - [STDERR_REDIRECT] 
2025-11-30 16:48:17,042 [ERROR] LogOutputStream:75 - [STDERR_REDIRECT] [Fatal Error] :1:1: Premature end of file.
2025-11-30 16:48:17,044 [ERROR] LogOutputStream:75 - [STDERR_REDIRECT] 
2025-11-30 16:48:17,965 [ERROR] LogOutputStream:75 - [STDERR_REDIRECT] [Fatal Error] :1:1: Premature end of file.
2025-11-30 16:48:17,965 [ERROR] LogOutputStream:75 - [STDERR_REDIRECT] 
2025-11-30 16:48:19,020 [ERROR] LogOutputStream:75 - [STDERR_REDIRECT] [Fatal Error] :1:1: Premature end of file.
2025-11-30 16:48:19,021 [ERROR] LogOutputStream:75 - [STDERR_REDIRECT] 
2025-11-30 16:48:19,975 [ERROR] LogOutputStream:75 - [STDERR_REDIRECT] [Fatal Error] :1:1: Premature end of file.
2025-11-30 16:48:19,975 [ERROR] LogOutputStream:75 - [STDERR_REDIRECT] 
2025-11-30 16:48:20,958 [ERROR] LogOutputStream:75 - [STDERR_REDIRECT] [Fatal Error] :1:1: Premature end of file.
2025-11-30 16:48:20,958 [ERROR] LogOutputStream:75 - [STDERR_REDIRECT] 
2025-11-30 16:48:21,961 [ERROR] LogOutputStream:75 - [STDERR_REDIRECT] [Fatal Error] :1:1: Premature end of file.
2025-11-30 16:48:21,961 [ERROR] LogOutputStream:75 - [STDERR_REDIRECT] 
2025-11-30 16:48:22,964 [ERROR] LogOutputStream:75 - [STDERR_REDIRECT] [Fatal Error] :1:1: Premature end of file.
2025-11-30 16:48:22,965 [ERROR] LogOutputStream:75 - [STDERR_REDIRECT] 
2025-11-30 16:48:23,960 [ERROR] LogOutputStream:75 - [STDERR_REDIRECT] [Fatal Error] :1:1: Premature end of file.
2025-11-30 16:48:23,960 [ERROR] LogOutputStream:75 - [STDERR_REDIRECT] 
2025-11-30 16:48:25,015 [ERROR] LogOutputStream:75 - [STDERR_REDIRECT] [Fatal Error] :1:1: Premature end of file.
2025-11-30 16:48:25,015 [ERROR] LogOutputStream:75 - [STDERR_REDIRECT] 
2025-11-30 16:48:25,956 [ERROR] LogOutputStream:75 - [STDERR_REDIRECT] [Fatal Error] :1:1: Premature end of file.
2025-11-30 16:48:25,956 [ERROR] LogOutputStream:75 - [STDERR_REDIRECT] 
2025-11-30 16:48:27,058 [ERROR] LogOutputStream:75 - [STDERR_REDIRECT] [Fatal Error] :1:1: Premature end of file.
2025-11-30 16:48:27,058 [ERROR] LogOutputStream:75 - [STDERR_REDIRECT] 
2025-11-30 16:48:27,995 [ERROR] LogOutputStream:75 - [STDERR_REDIRECT] [Fatal Error] :1:1: Premature end of file.
2025-11-30 16:48:27,996 [ERROR] LogOutputStream:75 - [STDERR_REDIRECT] 
2025-11-30 16:48:28,976 [ERROR] LogOutputStream:75 - [STDERR_REDIRECT] [Fatal Error] :1:1: Premature end of file.
2025-11-30 16:48:28,976 [ERROR] LogOutputStream:75 - [STDERR_REDIRECT] 
2025-11-30 16:48:29,962 [ERROR] LogOutputStream:75 - [STDERR_REDIRECT] [Fatal Error] :1:1: Premature end of file.
2025-11-30 16:48:29,963 [ERROR] LogOutputStream:75 - [STDERR_REDIRECT] 
2025-11-30 16:48:31,079 [ERROR] LogOutputStream:75 - [STDERR_REDIRECT] [Fatal Error] :1:1: Premature end of file.
2025-11-30 16:48:31,080 [ERROR] LogOutputStream:75 - [STDERR_REDIRECT] 
2025-11-30 16:48:32,059 [ERROR] LogOutputStream:75 - [STDERR_REDIRECT] [Fatal Error] :1:1: Premature end of file.
2025-11-30 16:48:32,060 [ERROR] LogOutputStream:75 - [STDERR_REDIRECT] 
2025-11-30 16:48:32,969 [ERROR] LogOutputStream:75 - [STDERR_REDIRECT] [Fatal Error] :1:1: Premature end of file.
2025-11-30 16:48:32,970 [ERROR] LogOutputStream:75 - [STDERR_REDIRECT] 
2025-11-30 16:48:33,997 [ERROR] LogOutputStream:75 - [STDERR_REDIRECT] [Fatal Error] :1:1: Premature end of file.
2025-11-30 16:48:33,997 [ERROR] LogOutputStream:75 - [STDERR_REDIRECT] 
2025-11-30 16:48:34,984 [ERROR] LogOutputStream:75 - [STDERR_REDIRECT] [Fatal Error] :1:1: Premature end of file.
2025-11-30 16:48:34,984 [ERROR] LogOutputStream:75 - [STDERR_REDIRECT] 
2025-11-30 16:48:35,958 [ERROR] LogOutputStream:75 - [STDERR_REDIRECT] [Fatal Error] :1:1: Premature end of file.
2025-11-30 16:48:35,958 [ERROR] LogOutputStream:75 - [STDERR_REDIRECT] 
2025-11-30 16:48:37,028 [ERROR] LogOutputStream:75 - [STDERR_REDIRECT] [Fatal Error] :1:1: Premature end of file.
2025-11-30 16:48:37,029 [ERROR] LogOutputStream:75 - [STDERR_REDIRECT] 
2025-11-30 16:48:37,960 [ERROR] LogOutputStream:75 - [STDERR_REDIRECT] [Fatal Error] :1:1: Premature end of file.
2025-11-30 16:48:37,961 [ERROR] LogOutputStream:75 - [STDERR_REDIRECT] 
2025-11-30 16:48:38,969 [ERROR] LogOutputStream:75 - [STDERR_REDIRECT] [Fatal Error] :1:1: Premature end of file.
2025-11-30 16:48:38,971 [ERROR] LogOutputStream:75 - [STDERR_REDIRECT] 
2025-11-30 16:48:39,959 [ERROR] LogOutputStream:75 - [STDERR_REDIRECT] [Fatal Error] :1:1: Premature end of file.
2025-11-30 16:48:39,959 [ERROR] LogOutputStream:75 - [STDERR_REDIRECT] 
2025-11-30 16:48:41,016 [ERROR] LogOutputStream:75 - [STDERR_REDIRECT] [Fatal Error] :1:1: Premature end of file.
2025-11-30 16:48:41,016 [ERROR] LogOutputStream:75 - [STDERR_REDIRECT] 
2025-11-30 16:48:42,028 [ERROR] LogOutputStream:75 - [STDERR_REDIRECT] [Fatal Error] :1:1: Premature end of file.
2025-11-30 16:48:42,028 [ERROR] LogOutputStream:75 - [STDERR_REDIRECT] 
2025-11-30 16:48:42,988 [ERROR] LogOutputStream:75 - [STDERR_REDIRECT] [Fatal Error] :1:1: Premature end of file.
2025-11-30 16:48:42,989 [ERROR] LogOutputStream:75 - [STDERR_REDIRECT] 
2025-11-30 16:48:44,047 [ERROR] LogOutputStream:75 - [STDERR_REDIRECT] [Fatal Error] :1:1: Premature end of file.
2025-11-30 16:48:44,048 [ERROR] LogOutputStream:75 - [STDERR_REDIRECT] 
2025-11-30 16:48:45,024 [ERROR] LogOutputStream:75 - [STDERR_REDIRECT] [Fatal Error] :1:1: Premature end of file.
2025-11-30 16:48:45,024 [ERROR] LogOutputStream:75 - [STDERR_REDIRECT] 
2025-11-30 16:48:46,032 [ERROR] LogOutputStream:75 - [STDERR_REDIRECT] [Fatal Error] :1:1: Premature end of file.
2025-11-30 16:48:46,032 [ERROR] LogOutputStream:75 - [STDERR_REDIRECT] 
2025-11-30 16:48:46,957 [ERROR] LogOutputStream:75 - [STDERR_REDIRECT] [Fatal Error] :1:1: Premature end of file.
2025-11-30 16:48:46,959 [ERROR] LogOutputStream:75 - [STDERR_REDIRECT] 
2025-11-30 16:48:48,041 [ERROR] LogOutputStream:75 - [STDERR_REDIRECT] [Fatal Error] :1:1: Premature end of file.
2025-11-30 16:48:48,042 [ERROR] LogOutputStream:75 - [STDERR_REDIRECT] 
2025-11-30 16:48:48,992 [ERROR] LogOutputStream:75 - [STDERR_REDIRECT] [Fatal Error] :1:1: Premature end of file.
2025-11-30 16:48:48,993 [ERROR] LogOutputStream:75 - [STDERR_REDIRECT] 
2025-11-30 16:48:50,052 [ERROR] LogOutputStream:75 - [STDERR_REDIRECT] [Fatal Error] :1:1: Premature end of file.
2025-11-30 16:48:50,053 [ERROR] LogOutputStream:75 - [STDERR_REDIRECT] 
2025-11-30 16:48:51,011 [ERROR] LogOutputStream:75 - [STDERR_REDIRECT] [Fatal Error] :1:1: Premature end of file.
2025-11-30 16:48:51,011 [ERROR] LogOutputStream:75 - [STDERR_REDIRECT] 
2025-11-30 16:48:52,058 [ERROR] LogOutputStream:75 - [STDERR_REDIRECT] [Fatal Error] :1:1: Premature end of file.
2025-11-30 16:48:52,059 [ERROR] LogOutputStream:75 - [STDERR_REDIRECT] 
2025-11-30 16:48:52,968 [ERROR] LogOutputStream:75 - [STDERR_REDIRECT] [Fatal Error] :1:1: Premature end of file.
2025-11-30 16:48:52,968 [ERROR] LogOutputStream:75 - [STDERR_REDIRECT] 
2025-11-30 16:48:53,985 [ERROR] LogOutputStream:75 - [STDERR_REDIRECT] [Fatal Error] :1:1: Premature end of file.
2025-11-30 16:48:53,986 [ERROR] LogOutputStream:75 - [STDERR_REDIRECT] 
2025-11-30 16:48:55,046 [ERROR] LogOutputStream:75 - [STDERR_REDIRECT] [Fatal Error] :1:1: Premature end of file.
2025-11-30 16:48:55,047 [ERROR] LogOutputStream:75 - [STDERR_REDIRECT] 
2025-11-30 16:48:55,979 [ERROR] LogOutputStream:75 - [STDERR_REDIRECT] [Fatal Error] :1:1: Premature end of file.
2025-11-30 16:48:55,980 [ERROR] LogOutputStream:75 - [STDERR_REDIRECT] 
2025-11-30 16:48:57,005 [ERROR] LogOutputStream:75 - [STDERR_REDIRECT] [Fatal Error] :1:1: Premature end of file.
2025-11-30 16:48:57,006 [ERROR] LogOutputStream:75 - [STDERR_REDIRECT] 
2025-11-30 16:48:57,958 [ERROR] LogOutputStream:75 - [STDERR_REDIRECT] [Fatal Error] :1:1: Premature end of file.
2025-11-30 16:48:57,958 [ERROR] LogOutputStream:75 - [STDERR_REDIRECT] 
2025-11-30 16:48:58,964 [ERROR] LogOutputStream:75 - [STDERR_REDIRECT] [Fatal Error] :1:1: Premature end of file.
2025-11-30 16:48:58,964 [ERROR] LogOutputStream:75 - [STDERR_REDIRECT] 
2025-11-30 16:49:00,049 [ERROR] LogOutputStream:75 - [STDERR_REDIRECT] [Fatal Error] :1:1: Premature end of file.
2025-11-30 16:49:00,049 [ERROR] LogOutputStream:75 - [STDERR_REDIRECT] 
2025-11-30 16:49:00,962 [ERROR] LogOutputStream:75 - [STDERR_REDIRECT] [Fatal Error] :1:1: Premature end of file.
2025-11-30 16:49:00,962 [ERROR] LogOutputStream:75 - [STDERR_REDIRECT] 
2025-11-30 16:49:01,972 [ERROR] LogOutputStream:75 - [STDERR_REDIRECT] [Fatal Error] :1:1: Premature end of file.
2025-11-30 16:49:01,972 [ERROR] LogOutputStream:75 - [STDERR_REDIRECT] 
2025-11-30 16:49:03,043 [ERROR] LogOutputStream:75 - [STDERR_REDIRECT] [Fatal Error] :1:1: Premature end of file.
2025-11-30 16:49:03,043 [ERROR] LogOutputStream:75 - [STDERR_REDIRECT] 
2025-11-30 16:49:04,044 [ERROR] LogOutputStream:75 - [STDERR_REDIRECT] [Fatal Error] :1:1: Premature end of file.
2025-11-30 16:49:04,044 [ERROR] LogOutputStream:75 - [STDERR_REDIRECT] 
2025-11-30 16:49:05,051 [ERROR] LogOutputStream:75 - [STDERR_REDIRECT] [Fatal Error] :1:1: Premature end of file.
2025-11-30 16:49:05,051 [ERROR] LogOutputStream:75 - [STDERR_REDIRECT] 
2025-11-30 16:49:06,040 [ERROR] LogOutputStream:75 - [STDERR_REDIRECT] [Fatal Error] :1:1: Premature end of file.
2025-11-30 16:49:06,040 [ERROR] LogOutputStream:75 - [STDERR_REDIRECT] 
2025-11-30 16:49:07,031 [ERROR] LogOutputStream:75 - [STDERR_REDIRECT] [Fatal Error] :1:1: Premature end of file.
2025-11-30 16:49:07,031 [ERROR] LogOutputStream:75 - [STDERR_REDIRECT] 
2025-11-30 16:49:08,044 [ERROR] LogOutputStream:75 - [STDERR_REDIRECT] [Fatal Error] :1:1: Premature end of file.
2025-11-30 16:49:08,045 [ERROR] LogOutputStream:75 - [STDERR_REDIRECT] 
2025-11-30 16:49:09,038 [ERROR] LogOutputStream:75 - [STDERR_REDIRECT] [Fatal Error] :1:1: Premature end of file.
2025-11-30 16:49:09,038 [ERROR] LogOutputStream:75 - [STDERR_REDIRECT] 
2025-11-30 16:49:10,001 [ERROR] LogOutputStream:75 - [STDERR_REDIRECT] [Fatal Error] :1:1: Premature end of file.
2025-11-30 16:49:10,001 [ERROR] LogOutputStream:75 - [STDERR_REDIRECT] 
2025-11-30 16:49:11,037 [ERROR] LogOutputStream:75 - [STDERR_REDIRECT] [Fatal Error] :1:1: Premature end of file.
2025-11-30 16:49:11,038 [ERROR] LogOutputStream:75 - [STDERR_REDIRECT] 
2025-11-30 16:49:12,042 [ERROR] LogOutputStream:75 - [STDERR_REDIRECT] [Fatal Error] :1:1: Premature end of file.
2025-11-30 16:49:12,043 [ERROR] LogOutputStream:75 - [STDERR_REDIRECT] 
2025-11-30 16:49:12,957 [ERROR] LogOutputStream:75 - [STDERR_REDIRECT] [Fatal Error] :1:1: Premature end of file.
2025-11-30 16:49:12,957 [ERROR] LogOutputStream:75 - [STDERR_REDIRECT] 
2025-11-30 16:49:14,039 [ERROR] LogOutputStream:75 - [STDERR_REDIRECT] [Fatal Error] :1:1: Premature end of file.
2025-11-30 16:49:14,039 [ERROR] LogOutputStream:75 - [STDERR_REDIRECT] 
2025-11-30 16:49:15,037 [ERROR] LogOutputStream:75 - [STDERR_REDIRECT] [Fatal Error] :1:1: Premature end of file.
2025-11-30 16:49:15,038 [ERROR] LogOutputStream:75 - [STDERR_REDIRECT] 
2025-11-30 16:49:16,021 [ERROR] LogOutputStream:75 - [STDERR_REDIRECT] [Fatal Error] :1:1: Premature end of file.
2025-11-30 16:49:16,022 [ERROR] LogOutputStream:75 - [STDERR_REDIRECT] 
2025-11-30 16:49:17,039 [ERROR] LogOutputStream:75 - [STDERR_REDIRECT] [Fatal Error] :1:1: Premature end of file.
2025-11-30 16:49:17,040 [ERROR] LogOutputStream:75 - [STDERR_REDIRECT] 
2025-11-30 16:49:18,032 [ERROR] LogOutputStream:75 - [STDERR_REDIRECT] [Fatal Error] :1:1: Premature end of file.
2025-11-30 16:49:18,032 [ERROR] LogOutputStream:75 - [STDERR_REDIRECT] 
2025-11-30 16:49:19,030 [ERROR] LogOutputStream:75 - [STDERR_REDIRECT] [Fatal Error] :1:1: Premature end of file.
2025-11-30 16:49:19,030 [ERROR] LogOutputStream:75 - [STDERR_REDIRECT] 
2025-11-30 16:49:20,007 [ERROR] LogOutputStream:75 - [STDERR_REDIRECT] [Fatal Error] :1:1: Premature end of file.
2025-11-30 16:49:20,007 [ERROR] LogOutputStream:75 - [STDERR_REDIRECT] 
2025-11-30 16:49:21,041 [ERROR] LogOutputStream:75 - [STDERR_REDIRECT] [Fatal Error] :1:1: Premature end of file.
2025-11-30 16:49:21,042 [ERROR] LogOutputStream:75 - [STDERR_REDIRECT] 
2025-11-30 16:49:22,006 [ERROR] LogOutputStream:75 - [STDERR_REDIRECT] [Fatal Error] :1:1: Premature end of file.
2025-11-30 16:49:22,006 [ERROR] LogOutputStream:75 - [STDERR_REDIRECT] 
2025-11-30 16:49:23,006 [ERROR] LogOutputStream:75 - [STDERR_REDIRECT] [Fatal Error] :1:1: Premature end of file.
2025-11-30 16:49:23,006 [ERROR] LogOutputStream:75 - [STDERR_REDIRECT] 
2025-11-30 16:49:24,044 [ERROR] LogOutputStream:75 - [STDERR_REDIRECT] [Fatal Error] :1:1: Premature end of file.
2025-11-30 16:49:24,045 [ERROR] LogOutputStream:75 - [STDERR_REDIRECT] 
2025-11-30 16:49:25,045 [ERROR] LogOutputStream:75 - [STDERR_REDIRECT] [Fatal Error] :1:1: Premature end of file.
2025-11-30 16:49:25,046 [ERROR] LogOutputStream:75 - [STDERR_REDIRECT] 
2025-11-30 16:49:26,050 [ERROR] LogOutputStream:75 - [STDERR_REDIRECT] [Fatal Error] :1:1: Premature end of file.
2025-11-30 16:49:26,051 [ERROR] LogOutputStream:75 - [STDERR_REDIRECT] 
2025-11-30 16:49:27,043 [ERROR] LogOutputStream:75 - [STDERR_REDIRECT] [Fatal Error] :1:1: Premature end of file.
2025-11-30 16:49:27,043 [ERROR] LogOutputStream:75 - [STDERR_REDIRECT] 
2025-11-30 16:49:28,045 [ERROR] LogOutputStream:75 - [STDERR_REDIRECT] [Fatal Error] :1:1: Premature end of file.
2025-11-30 16:49:28,047 [ERROR] LogOutputStream:75 - [STDERR_REDIRECT] 
2025-11-30 16:49:29,040 [ERROR] LogOutputStream:75 - [STDERR_REDIRECT] [Fatal Error] :1:1: Premature end of file.
2025-11-30 16:49:29,041 [ERROR] LogOutputStream:75 - [STDERR_REDIRECT] 
2025-11-30 16:49:30,042 [ERROR] LogOutputStream:75 - [STDERR_REDIRECT] [Fatal Error] :1:1: Premature end of file.
2025-11-30 16:49:30,043 [ERROR] LogOutputStream:75 - [STDERR_REDIRECT] 
2025-11-30 16:49:31,041 [ERROR] LogOutputStream:75 - [STDERR_REDIRECT] [Fatal Error] :1:1: Premature end of file.
2025-11-30 16:49:31,043 [ERROR] LogOutputStream:75 - [STDERR_REDIRECT] 
2025-11-30 16:49:32,051 [ERROR] LogOutputStream:75 - [STDERR_REDIRECT] [Fatal Error] :1:1: Premature end of file.
2025-11-30 16:49:32,052 [ERROR] LogOutputStream:75 - [STDERR_REDIRECT] 
2025-11-30 16:49:32,954 [ERROR] LogOutputStream:75 - [STDERR_REDIRECT] [Fatal Error] :1:1: Premature end of file.
2025-11-30 16:49:32,954 [ERROR] LogOutputStream:75 - [STDERR_REDIRECT] 
2025-11-30 16:49:34,058 [ERROR] LogOutputStream:75 - [STDERR_REDIRECT] [Fatal Error] :1:1: Premature end of file.
2025-11-30 16:49:34,058 [ERROR] LogOutputStream:75 - [STDERR_REDIRECT] 
2025-11-30 16:49:34,999 [ERROR] LogOutputStream:75 - [STDERR_REDIRECT] [Fatal Error] :1:1: Premature end of file.
2025-11-30 16:49:34,999 [ERROR] LogOutputStream:75 - [STDERR_REDIRECT] 
2025-11-30 16:49:36,038 [ERROR] LogOutputStream:75 - [STDERR_REDIRECT] [Fatal Error] :1:1: Premature end of file.
2025-11-30 16:49:36,039 [ERROR] LogOutputStream:75 - [STDERR_REDIRECT] 
2025-11-30 16:49:37,021 [ERROR] LogOutputStream:75 - [STDERR_REDIRECT] [Fatal Error] :1:1: Premature end of file.
2025-11-30 16:49:37,021 [ERROR] LogOutputStream:75 - [STDERR_REDIRECT] 
2025-11-30 16:49:38,047 [ERROR] LogOutputStream:75 - [STDERR_REDIRECT] [Fatal Error] :1:1: Premature end of file.
2025-11-30 16:49:38,047 [ERROR] LogOutputStream:75 - [STDERR_REDIRECT] 
2025-11-30 16:49:39,031 [ERROR] LogOutputStream:75 - [STDERR_REDIRECT] [Fatal Error] :1:1: Premature end of file.
2025-11-30 16:49:39,031 [ERROR] LogOutputStream:75 - [STDERR_REDIRECT] 
2025-11-30 16:49:40,039 [ERROR] LogOutputStream:75 - [STDERR_REDIRECT] [Fatal Error] :1:1: Premature end of file.
2025-11-30 16:49:40,040 [ERROR] LogOutputStream:75 - [STDERR_REDIRECT] 
2025-11-30 16:49:41,027 [ERROR] LogOutputStream:75 - [STDERR_REDIRECT] [Fatal Error] :1:1: Premature end of file.
2025-11-30 16:49:41,027 [ERROR] LogOutputStream:75 - [STDERR_REDIRECT] 
2025-11-30 16:49:42,023 [ERROR] LogOutputStream:75 - [STDERR_REDIRECT] [Fatal Error] :1:1: Premature end of file.
2025-11-30 16:49:42,024 [ERROR] LogOutputStream:75 - [STDERR_REDIRECT] 
2025-11-30 16:49:42,962 [ERROR] LogOutputStream:75 - [STDERR_REDIRECT] [Fatal Error] :1:1: Premature end of file.
2025-11-30 16:49:42,963 [ERROR] LogOutputStream:75 - [STDERR_REDIRECT] 
2025-11-30 16:49:43,956 [ERROR] LogOutputStream:75 - [STDERR_REDIRECT] [Fatal Error] :1:1: Premature end of file.
2025-11-30 16:49:43,956 [ERROR] LogOutputStream:75 - [STDERR_REDIRECT] 
2025-11-30 16:49:44,962 [ERROR] LogOutputStream:75 - [STDERR_REDIRECT] [Fatal Error] :1:1: Premature end of file.
2025-11-30 16:49:44,962 [ERROR] LogOutputStream:75 - [STDERR_REDIRECT] 
2025-11-30 16:49:45,987 [ERROR] LogOutputStream:75 - [STDERR_REDIRECT] [Fatal Error] :1:1: Premature end of file.
2025-11-30 16:49:45,989 [ERROR] LogOutputStream:75 - [STDERR_REDIRECT] 
2025-11-30 16:49:47,028 [ERROR] LogOutputStream:75 - [STDERR_REDIRECT] [Fatal Error] :1:1: Premature end of file.
2025-11-30 16:49:47,028 [ERROR] LogOutputStream:75 - [STDERR_REDIRECT] 
2025-11-30 16:49:48,026 [ERROR] LogOutputStream:75 - [STDERR_REDIRECT] [Fatal Error] :1:1: Premature end of file.
2025-11-30 16:49:48,026 [ERROR] LogOutputStream:75 - [STDERR_REDIRECT] 
2025-11-30 16:49:49,037 [ERROR] LogOutputStream:75 - [STDERR_REDIRECT] [Fatal Error] :1:1: Premature end of file.
2025-11-30 16:49:49,037 [ERROR] LogOutputStream:75 - [STDERR_REDIRECT] 
2025-11-30 16:49:50,041 [ERROR] LogOutputStream:75 - [STDERR_REDIRECT] [Fatal Error] :1:1: Premature end of file.
2025-11-30 16:49:50,041 [ERROR] LogOutputStream:75 - [STDERR_REDIRECT] 
2025-11-30 16:49:51,050 [ERROR] LogOutputStream:75 - [STDERR_REDIRECT] [Fatal Error] :1:1: Premature end of file.
2025-11-30 16:49:51,052 [ERROR] LogOutputStream:75 - [STDERR_REDIRECT] 
2025-11-30 16:49:52,042 [ERROR] LogOutputStream:75 - [STDERR_REDIRECT] [Fatal Error] :1:1: Premature end of file.
2025-11-30 16:49:52,043 [ERROR] LogOutputStream:75 - [STDERR_REDIRECT] 
2025-11-30 16:49:53,018 [ERROR] LogOutputStream:75 - [STDERR_REDIRECT] [Fatal Error] :1:1: Premature end of file.
2025-11-30 16:49:53,019 [ERROR] LogOutputStream:75 - [STDERR_REDIRECT] 
2025-11-30 16:49:54,015 [ERROR] LogOutputStream:75 - [STDERR_REDIRECT] [Fatal Error] :1:1: Premature end of file.
2025-11-30 16:49:54,015 [ERROR] LogOutputStream:75 - [STDERR_REDIRECT] 
2025-11-30 16:49:54,978 [ERROR] LogOutputStream:75 - [STDERR_REDIRECT] [Fatal Error] :1:1: Premature end of file.
2025-11-30 16:49:54,978 [ERROR] LogOutputStream:75 - [STDERR_REDIRECT] 
2025-11-30 16:49:55,967 [ERROR] LogOutputStream:75 - [STDERR_REDIRECT] [Fatal Error] :1:1: Premature end of file.
2025-11-30 16:49:55,967 [ERROR] LogOutputStream:75 - [STDERR_REDIRECT] 
2025-11-30 16:49:57,058 [ERROR] LogOutputStream:75 - [STDERR_REDIRECT] [Fatal Error] :1:1: Premature end of file.
2025-11-30 16:49:57,059 [ERROR] LogOutputStream:75 - [STDERR_REDIRECT] 
2025-11-30 16:49:57,959 [ERROR] LogOutputStream:75 - [STDERR_REDIRECT] [Fatal Error] :1:1: Premature end of file.
2025-11-30 16:49:57,960 [ERROR] LogOutputStream:75 - [STDERR_REDIRECT] 
2025-11-30 16:49:58,967 [ERROR] LogOutputStream:75 - [STDERR_REDIRECT] [Fatal Error] :1:1: Premature end of file.
2025-11-30 16:49:58,967 [ERROR] LogOutputStream:75 - [STDERR_REDIRECT] 
2025-11-30 16:49:59,961 [ERROR] LogOutputStream:75 - [STDERR_REDIRECT] [Fatal Error] :1:1: Premature end of file.
2025-11-30 16:49:59,961 [ERROR] LogOutputStream:75 - [STDERR_REDIRECT] 
2025-11-30 16:50:00,968 [ERROR] LogOutputStream:75 - [STDERR_REDIRECT] [Fatal Error] :1:1: Premature end of file.
2025-11-30 16:50:00,968 [ERROR] LogOutputStream:75 - [STDERR_REDIRECT] 
2025-11-30 16:50:01,975 [ERROR] LogOutputStream:75 - [STDERR_REDIRECT] [Fatal Error] :1:1: Premature end of file.
2025-11-30 16:50:01,975 [ERROR] LogOutputStream:75 - [STDERR_REDIRECT] 
2025-11-30 16:50:02,967 [ERROR] LogOutputStream:75 - [STDERR_REDIRECT] [Fatal Error] :1:1: Premature end of file.
2025-11-30 16:50:02,967 [ERROR] LogOutputStream:75 - [STDERR_REDIRECT] 
2025-11-30 16:50:03,975 [ERROR] LogOutputStream:75 - [STDERR_REDIRECT] [Fatal Error] :1:1: Premature end of file.
2025-11-30 16:50:03,975 [ERROR] LogOutputStream:75 - [STDERR_REDIRECT] 
2025-11-30 16:50:04,957 [ERROR] LogOutputStream:75 - [STDERR_REDIRECT] [Fatal Error] :1:1: Premature end of file.
2025-11-30 16:50:04,957 [ERROR] LogOutputStream:75 - [STDERR_REDIRECT] 
2025-11-30 16:50:05,965 [ERROR] LogOutputStream:75 - [STDERR_REDIRECT] [Fatal Error] :1:1: Premature end of file.
2025-11-30 16:50:05,966 [ERROR] LogOutputStream:75 - [STDERR_REDIRECT] 
2025-11-30 16:50:06,965 [ERROR] LogOutputStream:75 - [STDERR_REDIRECT] [Fatal Error] :1:1: Premature end of file.
2025-11-30 16:50:06,965 [ERROR] LogOutputStream:75 - [STDERR_REDIRECT] 
2025-11-30 16:50:07,960 [ERROR] LogOutputStream:75 - [STDERR_REDIRECT] [Fatal Error] :1:1: Premature end of file.
2025-11-30 16:50:07,960 [ERROR] LogOutputStream:75 - [STDERR_REDIRECT] 
2025-11-30 16:50:08,960 [ERROR] LogOutputStream:75 - [STDERR_REDIRECT] [Fatal Error] :1:1: Premature end of file.
2025-11-30 16:50:08,960 [ERROR] LogOutputStream:75 - [STDERR_REDIRECT] 
2025-11-30 16:50:09,961 [ERROR] LogOutputStream:75 - [STDERR_REDIRECT] [Fatal Error] :1:1: Premature end of file.
2025-11-30 16:50:09,961 [ERROR] LogOutputStream:75 - [STDERR_REDIRECT] 
2025-11-30 16:50:10,964 [ERROR] LogOutputStream:75 - [STDERR_REDIRECT] [Fatal Error] :1:1: Premature end of file.
2025-11-30 16:50:10,964 [ERROR] LogOutputStream:75 - [STDERR_REDIRECT] 
2025-11-30 16:50:11,959 [ERROR] LogOutputStream:75 - [STDERR_REDIRECT] [Fatal Error] :1:1: Premature end of file.
2025-11-30 16:50:11,959 [ERROR] LogOutputStream:75 - [STDERR_REDIRECT] 
2025-11-30 16:50:12,958 [ERROR] LogOutputStream:75 - [STDERR_REDIRECT] [Fatal Error] :1:1: Premature end of file.
2025-11-30 16:50:12,959 [ERROR] LogOutputStream:75 - [STDERR_REDIRECT] 
2025-11-30 16:50:13,967 [ERROR] LogOutputStream:75 - [STDERR_REDIRECT] [Fatal Error] :1:1: Premature end of file.
2025-11-30 16:50:13,967 [ERROR] LogOutputStream:75 - [STDERR_REDIRECT] 
2025-11-30 16:50:14,960 [ERROR] LogOutputStream:75 - [STDERR_REDIRECT] [Fatal Error] :1:1: Premature end of file.
2025-11-30 16:50:14,961 [ERROR] LogOutputStream:75 - [STDERR_REDIRECT] 
2025-11-30 16:50:15,960 [ERROR] LogOutputStream:75 - [STDERR_REDIRECT] [Fatal Error] :1:1: Premature end of file.
2025-11-30 16:50:15,961 [ERROR] LogOutputStream:75 - [STDERR_REDIRECT] 
2025-11-30 16:50:16,960 [ERROR] LogOutputStream:75 - [STDERR_REDIRECT] [Fatal Error] :1:1: Premature end of file.
2025-11-30 16:50:16,960 [ERROR] LogOutputStream:75 - [STDERR_REDIRECT] 
2025-11-30 16:50:17,959 [ERROR] LogOutputStream:75 - [STDERR_REDIRECT] [Fatal Error] :1:1: Premature end of file.
2025-11-30 16:50:17,959 [ERROR] LogOutputStream:75 - [STDERR_REDIRECT] 
2025-11-30 16:50:18,958 [ERROR] LogOutputStream:75 - [STDERR_REDIRECT] [Fatal Error] :1:1: Premature end of file.
2025-11-30 16:50:18,958 [ERROR] LogOutputStream:75 - [STDERR_REDIRECT] 
2025-11-30 16:50:19,957 [ERROR] LogOutputStream:75 - [STDERR_REDIRECT] [Fatal Error] :1:1: Premature end of file.
2025-11-30 16:50:19,958 [ERROR] LogOutputStream:75 - [STDERR_REDIRECT] 
2025-11-30 16:50:20,959 [ERROR] LogOutputStream:75 - [STDERR_REDIRECT] [Fatal Error] :1:1: Premature end of file.
2025-11-30 16:50:20,960 [ERROR] LogOutputStream:75 - [STDERR_REDIRECT] 
2025-11-30 16:50:21,965 [ERROR] LogOutputStream:75 - [STDERR_REDIRECT] [Fatal Error] :1:1: Premature end of file.
2025-11-30 16:50:21,965 [ERROR] LogOutputStream:75 - [STDERR_REDIRECT] 
2025-11-30 16:50:22,962 [ERROR] LogOutputStream:75 - [STDERR_REDIRECT] [Fatal Error] :1:1: Premature end of file.
2025-11-30 16:50:22,963 [ERROR] LogOutputStream:75 - [STDERR_REDIRECT] 
2025-11-30 16:50:23,974 [ERROR] LogOutputStream:75 - [STDERR_REDIRECT] [Fatal Error] :1:1: Premature end of file.
2025-11-30 16:50:23,974 [ERROR] LogOutputStream:75 - [STDERR_REDIRECT] 
2025-11-30 16:50:24,983 [ERROR] LogOutputStream:75 - [STDERR_REDIRECT] [Fatal Error] :1:1: Premature end of file.
2025-11-30 16:50:24,983 [ERROR] LogOutputStream:75 - [STDERR_REDIRECT] 
2025-11-30 16:50:25,960 [ERROR] LogOutputStream:75 - [STDERR_REDIRECT] [Fatal Error] :1:1: Premature end of file.
2025-11-30 16:50:25,961 [ERROR] LogOutputStream:75 - [STDERR_REDIRECT] 
2025-11-30 16:50:26,963 [ERROR] LogOutputStream:75 - [STDERR_REDIRECT] [Fatal Error] :1:1: Premature end of file.
2025-11-30 16:50:26,963 [ERROR] LogOutputStream:75 - [STDERR_REDIRECT] 
2025-11-30 16:50:27,963 [ERROR] LogOutputStream:75 - [STDERR_REDIRECT] [Fatal Error] :1:1: Premature end of file.
2025-11-30 16:50:27,964 [ERROR] LogOutputStream:75 - [STDERR_REDIRECT] 
2025-11-30 16:50:28,969 [ERROR] LogOutputStream:75 - [STDERR_REDIRECT] [Fatal Error] :1:1: Premature end of file.
2025-11-30 16:50:28,970 [ERROR] LogOutputStream:75 - [STDERR_REDIRECT] 
2025-11-30 16:50:29,960 [ERROR] LogOutputStream:75 - [STDERR_REDIRECT] [Fatal Error] :1:1: Premature end of file.
2025-11-30 16:50:29,961 [ERROR] LogOutputStream:75 - [STDERR_REDIRECT] 
2025-11-30 16:50:30,960 [ERROR] LogOutputStream:75 - [STDERR_REDIRECT] [Fatal Error] :1:1: Premature end of file.
2025-11-30 16:50:30,961 [ERROR] LogOutputStream:75 - [STDERR_REDIRECT] 
2025-11-30 16:50:31,957 [ERROR] LogOutputStream:75 - [STDERR_REDIRECT] [Fatal Error] :1:1: Premature end of file.
2025-11-30 16:50:31,957 [ERROR] LogOutputStream:75 - [STDERR_REDIRECT] 
2025-11-30 16:50:32,967 [ERROR] LogOutputStream:75 - [STDERR_REDIRECT] [Fatal Error] :1:1: Premature end of file.
2025-11-30 16:50:32,968 [ERROR] LogOutputStream:75 - [STDERR_REDIRECT] 
2025-11-30 16:50:34,058 [ERROR] LogOutputStream:75 - [STDERR_REDIRECT] [Fatal Error] :1:1: Premature end of file.
2025-11-30 16:50:34,059 [ERROR] LogOutputStream:75 - [STDERR_REDIRECT] 
2025-11-30 16:50:35,050 [ERROR] LogOutputStream:75 - [STDERR_REDIRECT] [Fatal Error] :1:1: Premature end of file.
2025-11-30 16:50:35,050 [ERROR] LogOutputStream:75 - [STDERR_REDIRECT] 
2025-11-30 16:50:36,058 [ERROR] LogOutputStream:75 - [STDERR_REDIRECT] [Fatal Error] :1:1: Premature end of file.
2025-11-30 16:50:36,059 [ERROR] LogOutputStream:75 - [STDERR_REDIRECT] 
2025-11-30 16:50:37,049 [ERROR] LogOutputStream:75 - [STDERR_REDIRECT] [Fatal Error] :1:1: Premature end of file.
2025-11-30 16:50:37,049 [ERROR] LogOutputStream:75 - [STDERR_REDIRECT] 
2025-11-30 16:50:38,044 [ERROR] LogOutputStream:75 - [STDERR_REDIRECT] [Fatal Error] :1:1: Premature end of file.
2025-11-30 16:50:38,045 [ERROR] LogOutputStream:75 - [STDERR_REDIRECT] 
2025-11-30 16:50:38,955 [ERROR] LogOutputStream:75 - [STDERR_REDIRECT] [Fatal Error] :1:1: Premature end of file.
2025-11-30 16:50:38,955 [ERROR] LogOutputStream:75 - [STDERR_REDIRECT] 
2025-11-30 16:50:39,961 [ERROR] LogOutputStream:75 - [STDERR_REDIRECT] [Fatal Error] :1:1: Premature end of file.
2025-11-30 16:50:39,961 [ERROR] LogOutputStream:75 - [STDERR_REDIRECT] 
2025-11-30 16:50:41,016 [ERROR] LogOutputStream:75 - [STDERR_REDIRECT] [Fatal Error] :1:1: Premature end of file.
2025-11-30 16:50:41,016 [ERROR] LogOutputStream:75 - [STDERR_REDIRECT] 
2025-11-30 16:50:42,050 [ERROR] LogOutputStream:75 - [STDERR_REDIRECT] [Fatal Error] :1:1: Premature end of file.
2025-11-30 16:50:42,051 [ERROR] LogOutputStream:75 - [STDERR_REDIRECT] 
2025-11-30 16:50:43,040 [ERROR] LogOutputStream:75 - [STDERR_REDIRECT] [Fatal Error] :1:1: Premature end of file.
2025-11-30 16:50:43,041 [ERROR] LogOutputStream:75 - [STDERR_REDIRECT] 
2025-11-30 16:50:44,042 [ERROR] LogOutputStream:75 - [STDERR_REDIRECT] [Fatal Error] :1:1: Premature end of file.
2025-11-30 16:50:44,042 [ERROR] LogOutputStream:75 - [STDERR_REDIRECT] 
2025-11-30 16:50:45,021 [ERROR] LogOutputStream:75 - [STDERR_REDIRECT] [Fatal Error] :1:1: Premature end of file.
2025-11-30 16:50:45,022 [ERROR] LogOutputStream:75 - [STDERR_REDIRECT] 
2025-11-30 16:50:45,973 [ERROR] LogOutputStream:75 - [STDERR_REDIRECT] [Fatal Error] :1:1: Premature end of file.
2025-11-30 16:50:45,973 [ERROR] LogOutputStream:75 - [STDERR_REDIRECT] 
2025-11-30 16:50:47,033 [ERROR] LogOutputStream:75 - [STDERR_REDIRECT] [Fatal Error] :1:1: Premature end of file.
2025-11-30 16:50:47,033 [ERROR] LogOutputStream:75 - [STDERR_REDIRECT] 
2025-11-30 16:50:48,042 [ERROR] LogOutputStream:75 - [STDERR_REDIRECT] [Fatal Error] :1:1: Premature end of file.
2025-11-30 16:50:48,043 [ERROR] LogOutputStream:75 - [STDERR_REDIRECT] 
2025-11-30 16:50:49,035 [ERROR] LogOutputStream:75 - [STDERR_REDIRECT] [Fatal Error] :1:1: Premature end of file.
2025-11-30 16:50:49,036 [ERROR] LogOutputStream:75 - [STDERR_REDIRECT] 
2025-11-30 16:50:50,039 [ERROR] LogOutputStream:75 - [STDERR_REDIRECT] [Fatal Error] :1:1: Premature end of file.
2025-11-30 16:50:50,040 [ERROR] LogOutputStream:75 - [STDERR_REDIRECT] 
2025-11-30 16:50:51,042 [ERROR] LogOutputStream:75 - [STDERR_REDIRECT] [Fatal Error] :1:1: Premature end of file.
2025-11-30 16:50:51,042 [ERROR] LogOutputStream:75 - [STDERR_REDIRECT] 
2025-11-30 16:50:52,043 [ERROR] LogOutputStream:75 - [STDERR_REDIRECT] [Fatal Error] :1:1: Premature end of file.
2025-11-30 16:50:52,043 [ERROR] LogOutputStream:75 - [STDERR_REDIRECT] 
2025-11-30 16:50:53,038 [ERROR] LogOutputStream:75 - [STDERR_REDIRECT] [Fatal Error] :1:1: Premature end of file.
2025-11-30 16:50:53,040 [ERROR] LogOutputStream:75 - [STDERR_REDIRECT] 
2025-11-30 16:50:54,028 [ERROR] LogOutputStream:75 - [STDERR_REDIRECT] [Fatal Error] :1:1: Premature end of file.
2025-11-30 16:50:54,030 [ERROR] LogOutputStream:75 - [STDERR_REDIRECT] 
2025-11-30 16:50:55,042 [ERROR] LogOutputStream:75 - [STDERR_REDIRECT] [Fatal Error] :1:1: Premature end of file.
2025-11-30 16:50:55,043 [ERROR] LogOutputStream:75 - [STDERR_REDIRECT] 
2025-11-30 16:50:55,959 [ERROR] LogOutputStream:75 - [STDERR_REDIRECT] [Fatal Error] :1:1: Premature end of file.
2025-11-30 16:50:55,960 [ERROR] LogOutputStream:75 - [STDERR_REDIRECT] 
2025-11-30 16:50:57,028 [ERROR] LogOutputStream:75 - [STDERR_REDIRECT] [Fatal Error] :1:1: Premature end of file.
2025-11-30 16:50:57,028 [ERROR] LogOutputStream:75 - [STDERR_REDIRECT] 
2025-11-30 16:50:58,048 [ERROR] LogOutputStream:75 - [STDERR_REDIRECT] [Fatal Error] :1:1: Premature end of file.
2025-11-30 16:50:58,049 [ERROR] LogOutputStream:75 - [STDERR_REDIRECT] 
2025-11-30 16:50:59,034 [ERROR] LogOutputStream:75 - [STDERR_REDIRECT] [Fatal Error] :1:1: Premature end of file.
2025-11-30 16:50:59,034 [ERROR] LogOutputStream:75 - [STDERR_REDIRECT] 
2025-11-30 16:51:00,062 [ERROR] LogOutputStream:75 - [STDERR_REDIRECT] [Fatal Error] :1:1: Premature end of file.
2025-11-30 16:51:00,062 [ERROR] LogOutputStream:75 - [STDERR_REDIRECT] 
2025-11-30 16:51:01,045 [ERROR] LogOutputStream:75 - [STDERR_REDIRECT] [Fatal Error] :1:1: Premature end of file.
2025-11-30 16:51:01,046 [ERROR] LogOutputStream:75 - [STDERR_REDIRECT] 
2025-11-30 16:51:02,041 [ERROR] LogOutputStream:75 - [STDERR_REDIRECT] [Fatal Error] :1:1: Premature end of file.
2025-11-30 16:51:02,041 [ERROR] LogOutputStream:75 - [STDERR_REDIRECT] 
2025-11-30 16:51:03,029 [ERROR] LogOutputStream:75 - [STDERR_REDIRECT] [Fatal Error] :1:1: Premature end of file.
2025-11-30 16:51:03,030 [ERROR] LogOutputStream:75 - [STDERR_REDIRECT] 
2025-11-30 16:51:04,037 [ERROR] LogOutputStream:75 - [STDERR_REDIRECT] [Fatal Error] :1:1: Premature end of file.
2025-11-30 16:51:04,037 [ERROR] LogOutputStream:75 - [STDERR_REDIRECT] 
2025-11-30 16:51:05,040 [ERROR] LogOutputStream:75 - [STDERR_REDIRECT] [Fatal Error] :1:1: Premature end of file.
2025-11-30 16:51:05,041 [ERROR] LogOutputStream:75 - [STDERR_REDIRECT] 
2025-11-30 16:51:06,040 [ERROR] LogOutputStream:75 - [STDERR_REDIRECT] [Fatal Error] :1:1: Premature end of file.
2025-11-30 16:51:06,041 [ERROR] LogOutputStream:75 - [STDERR_REDIRECT] 
2025-11-30 16:51:07,021 [ERROR] LogOutputStream:75 - [STDERR_REDIRECT] [Fatal Error] :1:1: Premature end of file.
2025-11-30 16:51:07,022 [ERROR] LogOutputStream:75 - [STDERR_REDIRECT] 
2025-11-30 16:51:07,988 [ERROR] LogOutputStream:75 - [STDERR_REDIRECT] [Fatal Error] :1:1: Premature end of file.
2025-11-30 16:51:07,988 [ERROR] LogOutputStream:75 - [STDERR_REDIRECT] 
2025-11-30 16:51:09,044 [ERROR] LogOutputStream:75 - [STDERR_REDIRECT] [Fatal Error] :1:1: Premature end of file.
2025-11-30 16:51:09,045 [ERROR] LogOutputStream:75 - [STDERR_REDIRECT] 
2025-11-30 16:51:10,042 [ERROR] LogOutputStream:75 - [STDERR_REDIRECT] [Fatal Error] :1:1: Premature end of file.
2025-11-30 16:51:10,043 [ERROR] LogOutputStream:75 - [STDERR_REDIRECT] 
2025-11-30 16:51:11,040 [ERROR] LogOutputStream:75 - [STDERR_REDIRECT] [Fatal Error] :1:1: Premature end of file.
2025-11-30 16:51:11,040 [ERROR] LogOutputStream:75 - [STDERR_REDIRECT] 
2025-11-30 16:51:12,040 [ERROR] LogOutputStream:75 - [STDERR_REDIRECT] [Fatal Error] :1:1: Premature end of file.
2025-11-30 16:51:12,040 [ERROR] LogOutputStream:75 - [STDERR_REDIRECT] 
2025-11-30 16:51:13,028 [ERROR] LogOutputStream:75 - [STDERR_REDIRECT] [Fatal Error] :1:1: Premature end of file.
2025-11-30 16:51:13,028 [ERROR] LogOutputStream:75 - [STDERR_REDIRECT] 
2025-11-30 16:51:14,039 [ERROR] LogOutputStream:75 - [STDERR_REDIRECT] [Fatal Error] :1:1: Premature end of file.
2025-11-30 16:51:14,040 [ERROR] LogOutputStream:75 - [STDERR_REDIRECT] 
2025-11-30 16:51:15,055 [ERROR] LogOutputStream:75 - [STDERR_REDIRECT] [Fatal Error] :1:1: Premature end of file.
2025-11-30 16:51:15,055 [ERROR] LogOutputStream:75 - [STDERR_REDIRECT] 
2025-11-30 16:51:16,045 [ERROR] LogOutputStream:75 - [STDERR_REDIRECT] [Fatal Error] :1:1: Premature end of file.
2025-11-30 16:51:16,046 [ERROR] LogOutputStream:75 - [STDERR_REDIRECT] 
2025-11-30 16:51:16,962 [ERROR] LogOutputStream:75 - [STDERR_REDIRECT] [Fatal Error] :1:1: Premature end of file.
2025-11-30 16:51:16,964 [ERROR] LogOutputStream:75 - [STDERR_REDIRECT] 
2025-11-30 16:51:17,959 [ERROR] LogOutputStream:75 - [STDERR_REDIRECT] [Fatal Error] :1:1: Premature end of file.
2025-11-30 16:51:17,960 [ERROR] LogOutputStream:75 - [STDERR_REDIRECT] 
2025-11-30 16:51:18,090 [INFO] McuFinderGlobals:63 - Set McuFinder mode to 2 (CubeIDE integrated)
2025-11-30 16:51:18,100 [INFO] MainUpdater:2872 - connection check result : 10
2025-11-30 16:51:18,102 [INFO] MainUpdater:2872 - connection check result : 10
2025-11-30 16:51:18,182 [INFO] MicroXplorer:468 - Change Database Path : 
2025-11-30 16:51:18,183 [INFO] MicroXplorer:498 - Change Database Version : DB.6.0.150
2025-11-30 16:51:18,204 [WARN] ThirdParty:871 - waiting for thirdparty lock release [close project]
2025-11-30 16:51:18,204 [INFO] ThirdParty:873 - entering critical section [close project]
2025-11-30 16:51:18,205 [INFO] ThirdParty:883 - exiting critical section [close project]
2025-11-30 16:51:18,208 [INFO] PinOutPanel:1589 - setPackage(No Configuration,No Configuration)
2025-11-30 16:51:18,213 [INFO] UtilMem:75 - Begin LoadConfig() Used Memory: 766161880 Bytes (1073741824)
2025-11-30 16:51:18,215 [INFO] MicroXplorer:468 - Change Database Path : 
2025-11-30 16:51:18,215 [INFO] MicroXplorer:498 - Change Database Version : DB.6.0.150
2025-11-30 16:51:18,215 [INFO] OpenFileManager:355 - Change cursor
2025-11-30 16:51:18,261 [INFO] Mcu:2029 - Initializing MCU STM32G474Q(B-C-E)Tx STM32G474QETx STM32G474QET6
2025-11-30 16:51:18,970 [ERROR] LogOutputStream:75 - [STDERR_REDIRECT] [Fatal Error] :1:1: Premature end of file.
2025-11-30 16:51:18,970 [ERROR] LogOutputStream:75 - [STDERR_REDIRECT] 
2025-11-30 16:51:19,984 [ERROR] LogOutputStream:75 - [STDERR_REDIRECT] [Fatal Error] :1:1: Premature end of file.
2025-11-30 16:51:19,985 [ERROR] LogOutputStream:75 - [STDERR_REDIRECT] 
2025-11-30 16:51:20,969 [ERROR] LogOutputStream:75 - [STDERR_REDIRECT] [Fatal Error] :1:1: Premature end of file.
2025-11-30 16:51:20,970 [ERROR] LogOutputStream:75 - [STDERR_REDIRECT] 
2025-11-30 16:51:21,973 [ERROR] LogOutputStream:75 - [STDERR_REDIRECT] [Fatal Error] :1:1: Premature end of file.
2025-11-30 16:51:21,973 [ERROR] LogOutputStream:75 - [STDERR_REDIRECT] 
2025-11-30 16:51:22,974 [ERROR] LogOutputStream:75 - [STDERR_REDIRECT] [Fatal Error] :1:1: Premature end of file.
2025-11-30 16:51:22,974 [ERROR] LogOutputStream:75 - [STDERR_REDIRECT] 
2025-11-30 16:51:23,956 [ERROR] LogOutputStream:75 - [STDERR_REDIRECT] [Fatal Error] :1:1: Premature end of file.
2025-11-30 16:51:23,956 [ERROR] LogOutputStream:75 - [STDERR_REDIRECT] 
2025-11-30 16:51:24,976 [ERROR] LogOutputStream:75 - [STDERR_REDIRECT] [Fatal Error] :1:1: Premature end of file.
2025-11-30 16:51:24,976 [ERROR] LogOutputStream:75 - [STDERR_REDIRECT] 
2025-11-30 16:51:25,168 [INFO] Context:786 - Trying to add GPIOservice into a context  which must be forbidden
2025-11-30 16:51:25,961 [ERROR] LogOutputStream:75 - [STDERR_REDIRECT] [Fatal Error] :1:1: Premature end of file.
2025-11-30 16:51:25,961 [ERROR] LogOutputStream:75 - [STDERR_REDIRECT] 
2025-11-30 16:51:26,987 [ERROR] LogOutputStream:75 - [STDERR_REDIRECT] [Fatal Error] :1:1: Premature end of file.
2025-11-30 16:51:26,988 [ERROR] LogOutputStream:75 - [STDERR_REDIRECT] 
2025-11-30 16:51:27,960 [ERROR] LogOutputStream:75 - [STDERR_REDIRECT] [Fatal Error] :1:1: Premature end of file.
2025-11-30 16:51:27,960 [ERROR] LogOutputStream:75 - [STDERR_REDIRECT] 
2025-11-30 16:51:28,337 [INFO] ImportTextPane:234 - (OptionalMessage_ERROR) Pin8 (VP_RIF_VS_RIF1) cannot be retrieved for this MCU
2025-11-30 16:51:28,495 [INFO] RtosManager:558 - Registered RTOS mode: class=CMSIS, group=RTOS, mode=CMSIS_V1, owner=FREERTOS
2025-11-30 16:51:28,495 [INFO] RtosManager:558 - Registered RTOS mode: class=CMSIS, group=RTOS2, mode=CMSIS_V2, owner=FREERTOS
2025-11-30 16:51:28,495 [INFO] RtosManager:558 - Registered RTOS mode: class=RTOS, group=Core, mode=CMSIS_V1, owner=FREERTOS
2025-11-30 16:51:28,495 [INFO] RtosManager:558 - Registered RTOS mode: class=RTOS, group=Core, mode=CMSIS_V2, owner=FREERTOS
2025-11-30 16:51:28,497 [WARN] ModelIntegratedComponent:184 - Missing modes for component STMicroelectronics:FreeRTOS:0.0.1:STMicroelectronics:RTOS:FreeRTOS:Core:::10.2.0:
2025-11-30 16:51:28,507 [WARN] ModelIntegratedComponent:63 - No mode defined for component null
2025-11-30 16:51:28,508 [WARN] ModelIntegratedComponent:63 - No mode defined for component null
2025-11-30 16:51:28,508 [WARN] ModelIntegratedComponent:63 - No mode defined for component null
2025-11-30 16:51:28,508 [WARN] ModelIntegratedComponent:63 - No mode defined for component null
2025-11-30 16:51:28,508 [WARN] ModelIntegratedComponent:63 - No mode defined for component null
2025-11-30 16:51:28,508 [WARN] ModelIntegratedComponent:63 - No mode defined for component null
2025-11-30 16:51:28,508 [WARN] ModelIntegratedComponent:63 - No mode defined for component null
2025-11-30 16:51:28,508 [WARN] ModelIntegratedComponent:63 - No mode defined for component null
2025-11-30 16:51:28,508 [WARN] ModelIntegratedComponent:63 - No mode defined for component null
2025-11-30 16:51:28,508 [WARN] ModelIntegratedComponent:63 - No mode defined for component null
2025-11-30 16:51:28,508 [WARN] ModelIntegratedComponent:63 - No mode defined for component null
2025-11-30 16:51:28,508 [WARN] ModelIntegratedComponent:63 - No mode defined for component null
2025-11-30 16:51:28,509 [WARN] ModelIntegratedComponent:63 - No mode defined for component null
2025-11-30 16:51:28,509 [WARN] ModelIntegratedComponent:63 - No mode defined for component null
2025-11-30 16:51:28,509 [WARN] ModelIntegratedComponent:63 - No mode defined for component null
2025-11-30 16:51:28,509 [WARN] ModelIntegratedComponent:63 - No mode defined for component null
2025-11-30 16:51:28,509 [WARN] ModelIntegratedComponent:63 - No mode defined for component null
2025-11-30 16:51:28,509 [WARN] ModelIntegratedComponent:63 - No mode defined for component null
2025-11-30 16:51:28,509 [WARN] ModelIntegratedComponent:63 - No mode defined for component null
2025-11-30 16:51:28,509 [WARN] ModelIntegratedComponent:63 - No mode defined for component null
2025-11-30 16:51:28,509 [WARN] ModelIntegratedComponent:63 - No mode defined for component null
2025-11-30 16:51:28,509 [WARN] ModelIntegratedComponent:63 - No mode defined for component null
2025-11-30 16:51:28,509 [WARN] ModelIntegratedComponent:63 - No mode defined for component null
2025-11-30 16:51:28,509 [WARN] ModelIntegratedComponent:63 - No mode defined for component null
2025-11-30 16:51:28,509 [WARN] ModelIntegratedComponent:63 - No mode defined for component null
2025-11-30 16:51:28,510 [WARN] ModelIntegratedComponent:63 - No mode defined for component null
2025-11-30 16:51:28,510 [WARN] ModelIntegratedComponent:63 - No mode defined for component null
2025-11-30 16:51:28,510 [WARN] ModelIntegratedComponent:63 - No mode defined for component null
2025-11-30 16:51:28,510 [WARN] ModelIntegratedComponent:63 - No mode defined for component null
2025-11-30 16:51:28,510 [WARN] ModelIntegratedComponent:63 - No mode defined for component null
2025-11-30 16:51:28,510 [WARN] ModelIntegratedComponent:63 - No mode defined for component null
2025-11-30 16:51:28,510 [WARN] ModelIntegratedComponent:63 - No mode defined for component null
2025-11-30 16:51:28,510 [WARN] ModelIntegratedComponent:63 - No mode defined for component null
2025-11-30 16:51:28,510 [WARN] ModelIntegratedComponent:63 - No mode defined for component null
2025-11-30 16:51:28,510 [WARN] ModelIntegratedComponent:63 - No mode defined for component null
2025-11-30 16:51:28,511 [WARN] ModelPack:524 - Component already loaded: STMicroelectronics:HAL Drivers:0.0.0:STMicroelectronics:Device:STMicro_Driver:XSPI:HAL::0.0.1:HAL_XSPI
2025-11-30 16:51:28,765 [INFO] ThirdPartyModel:298 - Start build external matchings
2025-11-30 16:51:28,956 [ERROR] LogOutputStream:75 - [STDERR_REDIRECT] [Fatal Error] :1:1: Premature end of file.
2025-11-30 16:51:28,956 [ERROR] LogOutputStream:75 - [STDERR_REDIRECT] 
2025-11-30 16:51:29,626 [INFO] ThirdPartyModel:316 - End build external matchings
2025-11-30 16:51:29,997 [ERROR] LogOutputStream:75 - [STDERR_REDIRECT] [Fatal Error] :1:1: Premature end of file.
2025-11-30 16:51:29,997 [ERROR] LogOutputStream:75 - [STDERR_REDIRECT] 
2025-11-30 16:51:30,715 [INFO] ApiDb:581 - Connected to CubeFinder SQLite database (C:\Users\shubh\.stmcufinder\plugins\mcufinder\mcu\cube-finder-db.db)
2025-11-30 16:51:30,827 [INFO] ApiDb:668 - CubeFinder database Data Model version=2.1
2025-11-30 16:51:30,827 [INFO] ApiDb:669 - CubeFinder database Configuration version=3.0.39
2025-11-30 16:51:30,828 [INFO] ApiDb:670 - CubeFinder database generation date=2025-11-05 (1762334721)
2025-11-30 16:51:30,828 [INFO] ApiDb:671 - CubeFinder database FW Pack versions=[FP-ATR-ASTRA1_V2.0.0, FP-SNS-FLIGHT1_V5.1.0, FP-SNS-MOTENV1_V5.1.0, FP-SNS-MOTENVWB1_V1.4.0, FP-SNS-SMARTAG2_V1.2.0, FP-SNS-STBOX1_V2.1.0, STM32Cube_FW_C0_V1.4.0, STM32Cube_FW_F4_V1.28.3, STM32Cube_FW_F7_V1.17.4, STM32Cube_FW_G0_V1.6.2, STM32Cube_FW_G4_V1.6.1, STM32Cube_FW_H5_V1.5.1, STM32Cube_FW_H7RS_V1.3.0, STM32Cube_FW_H7_V1.12.1, STM32Cube_FW_L0_V1.12.2, STM32Cube_FW_L4_V1.18.1, STM32Cube_FW_L5_V1.6.0, STM32Cube_FW_N6_V1.3.0, STM32Cube_FW_U0_V1.3.0, STM32Cube_FW_U3_V1.2.1, STM32Cube_FW_U5_V1.8.0, STM32Cube_FW_WB0_V1.4.0, STM32Cube_FW_WBA_V1.8.0, STM32Cube_FW_WB_V1.24.0, STM32Cube_FW_WL3_V1.3.0, STM32Cube_FW_WL_V1.4.0, X-CUBE-ALGOBUILD_V1.4.0, X-CUBE-ALS_V1.0.2, X-CUBE-AZRTOS-F4_V1.1.0, X-CUBE-AZRTOS-F7_V1.1.0, X-CUBE-AZRTOS-G0_V1.1.0, X-CUBE-AZRTOS-G4_V2.0.0, X-CUBE-AZRTOS-H7RS_V1.1.0, X-CUBE-AZRTOS-H7_V3.4.0, X-CUBE-AZRTOS-L4_V2.0.0, X-CUBE-AZRTOS-L5_V2.0.0, X-CUBE-AZRTOS-WB_V2.0.0, X-CUBE-AZRTOS-WL_V2.0.0, X-CUBE-BLE1_V7.1.0, X-CUBE-BLE2_V3.3.0, X-CUBE-BLEMGR_V4.1.0, X-CUBE-EEPRMA1_V5.2.0, X-CUBE-FREERTOS_V1.3.1, X-CUBE-GNSS1_V6.0.0, X-CUBE-MEMS1_V11.3.0, X-CUBE-NFC4_V3.0.0, X-CUBE-NFC7_V2.0.0, X-CUBE-SFXS2LP1_V4.0.0, X-CUBE-ST67W61_V1.1.0, X-CUBE-SUBG2_V5.0.0, X-CUBE-TOF1_V3.4.3]
2025-11-30 16:51:30,963 [ERROR] LogOutputStream:75 - [STDERR_REDIRECT] [Fatal Error] :1:1: Premature end of file.
2025-11-30 16:51:30,963 [ERROR] LogOutputStream:75 - [STDERR_REDIRECT] 
2025-11-30 16:51:30,989 [INFO] DbBoardsSqlite:226 - include board P-NUCLEO-WB55-NUCLEO as a kit item of type 'Nucleo-64'
2025-11-30 16:51:30,989 [INFO] DbBoardsSqlite:226 - include board P-NUCLEO-WB55-USBDONGLE as a kit item of type 'Nucleo USB Dongle'
2025-11-30 16:51:30,991 [INFO] DbBoardsSqlite:226 - include board STEVAL-IDP005V1 as a kit item of type 'Evaluation Board'
2025-11-30 16:51:30,991 [INFO] DbBoardsSqlite:226 - include board STEVAL-IDP005V2 as a kit item of type 'Evaluation Board'
2025-11-30 16:51:31,401 [INFO] ApiDb:240 - Found 880 in-development CPN: [B-G473E-ZEST1S, B-WB1M-WPAN1, B-WBA5M-WPAN, B-WL5M-SUBG1, NUCLEO-C031C6, NUCLEO-C051C8, NUCLEO-C071RB, NUCLEO-C092RC, NUCLEO-H503RB, NUCLEO-H533RE, NUCLEO-H563ZI, NUCLEO-H7S3L8, NUCLEO-N657X0-Q, NUCLEO-U031R8, NUCLEO-U083RC, NUCLEO-U385RG-Q, NUCLEO-U545RE-Q, NUCLEO-U5A5ZJ-Q, NUCLEO-WB05KZ, NUCLEO-WB07CC, NUCLEO-WB09KE, NUCLEO-WBA52CG, NUCLEO-WBA55CG, NUCLEO-WL33CC1, NUCLEO-WL33CC2, STEVAL-PROTEUS1, STEVAL-SMARTAG2, STEVAL-STWINBX1, STM320518-EVAL, STM32C0116-DK, STM32C011D6Y3TR, STM32C011D6Y6TR, STM32C011F4P3, STM32C011F4P6, STM32C011F4U3, STM32C011F4U6TR, STM32C011F6P3, STM32C011F6P6, STM32C011F6U3, STM32C011F6U6TR, STM32C011J4M3, STM32C011J4M6, STM32C011J6M3, STM32C011J6M6, STM32C0316-DK, STM32C031C4T3, STM32C031C4T6, STM32C031C4U3, STM32C031C4U6, STM32C031C6T3, STM32C031C6T6, STM32C031C6U3, STM32C031C6U6, STM32C031F4P3, STM32C031F4P6, STM32C031F6P3, STM32C031F6P6, STM32C031G4U3, STM32C031G4U6, STM32C031G6U3, STM32C031G6U6, STM32C031K4T3, STM32C031K4T6, STM32C031K4U3, STM32C031K4U6, STM32C031K6T3, STM32C031K6T6, STM32C031K6U3, STM32C031K6U6, STM32C051C6T6, STM32C051C6U6, STM32C051C8T6, STM32C051C8U6, STM32C051D8Y6TR, STM32C051F6P6, STM32C051F8P6, STM32C051G6U6, STM32C051G8U6, STM32C051K6T6, STM32C051K6U6, STM32C051K8T6, STM32C071C8T6, STM32C071C8T6N, STM32C071C8U6, STM32C071C8U6N, STM32C071CBT6, STM32C071CBT6N, STM32C071CBU6, STM32C071CBU6N, STM32C071F8P6, STM32C071F8P6N, STM32C071FBP6, STM32C071FBP6N, STM32C071FBY6TR, STM32C071G8U6, STM32C071G8U6N, STM32C071GBU6, STM32C071GBU6N, STM32C071K8T6, STM32C071K8T6N, STM32C071K8U6, STM32C071K8U6N, STM32C071KBT6, STM32C071KBT6N, STM32C071KBU6, STM32C071KBU6N, STM32C071R8T6, STM32C071R8T6N, STM32C071RBI6N, STM32C071RBT6, STM32C071RBT6N, STM32C091CBT6, STM32C091CBU6, STM32C091CCT6, STM32C091CCU6, STM32C091ECY6TR, STM32C091FBP6, STM32C091FCP6, STM32C091GBU6, STM32C091GCU6, STM32C091KBT6, STM32C091KBU6, STM32C091KCT6, STM32C091KCU6, STM32C091RBT6, STM32C091RCI6, STM32C091RCT6, STM32C092CBT6, STM32C092CBU6, STM32C092CCT6, STM32C092CCU6, STM32C092ECY6TR, STM32C092FBP6, STM32C092FCP6, STM32C092GBU6, STM32C092GCU6, STM32C092KBT6, STM32C092KBU6, STM32C092KCT6, STM32C092KCU6, STM32C092RBT6, STM32C092RCI6, STM32C092RCT6, STM32G071K8TXN, STM32G071K8UXN, STM32G081GBU6N, STM32G081KBT6N, STM32G081KBUXN, STM32G0B1CCT6N, STM32G0B1KCT6, STM32G0B1NEY6TR, STM32G0B1RCT6N, STM32G0C1CCT6, STM32G0C1CCT6N, STM32G0C1CCU6N, STM32G0C1CET6N, STM32G0C1CEU6N, STM32G0C1KCT6, STM32G0C1NEY6TR, STM32G0C1RCI6N, STM32G0C1RCT6N, STM32G0C1REI6N, STM32G0C1RET6N, STM32G0C1VCI6, STM32G0C1VEI6, STM32G411C6T3, STM32G411C6T6, STM32G411C6U3, STM32G411C6U6, STM32G411C8T3, STM32G411C8T6, STM32G411C8U3, STM32G411C8U6, STM32G411CBT3, STM32G411CBT6, STM32G411CBU3, STM32G411CBU6, STM32G411K6T3, STM32G411K6T6, STM32G411K6U3, STM32G411K6U6, STM32G411K8T3, STM32G411K8T6, STM32G411K8U3, STM32G411K8U6, STM32G411KBT3, STM32G411KBT6, STM32G411KBU3, STM32G411KBU6, STM32G411M6T3, STM32G411M6T6, STM32G411M8T3, STM32G411M8T6, STM32G411MBT3, STM32G411MBT6, STM32G411R6T3, STM32G411R6T6, STM32G411R8T3, STM32G411R8T6, STM32G411RBT3, STM32G411RBT6, STM32G414CBT3, STM32G414CBT6, STM32G414CBU3, STM32G414CBU6, STM32G414CCT3, STM32G414CCT6, STM32G414CCU3, STM32G414CCU6, STM32G414MBT3, STM32G414MBT6, STM32G414MCT3, STM32G414MCT6, STM32G414RBT3, STM32G414RBT6, STM32G414RCT3, STM32G414RCT6, STM32G414VBT3, STM32G414VBT6, STM32G414VCT3, STM32G414VCT6, STM32G431CBT3Z, STM32G431RBT3Z, STM32G471CCT6, STM32G471CCU6, STM32G471CET3, STM32G471CET6, STM32G471CEU3, STM32G471CEU6, STM32G471MCT6, STM32G471MET3, STM32G471MET6, STM32G471MEY6TR, STM32G471QCT6, STM32G471QET3, STM32G471RCT6, STM32G471RET3, STM32G471RET6, STM32G471VCH6, STM32G471VCI6, STM32G471VCT6, STM32G471VEH3, STM32G471VEH6, STM32G471VEI3, STM32G471VEI6, STM32G471VET3, STM32G471VET6, STM32G473QET3Z, STM32G473RET3Z, STM32G474CCT6, STM32G491RET3Z, STM32H503CBT6, STM32H503CBU6, STM32H503EBY6TR, STM32H503KBU6, STM32H503RBT6, STM32H523CCT6, STM32H523CCU6, STM32H523CET6, STM32H523CEU6, STM32H523HEY6TR, STM32H523RCT6, STM32H523RET6, STM32H523VCI6, STM32H523VCT6, STM32H523VEI6, STM32H523VET6, STM32H523ZCJ6, STM32H523ZCT6, STM32H523ZEJ6, STM32H523ZET6, STM32H533CET6, STM32H533CEU6, STM32H533HEY6TR, STM32H533RET6, STM32H533VEI6, STM32H533VET6, STM32H533ZEJ6, STM32H533ZET6, STM32H562AGI6, STM32H562AII6, STM32H562IGK6, STM32H562IGT6, STM32H562IIK6, STM32H562IIT6, STM32H562RGT6, STM32H562RGV6, STM32H562RIT6, STM32H562RIV6, STM32H562VGT6, STM32H562VIT6, STM32H562ZGT6, STM32H562ZIT6, STM32H563AGI6, STM32H563AII3Q, STM32H563AII6, STM32H563IGK6, STM32H563IGT6, STM32H563IIK3Q, STM32H563IIK6, STM32H563IIT3Q, STM32H563IIT6, STM32H563MIY3QTR, STM32H563RGT6, STM32H563RGV6, STM32H563RIT6, STM32H563RIV6, STM32H563VGT6, STM32H563VIT3Q, STM32H563VIT6, STM32H563ZGT6, STM32H563ZIT3Q, STM32H563ZIT6, STM32H573AII3Q, STM32H573AII6, STM32H573I-DK, STM32H573IIK3Q, STM32H573IIK6, STM32H573IIT3Q, STM32H573IIT6, STM32H573MIY3QTR, STM32H573RIT6, STM32H573RIV6, STM32H573VIT3Q, STM32H573VIT6, STM32H573ZIT3Q, STM32H573ZIT6, STM32H7R3A8I6, STM32H7R3I8K6, STM32H7R3I8T6, STM32H7R3L8H6, STM32H7R3L8H6H, STM32H7R3R8V6, STM32H7R3V8H6, STM32H7R3V8T6, STM32H7R3V8Y6TR, STM32H7R3Z8J6, STM32H7R3Z8T6, STM32H7R7A8I6, STM32H7R7I8K6, STM32H7R7I8T6, STM32H7R7L8H6, STM32H7R7L8H6H, STM32H7R7Z8J6, STM32H7S3A8I6, STM32H7S3I8K6, STM32H7S3I8T6, STM32H7S3L8H6, STM32H7S3L8H6H, STM32H7S3R8V6, STM32H7S3V8H6, STM32H7S3V8T6, STM32H7S3V8Y6TR, STM32H7S3Z8J6, STM32H7S3Z8T6, STM32H7S78-DK, STM32H7S7A8I6, STM32H7S7I8K6, STM32H7S7I8T6, STM32H7S7L8H6, STM32H7S7L8H6H, STM32H7S7Z8J6, STM32L4R5QGI6STR, STM32MP131AAE3, STM32MP131AAF3, STM32MP131AAG3, STM32MP131CAE3, STM32MP131CAF3, STM32MP131CAG3, STM32MP131DAE7, STM32MP131DAF7, STM32MP131DAG7, STM32MP131FAE7, STM32MP131FAF7, STM32MP131FAG7, STM32MP133AAE3, STM32MP133AAF3, STM32MP133AAG3, STM32MP133CAE3, STM32MP133CAF3, STM32MP133CAG3, STM32MP133DAE7, STM32MP133DAF7, STM32MP133DAG7, STM32MP133FAE7, STM32MP133FAF7, STM32MP133FAG7, STM32MP135AAE3, STM32MP135AAF3, STM32MP135AAG3, STM32MP135CAE3, STM32MP135CAF3, STM32MP135CAG3, STM32MP135DAE7, STM32MP135DAF7, STM32MP135DAG7, STM32MP135F-DK, STM32MP135FAE7, STM32MP135FAF7, STM32MP135FAF7T, STM32MP135FAF7U, STM32MP135FAG7, STM32MP211AAL3, STM32MP211AAM3, STM32MP211AAN3, STM32MP211AAO3, STM32MP211CAL3, STM32MP211CAM3, STM32MP211CAN3, STM32MP211CAO3, STM32MP211DAL3, STM32MP211DAM3, STM32MP211DAN3, STM32MP211DAO3, STM32MP211FAL3, STM32MP211FAM3, STM32MP211FAN3, STM32MP211FAO3, STM32MP213AAL3, STM32MP213AAM3, STM32MP213AAN3, STM32MP213AAO3, STM32MP213CAL3, STM32MP213CAM3, STM32MP213CAN3, STM32MP213CAO3, STM32MP213DAL3, STM32MP213DAM3, STM32MP213DAN3, STM32MP213DAO3, STM32MP213FAL3, STM32MP213FAM3, STM32MP213FAN3, STM32MP213FAO3, STM32MP215AAL3, STM32MP215AAM3, STM32MP215AAN3, STM32MP215AAO3, STM32MP215CAL3, STM32MP215CAM3, STM32MP215CAN3, STM32MP215CAO3, STM32MP215DAL3, STM32MP215DAM3, STM32MP215DAN3, STM32MP215DAO3, STM32MP215F-DK, STM32MP215FAL3, STM32MP215FAM3, STM32MP215FAN3, STM32MP215FAO3, STM32MP231AAJ3, STM32MP231AAK3, STM32MP231AAL3, STM32MP231CAJ3, STM32MP231CAK3, STM32MP231CAL3, STM32MP231DAJ3, STM32MP231DAK3, STM32MP231DAL3, STM32MP231FAJ3, STM32MP231FAK3, STM32MP231FAL3, STM32MP233AAJ3, STM32MP233AAK3, STM32MP233AAL3, STM32MP233CAJ3, STM32MP233CAK3, STM32MP233CAL3, STM32MP233DAJ3, STM32MP233DAK3, STM32MP233DAL3, STM32MP233FAJ3, STM32MP233FAK3, STM32MP233FAL3, STM32MP235AAJ3, STM32MP235AAK3, STM32MP235AAL3, STM32MP235CAJ3, STM32MP235CAK3, STM32MP235CAL3, STM32MP235DAJ3, STM32MP235DAK3, STM32MP235DAL3, STM32MP235FAJ3, STM32MP235FAK3, STM32MP235FAL3, STM32MP251AAI3, STM32MP251AAK3, STM32MP251AAL3, STM32MP251CAI3, STM32MP251CAK3, STM32MP251CAL3, STM32MP251DAI3, STM32MP251DAK3, STM32MP251DAL3, STM32MP251FAI3, STM32MP251FAK3, STM32MP251FAL3, STM32MP253AAI3, STM32MP253AAK3, STM32MP253AAL3, STM32MP253CAI3, STM32MP253CAK3, STM32MP253CAL3, STM32MP253DAI3, STM32MP253DAK3, STM32MP253DAL3, STM32MP253FAI3, STM32MP253FAK3, STM32MP253FAL3, STM32MP255AAI3, STM32MP255AAK3, STM32MP255AAL3, STM32MP255CAI3, STM32MP255CAK3, STM32MP255CAL3, STM32MP255DAI3, STM32MP255DAK3, STM32MP255DAL3, STM32MP255FAI3, STM32MP255FAK3, STM32MP255FAL3, STM32MP257AAI3, STM32MP257AAK3, STM32MP257AAL3, STM32MP257CAI3, STM32MP257CAK3, STM32MP257CAL3, STM32MP257DAI3, STM32MP257DAK3, STM32MP257DAL3, STM32MP257F-DK, STM32MP257F-EV1, STM32MP257FAI3, STM32MP257FAK3, STM32MP257FAL3, STM32N645A0H3Q, STM32N645B0H3Q, STM32N645I0H3Q, STM32N645L0H3Q, STM32N645X0H3Q, STM32N645Z0H3Q, STM32N647A0H3Q, STM32N647B0H3Q, STM32N647I0H3Q, STM32N647L0H3Q, STM32N647X0H3Q, STM32N647Z0H3Q, STM32N655A0H3Q, STM32N655B0H3Q, STM32N655I0H3Q, STM32N655L0H3Q, STM32N655X0H3Q, STM32N655Z0H3Q, STM32N6570-DK, STM32N657A0H3Q, STM32N657B0H3Q, STM32N657I0H3Q, STM32N657L0H3Q, STM32N657X0H3Q, STM32N657Z0H3Q, STM32U031C6T6, STM32U031C6U6, STM32U031C8T6, STM32U031C8U6, STM32U031F4P6, STM32U031F6P6, STM32U031F8P6, STM32U031G6Y6TR, STM32U031G8Y6TR, STM32U031K4U6, STM32U031K6U6, STM32U031K8U6, STM32U031R6I6, STM32U031R6T6, STM32U031R8I6, STM32U031R8T6, STM32U073C8T6, STM32U073C8U6, STM32U073CBT6, STM32U073CBU6, STM32U073CCT6, STM32U073CCU6, STM32U073H8Y6TR, STM32U073HBY6TR, STM32U073HCY6TR, STM32U073K8U6, STM32U073KBU6, STM32U073KCU6, STM32U073M8I6, STM32U073M8T6, STM32U073MBI6, STM32U073MBT6, STM32U073MCI6, STM32U073MCT6, STM32U073R8I6, STM32U073R8T6, STM32U073RBI6, STM32U073RBT6, STM32U073RCI6, STM32U073RCT6, STM32U083C-DK, STM32U083CCT6, STM32U083CCU6, STM32U083HCY6TR, STM32U083KCU6, STM32U083MCI6, STM32U083MCT6, STM32U083RCI6, STM32U083RCT6, STM32U375CET6, STM32U375CET6Q, STM32U375CEU6, STM32U375CEU6Q, STM32U375CEY6QTR, STM32U375CGT6, STM32U375CGT6Q, STM32U375CGU6, STM32U375CGU6Q, STM32U375CGY6QTR, STM32U375KEU6, STM32U375KGU6, STM32U375REI6, STM32U375REI6Q, STM32U375RET6, STM32U375RET6Q, STM32U375REY6GTR, STM32U375REY6QTR, STM32U375RGI6, STM32U375RGI6Q, STM32U375RGT6, STM32U375RGT6Q, STM32U375RGY6GTR, STM32U375RGY6QTR, STM32U375VEI6, STM32U375VEI6Q, STM32U375VET6, STM32U375VET6Q, STM32U375VGI6, STM32U375VGI6Q, STM32U375VGT6, STM32U375VGT6Q, STM32U385CGT6, STM32U385CGT6Q, STM32U385CGU6, STM32U385CGU6Q, STM32U385CGY6QTR, STM32U385KGU6, STM32U385RGI6, STM32U385RGI6Q, STM32U385RGT6, STM32U385RGT6Q, STM32U385RGY6GTR, STM32U385RGY6QTR, STM32U385VGI6, STM32U385VGI6Q, STM32U385VGT6, STM32U385VGT6Q, STM32U535CBT6, STM32U535CBT6Q, STM32U535CBU6, STM32U535CBU6Q, STM32U535CCT6, STM32U535CCT6Q, STM32U535CCU6, STM32U535CCU6Q, STM32U535CET6, STM32U535CET6Q, STM32U535CEU6, STM32U535CEU6Q, STM32U535JEY6QTR, STM32U535NCY6QTR, STM32U535NEY6QTR, STM32U535RBI6, STM32U535RBI6Q, STM32U535RBT6, STM32U535RBT6Q, STM32U535RCI6, STM32U535RCI6Q, STM32U535RCT6, STM32U535RCT6Q, STM32U535REI6, STM32U535REI6Q, STM32U535RET6, STM32U535RET6Q, STM32U535VCI6, STM32U535VCI6Q, STM32U535VCT6, STM32U535VCT6Q, STM32U535VEI6, STM32U535VEI6Q, STM32U535VET6, STM32U535VET6Q, STM32U545CET6, STM32U545CET6Q, STM32U545CEU6, STM32U545CEU6Q, STM32U545JEY6QTR, STM32U545NEY6QTR, STM32U545REI6, STM32U545REI6Q, STM32U545RET6, STM32U545RET6Q, STM32U545VEI6, STM32U545VEI6Q, STM32U545VET6, STM32U545VET6Q, STM32U595AIH6, STM32U595AIH6Q, STM32U595AJH6, STM32U595AJH6Q, STM32U595QII6, STM32U595QII6Q, STM32U595QJI6, STM32U595QJI6Q, STM32U595RIT6, STM32U595RIT6Q, STM32U595RJT6, STM32U595RJT6Q, STM32U595VIT6, STM32U595VIT6Q, STM32U595VJT6, STM32U595VJT6Q, STM32U595ZIT6, STM32U595ZIT6Q, STM32U595ZIY6QTR, STM32U595ZJT6, STM32U595ZJT6Q, STM32U595ZJY6QTR, STM32U599BJY6QTR, STM32U599NIH6Q, STM32U599NJH6Q, STM32U599VIT6Q, STM32U599VJT6, STM32U599VJT6Q, STM32U599ZIT6Q, STM32U599ZIY6QTR, STM32U599ZJT6Q, STM32U599ZJY6QTR, STM32U5A5AJH6, STM32U5A5AJH6Q, STM32U5A5QII3Q , STM32U5A5QJI6, STM32U5A5QJI6Q, STM32U5A5RJT6, STM32U5A5RJT6Q, STM32U5A5VJT6, STM32U5A5VJT6Q, STM32U5A5ZJT6, STM32U5A5ZJT6Q, STM32U5A5ZJY6QTR, STM32U5A9BJY6QTR, STM32U5A9J-DK, STM32U5A9NJH6Q, STM32U5A9VJT6Q, STM32U5A9ZJT6Q, STM32U5A9ZJY6QTR, STM32U5F7VIT6, STM32U5F7VIT6Q, STM32U5F7VJT6, STM32U5F7VJT6Q, STM32U5F9BJY6QTR, STM32U5F9NJH6Q, STM32U5F9VIT6Q, STM32U5F9VJT6Q, STM32U5F9ZIJ6QTR, STM32U5F9ZIT6Q, STM32U5F9ZJJ6QTR, STM32U5F9ZJT6Q, STM32U5G7VJT6, STM32U5G7VJT6Q, STM32U5G9BJY6QTR, STM32U5G9J-DK1, STM32U5G9J-DK2, STM32U5G9NJH6Q, STM32U5G9VJT6Q, STM32U5G9ZJJ6QTR, STM32U5G9ZJT6Q, STM32WB05KZV6TR, STM32WB05KZV7TR, STM32WB05TZF6TR, STM32WB05TZF7TR, STM32WB06CCF6TR, STM32WB06CCF7TR, STM32WB06CCV6TR, STM32WB06CCV7TR, STM32WB06KCV6TR, STM32WB06KCV7TR, STM32WB07CCF6TR, STM32WB07CCF7TR, STM32WB07CCV6TR, STM32WB07CCV7TR, STM32WB07KCV6TR, STM32WB07KCV7TR, STM32WB09KEV6TR, STM32WB09KEV7TR, STM32WB09TEF6TR, STM32WB09TEF7TR, STM32WB1MMCH6, STM32WBA50KGU6, STM32WBA50KGU6TR, STM32WBA52CEU6, STM32WBA52CEU6TR, STM32WBA52CEU7, STM32WBA52CEU7TR, STM32WBA52CGU6, STM32WBA52CGU6TR, STM32WBA52CGU6U, STM32WBA52CGU7, STM32WBA52CGU7TR, STM32WBA52KEU6, STM32WBA52KEU6TR, STM32WBA52KGU6, STM32WBA52KGU6TR, STM32WBA54CEU6, STM32WBA54CEU6TR, STM32WBA54CEU7, STM32WBA54CEU7TR, STM32WBA54CGU6, STM32WBA54CGU6TR, STM32WBA54CGU7, STM32WBA54CGU7TR, STM32WBA54KEU6, STM32WBA54KEU6TR, STM32WBA54KEU7, STM32WBA54KEU7TR, STM32WBA54KGU6, STM32WBA54KGU6TR, STM32WBA54KGU7, STM32WBA54KGU7TR, STM32WBA55CEU6, STM32WBA55CEU6TR, STM32WBA55CEU7, STM32WBA55CEU7TR, STM32WBA55CGU6, STM32WBA55CGU6TR, STM32WBA55CGU6U, STM32WBA55CGU7, STM32WBA55CGU7TR, STM32WBA55G-DK1, STM32WBA55HEF6, STM32WBA55HEF7, STM32WBA55HGF6, STM32WBA55HGF7, STM32WBA55UEI6, STM32WBA55UEI6TR, STM32WBA55UEI7, STM32WBA55UEI7TR, STM32WBA55UGI6, STM32WBA55UGI6TR, STM32WBA55UGI7, STM32WBA55UGI7TR, STM32WBA5MMGH6TR, STM32WBA62MGF6, STM32WBA62MIF6, STM32WBA65MGF7, STM32WBA65MIF6, STM32WBA65MIF7, STM32WL30K8V6, STM32WL30KBV6, STM32WL31C8V6, STM32WL31CBV6, STM32WL31K8V6, STM32WL31KBV6, STM32WL33C8V6, STM32WL33C8V6X, STM32WL33CBV6, STM32WL33CBV6X, STM32WL33CCV6, STM32WL33CCV6A, STM32WL33CCV6X, STM32WL33K8V7, STM32WL33K8V7X, STM32WL33KBV7 , STM32WL33KBV7X, STM32WL33KCV7, STM32WL33KCV7X, STM32WL5MOCH6, STM32WL5MOCH6TR]
2025-11-30 16:51:31,405 [INFO] ApiDb:668 - CubeFinder database Data Model version=2.1
2025-11-30 16:51:31,405 [INFO] ApiDb:669 - CubeFinder database Configuration version=3.0.39
2025-11-30 16:51:31,405 [INFO] ApiDb:670 - CubeFinder database generation date=2025-11-05 (1762334721)
2025-11-30 16:51:31,406 [INFO] ApiDb:671 - CubeFinder database FW Pack versions=[FP-ATR-ASTRA1_V2.0.0, FP-SNS-FLIGHT1_V5.1.0, FP-SNS-MOTENV1_V5.1.0, FP-SNS-MOTENVWB1_V1.4.0, FP-SNS-SMARTAG2_V1.2.0, FP-SNS-STBOX1_V2.1.0, STM32Cube_FW_C0_V1.4.0, STM32Cube_FW_F4_V1.28.3, STM32Cube_FW_F7_V1.17.4, STM32Cube_FW_G0_V1.6.2, STM32Cube_FW_G4_V1.6.1, STM32Cube_FW_H5_V1.5.1, STM32Cube_FW_H7RS_V1.3.0, STM32Cube_FW_H7_V1.12.1, STM32Cube_FW_L0_V1.12.2, STM32Cube_FW_L4_V1.18.1, STM32Cube_FW_L5_V1.6.0, STM32Cube_FW_N6_V1.3.0, STM32Cube_FW_U0_V1.3.0, STM32Cube_FW_U3_V1.2.1, STM32Cube_FW_U5_V1.8.0, STM32Cube_FW_WB0_V1.4.0, STM32Cube_FW_WBA_V1.8.0, STM32Cube_FW_WB_V1.24.0, STM32Cube_FW_WL3_V1.3.0, STM32Cube_FW_WL_V1.4.0, X-CUBE-ALGOBUILD_V1.4.0, X-CUBE-ALS_V1.0.2, X-CUBE-AZRTOS-F4_V1.1.0, X-CUBE-AZRTOS-F7_V1.1.0, X-CUBE-AZRTOS-G0_V1.1.0, X-CUBE-AZRTOS-G4_V2.0.0, X-CUBE-AZRTOS-H7RS_V1.1.0, X-CUBE-AZRTOS-H7_V3.4.0, X-CUBE-AZRTOS-L4_V2.0.0, X-CUBE-AZRTOS-L5_V2.0.0, X-CUBE-AZRTOS-WB_V2.0.0, X-CUBE-AZRTOS-WL_V2.0.0, X-CUBE-BLE1_V7.1.0, X-CUBE-BLE2_V3.3.0, X-CUBE-BLEMGR_V4.1.0, X-CUBE-EEPRMA1_V5.2.0, X-CUBE-FREERTOS_V1.3.1, X-CUBE-GNSS1_V6.0.0, X-CUBE-MEMS1_V11.3.0, X-CUBE-NFC4_V3.0.0, X-CUBE-NFC7_V2.0.0, X-CUBE-SFXS2LP1_V4.0.0, X-CUBE-ST67W61_V1.1.0, X-CUBE-SUBG2_V5.0.0, X-CUBE-TOF1_V3.4.3]
2025-11-30 16:51:31,955 [ERROR] LogOutputStream:75 - [STDERR_REDIRECT] [Fatal Error] :1:1: Premature end of file.
2025-11-30 16:51:31,955 [ERROR] LogOutputStream:75 - [STDERR_REDIRECT] 
2025-11-30 16:51:32,956 [ERROR] LogOutputStream:75 - [STDERR_REDIRECT] [Fatal Error] :1:1: Premature end of file.
2025-11-30 16:51:32,956 [ERROR] LogOutputStream:75 - [STDERR_REDIRECT] 
2025-11-30 16:51:33,747 [INFO] ApiDb:240 - Found 880 in-development CPN: [B-G473E-ZEST1S, B-WB1M-WPAN1, B-WBA5M-WPAN, B-WL5M-SUBG1, NUCLEO-C031C6, NUCLEO-C051C8, NUCLEO-C071RB, NUCLEO-C092RC, NUCLEO-H503RB, NUCLEO-H533RE, NUCLEO-H563ZI, NUCLEO-H7S3L8, NUCLEO-N657X0-Q, NUCLEO-U031R8, NUCLEO-U083RC, NUCLEO-U385RG-Q, NUCLEO-U545RE-Q, NUCLEO-U5A5ZJ-Q, NUCLEO-WB05KZ, NUCLEO-WB07CC, NUCLEO-WB09KE, NUCLEO-WBA52CG, NUCLEO-WBA55CG, NUCLEO-WL33CC1, NUCLEO-WL33CC2, STEVAL-PROTEUS1, STEVAL-SMARTAG2, STEVAL-STWINBX1, STM320518-EVAL, STM32C0116-DK, STM32C011D6Y3TR, STM32C011D6Y6TR, STM32C011F4P3, STM32C011F4P6, STM32C011F4U3, STM32C011F4U6TR, STM32C011F6P3, STM32C011F6P6, STM32C011F6U3, STM32C011F6U6TR, STM32C011J4M3, STM32C011J4M6, STM32C011J6M3, STM32C011J6M6, STM32C0316-DK, STM32C031C4T3, STM32C031C4T6, STM32C031C4U3, STM32C031C4U6, STM32C031C6T3, STM32C031C6T6, STM32C031C6U3, STM32C031C6U6, STM32C031F4P3, STM32C031F4P6, STM32C031F6P3, STM32C031F6P6, STM32C031G4U3, STM32C031G4U6, STM32C031G6U3, STM32C031G6U6, STM32C031K4T3, STM32C031K4T6, STM32C031K4U3, STM32C031K4U6, STM32C031K6T3, STM32C031K6T6, STM32C031K6U3, STM32C031K6U6, STM32C051C6T6, STM32C051C6U6, STM32C051C8T6, STM32C051C8U6, STM32C051D8Y6TR, STM32C051F6P6, STM32C051F8P6, STM32C051G6U6, STM32C051G8U6, STM32C051K6T6, STM32C051K6U6, STM32C051K8T6, STM32C071C8T6, STM32C071C8T6N, STM32C071C8U6, STM32C071C8U6N, STM32C071CBT6, STM32C071CBT6N, STM32C071CBU6, STM32C071CBU6N, STM32C071F8P6, STM32C071F8P6N, STM32C071FBP6, STM32C071FBP6N, STM32C071FBY6TR, STM32C071G8U6, STM32C071G8U6N, STM32C071GBU6, STM32C071GBU6N, STM32C071K8T6, STM32C071K8T6N, STM32C071K8U6, STM32C071K8U6N, STM32C071KBT6, STM32C071KBT6N, STM32C071KBU6, STM32C071KBU6N, STM32C071R8T6, STM32C071R8T6N, STM32C071RBI6N, STM32C071RBT6, STM32C071RBT6N, STM32C091CBT6, STM32C091CBU6, STM32C091CCT6, STM32C091CCU6, STM32C091ECY6TR, STM32C091FBP6, STM32C091FCP6, STM32C091GBU6, STM32C091GCU6, STM32C091KBT6, STM32C091KBU6, STM32C091KCT6, STM32C091KCU6, STM32C091RBT6, STM32C091RCI6, STM32C091RCT6, STM32C092CBT6, STM32C092CBU6, STM32C092CCT6, STM32C092CCU6, STM32C092ECY6TR, STM32C092FBP6, STM32C092FCP6, STM32C092GBU6, STM32C092GCU6, STM32C092KBT6, STM32C092KBU6, STM32C092KCT6, STM32C092KCU6, STM32C092RBT6, STM32C092RCI6, STM32C092RCT6, STM32G071K8TXN, STM32G071K8UXN, STM32G081GBU6N, STM32G081KBT6N, STM32G081KBUXN, STM32G0B1CCT6N, STM32G0B1KCT6, STM32G0B1NEY6TR, STM32G0B1RCT6N, STM32G0C1CCT6, STM32G0C1CCT6N, STM32G0C1CCU6N, STM32G0C1CET6N, STM32G0C1CEU6N, STM32G0C1KCT6, STM32G0C1NEY6TR, STM32G0C1RCI6N, STM32G0C1RCT6N, STM32G0C1REI6N, STM32G0C1RET6N, STM32G0C1VCI6, STM32G0C1VEI6, STM32G411C6T3, STM32G411C6T6, STM32G411C6U3, STM32G411C6U6, STM32G411C8T3, STM32G411C8T6, STM32G411C8U3, STM32G411C8U6, STM32G411CBT3, STM32G411CBT6, STM32G411CBU3, STM32G411CBU6, STM32G411K6T3, STM32G411K6T6, STM32G411K6U3, STM32G411K6U6, STM32G411K8T3, STM32G411K8T6, STM32G411K8U3, STM32G411K8U6, STM32G411KBT3, STM32G411KBT6, STM32G411KBU3, STM32G411KBU6, STM32G411M6T3, STM32G411M6T6, STM32G411M8T3, STM32G411M8T6, STM32G411MBT3, STM32G411MBT6, STM32G411R6T3, STM32G411R6T6, STM32G411R8T3, STM32G411R8T6, STM32G411RBT3, STM32G411RBT6, STM32G414CBT3, STM32G414CBT6, STM32G414CBU3, STM32G414CBU6, STM32G414CCT3, STM32G414CCT6, STM32G414CCU3, STM32G414CCU6, STM32G414MBT3, STM32G414MBT6, STM32G414MCT3, STM32G414MCT6, STM32G414RBT3, STM32G414RBT6, STM32G414RCT3, STM32G414RCT6, STM32G414VBT3, STM32G414VBT6, STM32G414VCT3, STM32G414VCT6, STM32G431CBT3Z, STM32G431RBT3Z, STM32G471CCT6, STM32G471CCU6, STM32G471CET3, STM32G471CET6, STM32G471CEU3, STM32G471CEU6, STM32G471MCT6, STM32G471MET3, STM32G471MET6, STM32G471MEY6TR, STM32G471QCT6, STM32G471QET3, STM32G471RCT6, STM32G471RET3, STM32G471RET6, STM32G471VCH6, STM32G471VCI6, STM32G471VCT6, STM32G471VEH3, STM32G471VEH6, STM32G471VEI3, STM32G471VEI6, STM32G471VET3, STM32G471VET6, STM32G473QET3Z, STM32G473RET3Z, STM32G474CCT6, STM32G491RET3Z, STM32H503CBT6, STM32H503CBU6, STM32H503EBY6TR, STM32H503KBU6, STM32H503RBT6, STM32H523CCT6, STM32H523CCU6, STM32H523CET6, STM32H523CEU6, STM32H523HEY6TR, STM32H523RCT6, STM32H523RET6, STM32H523VCI6, STM32H523VCT6, STM32H523VEI6, STM32H523VET6, STM32H523ZCJ6, STM32H523ZCT6, STM32H523ZEJ6, STM32H523ZET6, STM32H533CET6, STM32H533CEU6, STM32H533HEY6TR, STM32H533RET6, STM32H533VEI6, STM32H533VET6, STM32H533ZEJ6, STM32H533ZET6, STM32H562AGI6, STM32H562AII6, STM32H562IGK6, STM32H562IGT6, STM32H562IIK6, STM32H562IIT6, STM32H562RGT6, STM32H562RGV6, STM32H562RIT6, STM32H562RIV6, STM32H562VGT6, STM32H562VIT6, STM32H562ZGT6, STM32H562ZIT6, STM32H563AGI6, STM32H563AII3Q, STM32H563AII6, STM32H563IGK6, STM32H563IGT6, STM32H563IIK3Q, STM32H563IIK6, STM32H563IIT3Q, STM32H563IIT6, STM32H563MIY3QTR, STM32H563RGT6, STM32H563RGV6, STM32H563RIT6, STM32H563RIV6, STM32H563VGT6, STM32H563VIT3Q, STM32H563VIT6, STM32H563ZGT6, STM32H563ZIT3Q, STM32H563ZIT6, STM32H573AII3Q, STM32H573AII6, STM32H573I-DK, STM32H573IIK3Q, STM32H573IIK6, STM32H573IIT3Q, STM32H573IIT6, STM32H573MIY3QTR, STM32H573RIT6, STM32H573RIV6, STM32H573VIT3Q, STM32H573VIT6, STM32H573ZIT3Q, STM32H573ZIT6, STM32H7R3A8I6, STM32H7R3I8K6, STM32H7R3I8T6, STM32H7R3L8H6, STM32H7R3L8H6H, STM32H7R3R8V6, STM32H7R3V8H6, STM32H7R3V8T6, STM32H7R3V8Y6TR, STM32H7R3Z8J6, STM32H7R3Z8T6, STM32H7R7A8I6, STM32H7R7I8K6, STM32H7R7I8T6, STM32H7R7L8H6, STM32H7R7L8H6H, STM32H7R7Z8J6, STM32H7S3A8I6, STM32H7S3I8K6, STM32H7S3I8T6, STM32H7S3L8H6, STM32H7S3L8H6H, STM32H7S3R8V6, STM32H7S3V8H6, STM32H7S3V8T6, STM32H7S3V8Y6TR, STM32H7S3Z8J6, STM32H7S3Z8T6, STM32H7S78-DK, STM32H7S7A8I6, STM32H7S7I8K6, STM32H7S7I8T6, STM32H7S7L8H6, STM32H7S7L8H6H, STM32H7S7Z8J6, STM32L4R5QGI6STR, STM32MP131AAE3, STM32MP131AAF3, STM32MP131AAG3, STM32MP131CAE3, STM32MP131CAF3, STM32MP131CAG3, STM32MP131DAE7, STM32MP131DAF7, STM32MP131DAG7, STM32MP131FAE7, STM32MP131FAF7, STM32MP131FAG7, STM32MP133AAE3, STM32MP133AAF3, STM32MP133AAG3, STM32MP133CAE3, STM32MP133CAF3, STM32MP133CAG3, STM32MP133DAE7, STM32MP133DAF7, STM32MP133DAG7, STM32MP133FAE7, STM32MP133FAF7, STM32MP133FAG7, STM32MP135AAE3, STM32MP135AAF3, STM32MP135AAG3, STM32MP135CAE3, STM32MP135CAF3, STM32MP135CAG3, STM32MP135DAE7, STM32MP135DAF7, STM32MP135DAG7, STM32MP135F-DK, STM32MP135FAE7, STM32MP135FAF7, STM32MP135FAF7T, STM32MP135FAF7U, STM32MP135FAG7, STM32MP211AAL3, STM32MP211AAM3, STM32MP211AAN3, STM32MP211AAO3, STM32MP211CAL3, STM32MP211CAM3, STM32MP211CAN3, STM32MP211CAO3, STM32MP211DAL3, STM32MP211DAM3, STM32MP211DAN3, STM32MP211DAO3, STM32MP211FAL3, STM32MP211FAM3, STM32MP211FAN3, STM32MP211FAO3, STM32MP213AAL3, STM32MP213AAM3, STM32MP213AAN3, STM32MP213AAO3, STM32MP213CAL3, STM32MP213CAM3, STM32MP213CAN3, STM32MP213CAO3, STM32MP213DAL3, STM32MP213DAM3, STM32MP213DAN3, STM32MP213DAO3, STM32MP213FAL3, STM32MP213FAM3, STM32MP213FAN3, STM32MP213FAO3, STM32MP215AAL3, STM32MP215AAM3, STM32MP215AAN3, STM32MP215AAO3, STM32MP215CAL3, STM32MP215CAM3, STM32MP215CAN3, STM32MP215CAO3, STM32MP215DAL3, STM32MP215DAM3, STM32MP215DAN3, STM32MP215DAO3, STM32MP215F-DK, STM32MP215FAL3, STM32MP215FAM3, STM32MP215FAN3, STM32MP215FAO3, STM32MP231AAJ3, STM32MP231AAK3, STM32MP231AAL3, STM32MP231CAJ3, STM32MP231CAK3, STM32MP231CAL3, STM32MP231DAJ3, STM32MP231DAK3, STM32MP231DAL3, STM32MP231FAJ3, STM32MP231FAK3, STM32MP231FAL3, STM32MP233AAJ3, STM32MP233AAK3, STM32MP233AAL3, STM32MP233CAJ3, STM32MP233CAK3, STM32MP233CAL3, STM32MP233DAJ3, STM32MP233DAK3, STM32MP233DAL3, STM32MP233FAJ3, STM32MP233FAK3, STM32MP233FAL3, STM32MP235AAJ3, STM32MP235AAK3, STM32MP235AAL3, STM32MP235CAJ3, STM32MP235CAK3, STM32MP235CAL3, STM32MP235DAJ3, STM32MP235DAK3, STM32MP235DAL3, STM32MP235FAJ3, STM32MP235FAK3, STM32MP235FAL3, STM32MP251AAI3, STM32MP251AAK3, STM32MP251AAL3, STM32MP251CAI3, STM32MP251CAK3, STM32MP251CAL3, STM32MP251DAI3, STM32MP251DAK3, STM32MP251DAL3, STM32MP251FAI3, STM32MP251FAK3, STM32MP251FAL3, STM32MP253AAI3, STM32MP253AAK3, STM32MP253AAL3, STM32MP253CAI3, STM32MP253CAK3, STM32MP253CAL3, STM32MP253DAI3, STM32MP253DAK3, STM32MP253DAL3, STM32MP253FAI3, STM32MP253FAK3, STM32MP253FAL3, STM32MP255AAI3, STM32MP255AAK3, STM32MP255AAL3, STM32MP255CAI3, STM32MP255CAK3, STM32MP255CAL3, STM32MP255DAI3, STM32MP255DAK3, STM32MP255DAL3, STM32MP255FAI3, STM32MP255FAK3, STM32MP255FAL3, STM32MP257AAI3, STM32MP257AAK3, STM32MP257AAL3, STM32MP257CAI3, STM32MP257CAK3, STM32MP257CAL3, STM32MP257DAI3, STM32MP257DAK3, STM32MP257DAL3, STM32MP257F-DK, STM32MP257F-EV1, STM32MP257FAI3, STM32MP257FAK3, STM32MP257FAL3, STM32N645A0H3Q, STM32N645B0H3Q, STM32N645I0H3Q, STM32N645L0H3Q, STM32N645X0H3Q, STM32N645Z0H3Q, STM32N647A0H3Q, STM32N647B0H3Q, STM32N647I0H3Q, STM32N647L0H3Q, STM32N647X0H3Q, STM32N647Z0H3Q, STM32N655A0H3Q, STM32N655B0H3Q, STM32N655I0H3Q, STM32N655L0H3Q, STM32N655X0H3Q, STM32N655Z0H3Q, STM32N6570-DK, STM32N657A0H3Q, STM32N657B0H3Q, STM32N657I0H3Q, STM32N657L0H3Q, STM32N657X0H3Q, STM32N657Z0H3Q, STM32U031C6T6, STM32U031C6U6, STM32U031C8T6, STM32U031C8U6, STM32U031F4P6, STM32U031F6P6, STM32U031F8P6, STM32U031G6Y6TR, STM32U031G8Y6TR, STM32U031K4U6, STM32U031K6U6, STM32U031K8U6, STM32U031R6I6, STM32U031R6T6, STM32U031R8I6, STM32U031R8T6, STM32U073C8T6, STM32U073C8U6, STM32U073CBT6, STM32U073CBU6, STM32U073CCT6, STM32U073CCU6, STM32U073H8Y6TR, STM32U073HBY6TR, STM32U073HCY6TR, STM32U073K8U6, STM32U073KBU6, STM32U073KCU6, STM32U073M8I6, STM32U073M8T6, STM32U073MBI6, STM32U073MBT6, STM32U073MCI6, STM32U073MCT6, STM32U073R8I6, STM32U073R8T6, STM32U073RBI6, STM32U073RBT6, STM32U073RCI6, STM32U073RCT6, STM32U083C-DK, STM32U083CCT6, STM32U083CCU6, STM32U083HCY6TR, STM32U083KCU6, STM32U083MCI6, STM32U083MCT6, STM32U083RCI6, STM32U083RCT6, STM32U375CET6, STM32U375CET6Q, STM32U375CEU6, STM32U375CEU6Q, STM32U375CEY6QTR, STM32U375CGT6, STM32U375CGT6Q, STM32U375CGU6, STM32U375CGU6Q, STM32U375CGY6QTR, STM32U375KEU6, STM32U375KGU6, STM32U375REI6, STM32U375REI6Q, STM32U375RET6, STM32U375RET6Q, STM32U375REY6GTR, STM32U375REY6QTR, STM32U375RGI6, STM32U375RGI6Q, STM32U375RGT6, STM32U375RGT6Q, STM32U375RGY6GTR, STM32U375RGY6QTR, STM32U375VEI6, STM32U375VEI6Q, STM32U375VET6, STM32U375VET6Q, STM32U375VGI6, STM32U375VGI6Q, STM32U375VGT6, STM32U375VGT6Q, STM32U385CGT6, STM32U385CGT6Q, STM32U385CGU6, STM32U385CGU6Q, STM32U385CGY6QTR, STM32U385KGU6, STM32U385RGI6, STM32U385RGI6Q, STM32U385RGT6, STM32U385RGT6Q, STM32U385RGY6GTR, STM32U385RGY6QTR, STM32U385VGI6, STM32U385VGI6Q, STM32U385VGT6, STM32U385VGT6Q, STM32U535CBT6, STM32U535CBT6Q, STM32U535CBU6, STM32U535CBU6Q, STM32U535CCT6, STM32U535CCT6Q, STM32U535CCU6, STM32U535CCU6Q, STM32U535CET6, STM32U535CET6Q, STM32U535CEU6, STM32U535CEU6Q, STM32U535JEY6QTR, STM32U535NCY6QTR, STM32U535NEY6QTR, STM32U535RBI6, STM32U535RBI6Q, STM32U535RBT6, STM32U535RBT6Q, STM32U535RCI6, STM32U535RCI6Q, STM32U535RCT6, STM32U535RCT6Q, STM32U535REI6, STM32U535REI6Q, STM32U535RET6, STM32U535RET6Q, STM32U535VCI6, STM32U535VCI6Q, STM32U535VCT6, STM32U535VCT6Q, STM32U535VEI6, STM32U535VEI6Q, STM32U535VET6, STM32U535VET6Q, STM32U545CET6, STM32U545CET6Q, STM32U545CEU6, STM32U545CEU6Q, STM32U545JEY6QTR, STM32U545NEY6QTR, STM32U545REI6, STM32U545REI6Q, STM32U545RET6, STM32U545RET6Q, STM32U545VEI6, STM32U545VEI6Q, STM32U545VET6, STM32U545VET6Q, STM32U595AIH6, STM32U595AIH6Q, STM32U595AJH6, STM32U595AJH6Q, STM32U595QII6, STM32U595QII6Q, STM32U595QJI6, STM32U595QJI6Q, STM32U595RIT6, STM32U595RIT6Q, STM32U595RJT6, STM32U595RJT6Q, STM32U595VIT6, STM32U595VIT6Q, STM32U595VJT6, STM32U595VJT6Q, STM32U595ZIT6, STM32U595ZIT6Q, STM32U595ZIY6QTR, STM32U595ZJT6, STM32U595ZJT6Q, STM32U595ZJY6QTR, STM32U599BJY6QTR, STM32U599NIH6Q, STM32U599NJH6Q, STM32U599VIT6Q, STM32U599VJT6, STM32U599VJT6Q, STM32U599ZIT6Q, STM32U599ZIY6QTR, STM32U599ZJT6Q, STM32U599ZJY6QTR, STM32U5A5AJH6, STM32U5A5AJH6Q, STM32U5A5QII3Q , STM32U5A5QJI6, STM32U5A5QJI6Q, STM32U5A5RJT6, STM32U5A5RJT6Q, STM32U5A5VJT6, STM32U5A5VJT6Q, STM32U5A5ZJT6, STM32U5A5ZJT6Q, STM32U5A5ZJY6QTR, STM32U5A9BJY6QTR, STM32U5A9J-DK, STM32U5A9NJH6Q, STM32U5A9VJT6Q, STM32U5A9ZJT6Q, STM32U5A9ZJY6QTR, STM32U5F7VIT6, STM32U5F7VIT6Q, STM32U5F7VJT6, STM32U5F7VJT6Q, STM32U5F9BJY6QTR, STM32U5F9NJH6Q, STM32U5F9VIT6Q, STM32U5F9VJT6Q, STM32U5F9ZIJ6QTR, STM32U5F9ZIT6Q, STM32U5F9ZJJ6QTR, STM32U5F9ZJT6Q, STM32U5G7VJT6, STM32U5G7VJT6Q, STM32U5G9BJY6QTR, STM32U5G9J-DK1, STM32U5G9J-DK2, STM32U5G9NJH6Q, STM32U5G9VJT6Q, STM32U5G9ZJJ6QTR, STM32U5G9ZJT6Q, STM32WB05KZV6TR, STM32WB05KZV7TR, STM32WB05TZF6TR, STM32WB05TZF7TR, STM32WB06CCF6TR, STM32WB06CCF7TR, STM32WB06CCV6TR, STM32WB06CCV7TR, STM32WB06KCV6TR, STM32WB06KCV7TR, STM32WB07CCF6TR, STM32WB07CCF7TR, STM32WB07CCV6TR, STM32WB07CCV7TR, STM32WB07KCV6TR, STM32WB07KCV7TR, STM32WB09KEV6TR, STM32WB09KEV7TR, STM32WB09TEF6TR, STM32WB09TEF7TR, STM32WB1MMCH6, STM32WBA50KGU6, STM32WBA50KGU6TR, STM32WBA52CEU6, STM32WBA52CEU6TR, STM32WBA52CEU7, STM32WBA52CEU7TR, STM32WBA52CGU6, STM32WBA52CGU6TR, STM32WBA52CGU6U, STM32WBA52CGU7, STM32WBA52CGU7TR, STM32WBA52KEU6, STM32WBA52KEU6TR, STM32WBA52KGU6, STM32WBA52KGU6TR, STM32WBA54CEU6, STM32WBA54CEU6TR, STM32WBA54CEU7, STM32WBA54CEU7TR, STM32WBA54CGU6, STM32WBA54CGU6TR, STM32WBA54CGU7, STM32WBA54CGU7TR, STM32WBA54KEU6, STM32WBA54KEU6TR, STM32WBA54KEU7, STM32WBA54KEU7TR, STM32WBA54KGU6, STM32WBA54KGU6TR, STM32WBA54KGU7, STM32WBA54KGU7TR, STM32WBA55CEU6, STM32WBA55CEU6TR, STM32WBA55CEU7, STM32WBA55CEU7TR, STM32WBA55CGU6, STM32WBA55CGU6TR, STM32WBA55CGU6U, STM32WBA55CGU7, STM32WBA55CGU7TR, STM32WBA55G-DK1, STM32WBA55HEF6, STM32WBA55HEF7, STM32WBA55HGF6, STM32WBA55HGF7, STM32WBA55UEI6, STM32WBA55UEI6TR, STM32WBA55UEI7, STM32WBA55UEI7TR, STM32WBA55UGI6, STM32WBA55UGI6TR, STM32WBA55UGI7, STM32WBA55UGI7TR, STM32WBA5MMGH6TR, STM32WBA62MGF6, STM32WBA62MIF6, STM32WBA65MGF7, STM32WBA65MIF6, STM32WBA65MIF7, STM32WL30K8V6, STM32WL30KBV6, STM32WL31C8V6, STM32WL31CBV6, STM32WL31K8V6, STM32WL31KBV6, STM32WL33C8V6, STM32WL33C8V6X, STM32WL33CBV6, STM32WL33CBV6X, STM32WL33CCV6, STM32WL33CCV6A, STM32WL33CCV6X, STM32WL33K8V7, STM32WL33K8V7X, STM32WL33KBV7 , STM32WL33KBV7X, STM32WL33KCV7, STM32WL33KCV7X, STM32WL5MOCH6, STM32WL5MOCH6TR]
2025-11-30 16:51:33,754 [INFO] DbMcus:218 - Found 4876 MCUs, 4876 are supported
2025-11-30 16:51:33,756 [INFO] ApiDb:423 - Load user favorites file C:\Users\shubh/.stm32cubeide/favorites.mcus.txt: 0 item(s)
2025-11-30 16:51:33,756 [INFO] ApiDb:427 - User favorites MCUs=[]
2025-11-30 16:51:33,756 [INFO] DbMcus:224 - Set 0 / 0 favorites MCUs
2025-11-30 16:51:33,962 [ERROR] LogOutputStream:75 - [STDERR_REDIRECT] [Fatal Error] :1:1: Premature end of file.
2025-11-30 16:51:33,962 [ERROR] LogOutputStream:75 - [STDERR_REDIRECT] 
2025-11-30 16:51:34,606 [INFO] BoardInfo:889 - No configuration file found for board P-NUCLEO-WB55
2025-11-30 16:51:34,607 [INFO] DbBoards:161 - Kit is not supported: P-NUCLEO-WB55
2025-11-30 16:51:34,618 [INFO] BoardInfo:889 - No configuration file found for board STEVAL-BFA001V1B
2025-11-30 16:51:34,619 [INFO] DbBoards:161 - Kit is not supported: STEVAL-BFA001V1B
2025-11-30 16:51:34,620 [INFO] BoardInfo:889 - No configuration file found for board STEVAL-BFA001V2B
2025-11-30 16:51:34,622 [INFO] DbBoards:161 - Kit is not supported: STEVAL-BFA001V2B
2025-11-30 16:51:34,965 [ERROR] LogOutputStream:75 - [STDERR_REDIRECT] [Fatal Error] :1:1: Premature end of file.
2025-11-30 16:51:34,965 [ERROR] LogOutputStream:75 - [STDERR_REDIRECT] 
2025-11-30 16:51:35,005 [INFO] DbBoards:168 - Found 212 boards, 209 are supported
2025-11-30 16:51:35,005 [INFO] DbBoards:169 - Found 212 boards, 43 of them is supported for  Bsp
2025-11-30 16:51:35,015 [INFO] ApiDb:423 - Load user favorites file C:\Users\shubh/.stm32cubeide/favorites.boards.txt: 1 item(s)
2025-11-30 16:51:35,015 [INFO] ApiDb:427 - User favorites Boards=[NUCLEO-H503RB]
2025-11-30 16:51:35,015 [INFO] DbBoards:198 - Set 1 / 1 favorites Boards
2025-11-30 16:51:35,118 [INFO] UtilMem:75 - End LoadConfig() Used Memory: 967983864 Bytes (1073741824)
2025-11-30 16:51:35,332 [WARN] ThirdParty:833 - waiting for thirdparty lock release [change project]
2025-11-30 16:51:35,332 [INFO] ThirdParty:835 - entering critical section [change project]
2025-11-30 16:51:35,332 [INFO] ThirdParty:1030 - CMSIS Pack Vendor :STMicroelectronics X-CUBE-PM33A1 1.0.0
2025-11-30 16:51:35,332 [INFO] ThirdParty:1030 - CMSIS Pack Vendor :STMicroelectronics USBPD 4.1
2025-11-30 16:51:35,332 [INFO] ThirdParty:1030 - CMSIS Pack Vendor :STMicroelectronics USB_HOST 2.0.0
2025-11-30 16:51:35,332 [INFO] ThirdParty:1030 - CMSIS Pack Vendor :STMicroelectronics FP-SNS-MOTENVWB1 1.4.0
2025-11-30 16:51:35,332 [INFO] ThirdParty:1030 - CMSIS Pack Vendor :STMicroelectronics X-CUBE-AZRTOS-F4 1.1.0
2025-11-30 16:51:35,332 [INFO] ThirdParty:1030 - CMSIS Pack Vendor :STMicroelectronics LIBJPEG 8.0.0
2025-11-30 16:51:35,332 [INFO] ThirdParty:1030 - CMSIS Pack Vendor :STMicroelectronics FP-ATR-ASTRA1 2.0.2
2025-11-30 16:51:35,332 [INFO] ThirdParty:1030 - CMSIS Pack Vendor :Avnet-IotConnect X-CUBE-IoTC-DA16k-PMOD 1.0.0
2025-11-30 16:51:35,332 [INFO] ThirdParty:1030 - CMSIS Pack Vendor :STMicroelectronics X-CUBE-SMBUS 2.1.0
2025-11-30 16:51:35,332 [INFO] ThirdParty:1030 - CMSIS Pack Vendor :STMicroelectronics X-CUBE-ISPU 2.1.0
2025-11-30 16:51:35,332 [INFO] ThirdParty:1030 - CMSIS Pack Vendor :STMicroelectronics X-CUBE-IPS 3.2.0
2025-11-30 16:51:35,332 [INFO] ThirdParty:1030 - CMSIS Pack Vendor :STMicroelectronics X-CUBE-ST60 1.0.0
2025-11-30 16:51:35,332 [INFO] ThirdParty:1030 - CMSIS Pack Vendor :STMicroelectronics X-CUBE-NFC12 1.0.0
2025-11-30 16:51:35,333 [INFO] ThirdParty:1030 - CMSIS Pack Vendor :STMicroelectronics X-CUBE-AZRTOS-F7 1.1.0
2025-11-30 16:51:35,333 [INFO] ThirdParty:1030 - CMSIS Pack Vendor :STMicroelectronics X-CUBE-AZRTOS-L5 2.0.0
2025-11-30 16:51:35,333 [INFO] ThirdParty:1030 - CMSIS Pack Vendor :STMicroelectronics USB_DEVICE 2.0.0
2025-11-30 16:51:35,333 [INFO] ThirdParty:1030 - CMSIS Pack Vendor :STMicroelectronics X-CUBE-NFC6 3.1.0
2025-11-30 16:51:35,333 [INFO] ThirdParty:1030 - CMSIS Pack Vendor :STMicroelectronics FP-SNS-MOTENV1 5.1.0
2025-11-30 16:51:35,333 [INFO] ThirdParty:1030 - CMSIS Pack Vendor :STMicroelectronics FreeRTOS 0.0.1
2025-11-30 16:51:35,333 [INFO] ThirdParty:1030 - CMSIS Pack Vendor :Infineon AIROC-Wi-Fi-Bluetooth-STM32 1.7.1
2025-11-30 16:51:35,333 [INFO] ThirdParty:1030 - CMSIS Pack Vendor :STMicroelectronics PDM2PCM 3.3.0
2025-11-30 16:51:35,333 [INFO] ThirdParty:1030 - CMSIS Pack Vendor :STMicroelectronics X-CUBE-AZRTOS-H7 3.4.0
2025-11-30 16:51:35,333 [INFO] ThirdParty:1030 - CMSIS Pack Vendor :STMicroelectronics X-CUBE-DISPLAY 3.0.0
2025-11-30 16:51:35,333 [INFO] ThirdParty:1030 - CMSIS Pack Vendor :STMicroelectronics X-CUBE-NFC10 1.0.0
2025-11-30 16:51:35,333 [INFO] ThirdParty:1030 - CMSIS Pack Vendor :STMicroelectronics X-CUBE-BLEMGR 4.0.0
2025-11-30 16:51:35,333 [INFO] ThirdParty:1030 - CMSIS Pack Vendor :STMicroelectronics X-CUBE-FREERTOS 1.3.1
2025-11-30 16:51:35,333 [INFO] ThirdParty:1030 - CMSIS Pack Vendor :STMicroelectronics HAL Drivers 0.0.0
2025-11-30 16:51:35,333 [INFO] ThirdParty:1030 - CMSIS Pack Vendor :STMicroelectronics X-CUBE-ST60 1.1.0
2025-11-30 16:51:35,333 [INFO] ThirdParty:1030 - CMSIS Pack Vendor :emotas I-CUBE-CANOPEN 1.3.0
2025-11-30 16:51:35,333 [INFO] ThirdParty:1030 - CMSIS Pack Vendor :STMicroelectronics MBEDTLS 2.14.1
2025-11-30 16:51:35,333 [INFO] ThirdParty:1030 - CMSIS Pack Vendor :STMicroelectronics X-CUBE-GNSS1 7.1.0
2025-11-30 16:51:35,333 [INFO] ThirdParty:1030 - CMSIS Pack Vendor :STMicroelectronics X-CUBE-TOUCHGFX 4.26.0
2025-11-30 16:51:35,333 [INFO] ThirdParty:1030 - CMSIS Pack Vendor :quantropi X-CUBE-qispace-sdk-base 2.0.0
2025-11-30 16:51:35,333 [INFO] ThirdParty:1030 - CMSIS Pack Vendor :STMicroelectronics FP-SNS-STBOX1 2.1.0
2025-11-30 16:51:35,333 [INFO] ThirdParty:1030 - CMSIS Pack Vendor :STMicroelectronics FP-SNS-STAIOTCFT 1.0.0
2025-11-30 16:51:35,333 [INFO] ThirdParty:1030 - CMSIS Pack Vendor :STMicroelectronics FP-SNS-SMARTAG2 1.2.0
2025-11-30 16:51:35,333 [INFO] ThirdParty:1030 - CMSIS Pack Vendor :STMicroelectronics FP-SNS-FLIGHT1 5.1.0
2025-11-30 16:51:35,334 [INFO] ThirdParty:1030 - CMSIS Pack Vendor :STMicroelectronics X-CUBE-AZRTOS-WL 2.0.0
2025-11-30 16:51:35,334 [INFO] ThirdParty:1030 - CMSIS Pack Vendor :STMicroelectronics X-CUBE-DPower 1.3.0
2025-11-30 16:51:35,334 [INFO] ThirdParty:1030 - CMSIS Pack Vendor :STMicroelectronics FP-SNS-MOTENV1 5.0.0
2025-11-30 16:51:35,334 [INFO] ThirdParty:1030 - CMSIS Pack Vendor :STMicroelectronics USB_DEVICE 1.0.0
2025-11-30 16:51:35,334 [INFO] ThirdParty:1030 - CMSIS Pack Vendor :STMicroelectronics X-CUBE-AZRTOS-H7RS 1.2.0
2025-11-30 16:51:35,334 [INFO] ThirdParty:1030 - CMSIS Pack Vendor :STMicroelectronics X-CUBE-AZRTOS-L4 2.0.0
2025-11-30 16:51:35,334 [INFO] ThirdParty:1030 - CMSIS Pack Vendor :STMicroelectronics ThreadX 0.0.2
2025-11-30 16:51:35,334 [INFO] ThirdParty:1030 - CMSIS Pack Vendor :WES I-CUBE-Cesium 1.3.0
2025-11-30 16:51:35,334 [INFO] ThirdParty:1030 - CMSIS Pack Vendor :STMicroelectronics lwIP 2.1.2
2025-11-30 16:51:35,334 [INFO] ThirdParty:1030 - CMSIS Pack Vendor :STMicroelectronics X-CUBE-SFXS2LP1 4.0.0
2025-11-30 16:51:35,334 [INFO] ThirdParty:1030 - CMSIS Pack Vendor :STMicroelectronics X-CUBE-BLE2 3.3.0
2025-11-30 16:51:35,334 [INFO] ThirdParty:1030 - CMSIS Pack Vendor :Avnet-IOTCONNECT X-CUBE-iotc-st67-sdk 1.0.0
2025-11-30 16:51:35,334 [INFO] ThirdParty:1030 - CMSIS Pack Vendor :STMicroelectronics PDM2PCM 3.2.0
2025-11-30 16:51:35,334 [INFO] ThirdParty:1030 - CMSIS Pack Vendor :STMicroelectronics X-CUBE-NFC9 1.0.0
2025-11-30 16:51:35,334 [INFO] ThirdParty:1030 - CMSIS Pack Vendor :wolfSSL I-CUBE-wolfSSL 5.8.0
2025-11-30 16:51:35,334 [INFO] ThirdParty:1030 - CMSIS Pack Vendor :STMicroelectronics X-CUBE-BLE1 7.1.0
2025-11-30 16:51:35,334 [INFO] ThirdParty:1030 - CMSIS Pack Vendor :wolfSSL I-CUBE-wolfMQTT 1.19.2
2025-11-30 16:51:35,334 [INFO] ThirdParty:1030 - CMSIS Pack Vendor :STMicroelectronics USB_DEVICE 3.0.0
2025-11-30 16:51:35,334 [INFO] ThirdParty:1030 - CMSIS Pack Vendor :STMicroelectronics X-CUBE-FREERTOS 1.4.0
2025-11-30 16:51:35,334 [INFO] ThirdParty:1030 - CMSIS Pack Vendor :STMicroelectronics X-CUBE-EEPRMA1 5.2.0
2025-11-30 16:51:35,335 [INFO] ThirdParty:1030 - CMSIS Pack Vendor :STMicroelectronics X-CUBE-BLEMGR 4.1.0
2025-11-30 16:51:35,335 [INFO] ThirdParty:1030 - CMSIS Pack Vendor :STMicroelectronics X-CUBE-AZRTOS-WB 2.0.0
2025-11-30 16:51:35,335 [INFO] ThirdParty:1030 - CMSIS Pack Vendor :STMicroelectronics X-CUBE-GNSS1 7.0.1
2025-11-30 16:51:35,335 [INFO] ThirdParty:1030 - CMSIS Pack Vendor :STMicroelectronics X-CUBE-TOUCHGFX 4.25.0
2025-11-30 16:51:35,335 [INFO] ThirdParty:1030 - CMSIS Pack Vendor :STMicroelectronics X-CUBE-ST67W61 1.1.0
2025-11-30 16:51:35,335 [INFO] ThirdParty:1030 - CMSIS Pack Vendor :STMicroelectronics X-CUBE-AI 10.1.0
2025-11-30 16:51:35,335 [INFO] ThirdParty:1030 - CMSIS Pack Vendor :STMicroelectronics FP-SNS-STBOX1 2.0.0
2025-11-30 16:51:35,335 [INFO] ThirdParty:1030 - CMSIS Pack Vendor :STMicroelectronics X-CUBE-MEMS1 12.0.0
2025-11-30 16:51:35,335 [INFO] ThirdParty:1030 - CMSIS Pack Vendor :STMicroelectronics X-CUBE-AZRTOS-G0 1.1.0
2025-11-30 16:51:35,335 [INFO] ThirdParty:1030 - CMSIS Pack Vendor :STMicroelectronics X-CUBE-SAFEA1 1.2.2
2025-11-30 16:51:35,335 [INFO] ThirdParty:1030 - CMSIS Pack Vendor :STMicroelectronics X-CUBE-NFC4 3.0.0
2025-11-30 16:51:35,335 [INFO] ThirdParty:1030 - CMSIS Pack Vendor :STMicroelectronics X-CUBE-SUBG2 5.0.0
2025-11-30 16:51:35,335 [INFO] ThirdParty:1030 - CMSIS Pack Vendor :STMicroelectronics X-CUBE-AZRTOS-H7RS 1.1.0
2025-11-30 16:51:35,335 [INFO] ThirdParty:1030 - CMSIS Pack Vendor :STMicroelectronics STM32_WPAN 1.0.0
2025-11-30 16:51:35,335 [INFO] ThirdParty:1030 - CMSIS Pack Vendor :EmbeddedOffice I-CUBE-FS-RTOS 1.0.1
2025-11-30 16:51:35,335 [INFO] ThirdParty:1030 - CMSIS Pack Vendor :STMicroelectronics lwIP 2.0.3
2025-11-30 16:51:35,335 [INFO] ThirdParty:1030 - CMSIS Pack Vendor :Cesanta I-CUBE-Mongoose 7.13.0
2025-11-30 16:51:35,335 [INFO] ThirdParty:1030 - CMSIS Pack Vendor :STMicroelectronics USB_HOST 1.0.0
2025-11-30 16:51:35,337 [INFO] ThirdParty:1030 - CMSIS Pack Vendor :STMicroelectronics X-CUBE-AZRTOS-G4 2.0.0
2025-11-30 16:51:35,337 [INFO] ThirdParty:1030 - CMSIS Pack Vendor :STMicroelectronics X-CUBE-WB05N 2.0.0
2025-11-30 16:51:35,337 [INFO] ThirdParty:1030 - CMSIS Pack Vendor :STMicroelectronics PDM2PCM 3.1.0
2025-11-30 16:51:35,337 [INFO] ThirdParty:1030 - CMSIS Pack Vendor :wolfSSL I-CUBE-wolfTPM 3.8.0
2025-11-30 16:51:35,337 [INFO] ThirdParty:1030 - CMSIS Pack Vendor :wolfSSL I-CUBE-wolfSSH 1.4.20
2025-11-30 16:51:35,337 [INFO] ThirdParty:1030 - CMSIS Pack Vendor :STMicroelectronics X-CUBE-NFC7 2.0.0
2025-11-30 16:51:35,337 [INFO] ThirdParty:1030 - CMSIS Pack Vendor :STMicroelectronics X-CUBE-TCPP 4.2.0
2025-11-30 16:51:35,337 [INFO] ThirdParty:1030 - CMSIS Pack Vendor :RealThread X-CUBE-RT-Thread_Nano 4.1.1
2025-11-30 16:51:35,337 [INFO] ThirdParty:1030 - CMSIS Pack Vendor :STMicroelectronics FP-ATR-SIGFOX1 3.2.0
2025-11-30 16:51:35,337 [INFO] ThirdParty:1030 - CMSIS Pack Vendor :STMicroelectronics X-CUBE-EEPRMA1 5.1.0
2025-11-30 16:51:35,337 [INFO] ThirdParty:1030 - CMSIS Pack Vendor :STMicroelectronics MBEDTLS 2.16.2
2025-11-30 16:51:35,337 [INFO] ThirdParty:1030 - CMSIS Pack Vendor :STMicroelectronics X-CUBE-IPS 3.1.0
2025-11-30 16:51:35,337 [INFO] ThirdParty:1030 - CMSIS Pack Vendor :STMicroelectronics X-CUBE-ALS 1.0.2
2025-11-30 16:51:35,337 [INFO] ThirdParty:1030 - CMSIS Pack Vendor :ITTIA_DB I-CUBE-ITTIADB 8.9.0
2025-11-30 16:51:35,337 [INFO] ThirdParty:1030 - CMSIS Pack Vendor :STMicroelectronics X-CUBE-STSE01 1.0.0
2025-11-30 16:51:35,337 [INFO] ThirdParty:1030 - CMSIS Pack Vendor :portGmbH I-Cube-SoM-uGOAL 1.1.0
2025-11-30 16:51:35,337 [INFO] ThirdParty:1030 - CMSIS Pack Vendor :STMicroelectronics X-CUBE-ST67W61 1.0.0
2025-11-30 16:51:35,337 [INFO] ThirdParty:1030 - CMSIS Pack Vendor :STMicroelectronics X-CUBE-AI 10.2.0
2025-11-30 16:51:35,337 [INFO] ThirdParty:1030 - CMSIS Pack Vendor :STMicroelectronics ThreadX 1.0.0
2025-11-30 16:51:35,337 [INFO] ThirdParty:1030 - CMSIS Pack Vendor :SEGGER I-CUBE-embOS 1.3.1
2025-11-30 16:51:35,337 [INFO] ThirdParty:1030 - CMSIS Pack Vendor :STMicroelectronics X-CUBE-ALGOBUILD 1.4.0
2025-11-30 16:51:35,337 [INFO] ThirdParty:1030 - CMSIS Pack Vendor :STMicroelectronics X-CUBE-MEMS1 11.3.0
2025-11-30 16:51:35,338 [INFO] ThirdParty:1030 - CMSIS Pack Vendor :STMicroelectronics X-CUBE-TOF1 3.4.3
2025-11-30 16:51:35,338 [INFO] ThirdParty:841 - exiting critical section [change project]
2025-11-30 16:51:35,978 [ERROR] LogOutputStream:75 - [STDERR_REDIRECT] [Fatal Error] :1:1: Premature end of file.
2025-11-30 16:51:35,978 [ERROR] LogOutputStream:75 - [STDERR_REDIRECT] 
2025-11-30 16:51:36,398 [INFO] PinOutPanel:1589 - setPackage(No Configuration,No Configuration)
2025-11-30 16:51:36,400 [INFO] PinOutPanel:1589 - setPackage(STM32G474QETx,LQFP128)
2025-11-30 16:51:36,933 [INFO] UtilMem:75 - Before build in PCC Used Memory: 939453520 Bytes (1073741824)
2025-11-30 16:51:36,975 [ERROR] LogOutputStream:75 - [STDERR_REDIRECT] [Fatal Error] :1:1: Premature end of file.
2025-11-30 16:51:36,975 [ERROR] LogOutputStream:75 - [STDERR_REDIRECT] 
2025-11-30 16:51:37,950 [INFO] UtilMem:75 - After build in PCC Used Memory: 737633936 Bytes (1073741824)
2025-11-30 16:51:37,971 [ERROR] LogOutputStream:75 - [STDERR_REDIRECT] [Fatal Error] :1:1: Premature end of file.
2025-11-30 16:51:37,971 [ERROR] LogOutputStream:75 - [STDERR_REDIRECT] 
2025-11-30 16:51:38,048 [INFO] ApiDbMcu:532 - Load IP Config File for USB_DEVICE
2025-11-30 16:51:38,094 [INFO] IPUIPlugin:80 - create IPUIPlugin
2025-11-30 16:51:38,095 [INFO] IPUIPlugin:80 - create IPUIPlugin
2025-11-30 16:51:38,095 [INFO] IPUIPlugin:80 - create IPUIPlugin
2025-11-30 16:51:38,095 [INFO] IPUIPlugin:80 - create IPUIPlugin
2025-11-30 16:51:38,096 [INFO] IPUIPlugin:80 - create IPUIPlugin
2025-11-30 16:51:38,096 [INFO] IPUIPlugin:80 - create IPUIPlugin
2025-11-30 16:51:38,096 [INFO] IPUIPlugin:80 - create IPUIPlugin
2025-11-30 16:51:38,096 [INFO] IPUIPlugin:80 - create IPUIPlugin
2025-11-30 16:51:38,096 [INFO] IPUIPlugin:80 - create IPUIPlugin
2025-11-30 16:51:38,096 [INFO] IPUIPlugin:80 - create IPUIPlugin
2025-11-30 16:51:38,096 [INFO] IPUIPlugin:80 - create IPUIPlugin
2025-11-30 16:51:38,096 [INFO] IPUIPlugin:80 - create IPUIPlugin
2025-11-30 16:51:38,097 [INFO] IPUIPlugin:80 - create IPUIPlugin
2025-11-30 16:51:38,097 [INFO] IPUIPlugin:80 - create IPUIPlugin
2025-11-30 16:51:38,097 [INFO] IPUIPlugin:80 - create IPUIPlugin
2025-11-30 16:51:38,097 [INFO] IPUIPlugin:80 - create IPUIPlugin
2025-11-30 16:51:38,097 [INFO] IPUIPlugin:80 - create IPUIPlugin
2025-11-30 16:51:38,098 [INFO] IPUIPlugin:80 - create IPUIPlugin
2025-11-30 16:51:38,098 [INFO] IPUIPlugin:80 - create IPUIPlugin
2025-11-30 16:51:38,098 [INFO] IPUIPlugin:80 - create IPUIPlugin
2025-11-30 16:51:38,098 [INFO] IPUIPlugin:80 - create IPUIPlugin
2025-11-30 16:51:38,098 [INFO] IPUIPlugin:80 - create IPUIPlugin
2025-11-30 16:51:38,098 [INFO] IPUIPlugin:80 - create IPUIPlugin
2025-11-30 16:51:38,098 [INFO] IPUIPlugin:80 - create IPUIPlugin
2025-11-30 16:51:38,099 [INFO] IPUIPlugin:80 - create IPUIPlugin
2025-11-30 16:51:38,099 [INFO] IPUIPlugin:80 - create IPUIPlugin
2025-11-30 16:51:38,099 [INFO] IPUIPlugin:80 - create IPUIPlugin
2025-11-30 16:51:38,099 [INFO] IPUIPlugin:80 - create IPUIPlugin
2025-11-30 16:51:38,100 [INFO] IPUIPlugin:80 - create IPUIPlugin
2025-11-30 16:51:38,100 [INFO] IPUIPlugin:80 - create IPUIPlugin
2025-11-30 16:51:38,100 [INFO] IPUIPlugin:80 - create IPUIPlugin
2025-11-30 16:51:38,100 [INFO] IPUIPlugin:80 - create IPUIPlugin
2025-11-30 16:51:38,100 [INFO] IPUIPlugin:80 - create IPUIPlugin
2025-11-30 16:51:38,101 [INFO] IPUIPlugin:80 - create IPUIPlugin
2025-11-30 16:51:38,101 [INFO] IPUIPlugin:80 - create IPUIPlugin
2025-11-30 16:51:38,101 [INFO] IPUIPlugin:80 - create IPUIPlugin
2025-11-30 16:51:38,103 [INFO] IPUIPlugin:80 - create IPUIPlugin
2025-11-30 16:51:38,103 [INFO] IPUIPlugin:80 - create IPUIPlugin
2025-11-30 16:51:38,103 [INFO] IPUIPlugin:80 - create IPUIPlugin
2025-11-30 16:51:38,105 [INFO] IPUIPlugin:80 - create IPUIPlugin
2025-11-30 16:51:38,105 [INFO] IPUIPlugin:80 - create IPUIPlugin
2025-11-30 16:51:38,105 [INFO] IPUIPlugin:80 - create IPUIPlugin
2025-11-30 16:51:38,105 [INFO] IPUIPlugin:80 - create IPUIPlugin
2025-11-30 16:51:38,106 [INFO] IPUIPlugin:80 - create IPUIPlugin
2025-11-30 16:51:38,106 [INFO] IPUIPlugin:80 - create IPUIPlugin
2025-11-30 16:51:38,106 [INFO] IPUIPlugin:80 - create IPUIPlugin
2025-11-30 16:51:38,106 [INFO] IPUIPlugin:80 - create IPUIPlugin
2025-11-30 16:51:38,107 [INFO] IPUIPlugin:80 - create IPUIPlugin
2025-11-30 16:51:38,107 [INFO] IPUIPlugin:80 - create IPUIPlugin
2025-11-30 16:51:38,107 [INFO] IPUIPlugin:80 - create IPUIPlugin
2025-11-30 16:51:38,107 [INFO] IPUIPlugin:80 - create IPUIPlugin
2025-11-30 16:51:38,108 [INFO] IPUIPlugin:80 - create IPUIPlugin
2025-11-30 16:51:38,108 [INFO] IPUIPlugin:80 - create IPUIPlugin
2025-11-30 16:51:38,108 [INFO] IPUIPlugin:80 - create IPUIPlugin
2025-11-30 16:51:38,108 [INFO] IPUIPlugin:80 - create IPUIPlugin
2025-11-30 16:51:38,109 [INFO] IPUIPlugin:80 - create IPUIPlugin
2025-11-30 16:51:38,109 [INFO] IPUIPlugin:80 - create IPUIPlugin
2025-11-30 16:51:38,109 [INFO] IPUIPlugin:80 - create IPUIPlugin
2025-11-30 16:51:38,109 [INFO] IPUIPlugin:80 - create IPUIPlugin
2025-11-30 16:51:38,110 [INFO] IPUIPlugin:80 - create IPUIPlugin
2025-11-30 16:51:38,110 [INFO] IPUIPlugin:80 - create IPUIPlugin
2025-11-30 16:51:38,110 [INFO] IPUIPlugin:80 - create IPUIPlugin
2025-11-30 16:51:38,111 [INFO] IPUIPlugin:80 - create IPUIPlugin
2025-11-30 16:51:38,111 [INFO] IPUIPlugin:80 - create IPUIPlugin
2025-11-30 16:51:38,112 [INFO] IPUIPlugin:80 - create IPUIPlugin
2025-11-30 16:51:38,112 [INFO] IPUIPlugin:80 - create IPUIPlugin
2025-11-30 16:51:38,112 [INFO] IPUIPlugin:80 - create IPUIPlugin
2025-11-30 16:51:38,112 [INFO] IPUIPlugin:80 - create IPUIPlugin
2025-11-30 16:51:38,113 [INFO] IPUIPlugin:80 - create IPUIPlugin
2025-11-30 16:51:38,113 [INFO] IPUIPlugin:80 - create IPUIPlugin
2025-11-30 16:51:38,114 [INFO] IPUIPlugin:80 - create IPUIPlugin
2025-11-30 16:51:38,114 [INFO] IPUIPlugin:80 - create IPUIPlugin
2025-11-30 16:51:38,114 [INFO] IPUIPlugin:80 - create IPUIPlugin
2025-11-30 16:51:38,115 [INFO] IPUIPlugin:80 - create IPUIPlugin
2025-11-30 16:51:38,115 [INFO] IPUIPlugin:80 - create IPUIPlugin
2025-11-30 16:51:38,115 [INFO] IPUIPlugin:80 - create IPUIPlugin
2025-11-30 16:51:38,116 [INFO] IPUIPlugin:80 - create IPUIPlugin
2025-11-30 16:51:38,116 [INFO] IPUIPlugin:80 - create IPUIPlugin
2025-11-30 16:51:38,116 [INFO] IPUIPlugin:80 - create IPUIPlugin
2025-11-30 16:51:38,382 [INFO] CADModel:165 - CPN selected for project levelSTM32G474QET6
2025-11-30 16:51:38,382 [INFO] CADModel:114 - Register for checkConnection events
2025-11-30 16:51:38,447 [INFO] OpenFileManager:386 - Restore cursor
2025-11-30 16:51:38,963 [ERROR] LogOutputStream:75 - [STDERR_REDIRECT] [Fatal Error] :1:1: Premature end of file.
2025-11-30 16:51:38,963 [ERROR] LogOutputStream:75 - [STDERR_REDIRECT] 
2025-11-30 16:51:39,982 [ERROR] LogOutputStream:75 - [STDERR_REDIRECT] [Fatal Error] :1:1: Premature end of file.
2025-11-30 16:51:39,982 [ERROR] LogOutputStream:75 - [STDERR_REDIRECT] 
2025-11-30 16:51:40,972 [ERROR] LogOutputStream:75 - [STDERR_REDIRECT] [Fatal Error] :1:1: Premature end of file.
2025-11-30 16:51:40,972 [ERROR] LogOutputStream:75 - [STDERR_REDIRECT] 
2025-11-30 16:51:42,014 [ERROR] LogOutputStream:75 - [STDERR_REDIRECT] [Fatal Error] :1:1: Premature end of file.
2025-11-30 16:51:42,014 [ERROR] LogOutputStream:75 - [STDERR_REDIRECT] 
2025-11-30 16:51:42,960 [ERROR] LogOutputStream:75 - [STDERR_REDIRECT] [Fatal Error] :1:1: Premature end of file.
2025-11-30 16:51:42,960 [ERROR] LogOutputStream:75 - [STDERR_REDIRECT] 
2025-11-30 16:51:44,047 [ERROR] LogOutputStream:75 - [STDERR_REDIRECT] [Fatal Error] :1:1: Premature end of file.
2025-11-30 16:51:44,048 [ERROR] LogOutputStream:75 - [STDERR_REDIRECT] 
2025-11-30 16:51:45,012 [ERROR] LogOutputStream:75 - [STDERR_REDIRECT] [Fatal Error] :1:1: Premature end of file.
2025-11-30 16:51:45,012 [ERROR] LogOutputStream:75 - [STDERR_REDIRECT] 
2025-11-30 16:51:45,974 [ERROR] LogOutputStream:75 - [STDERR_REDIRECT] [Fatal Error] :1:1: Premature end of file.
2025-11-30 16:51:45,975 [ERROR] LogOutputStream:75 - [STDERR_REDIRECT] 
2025-11-30 16:51:46,962 [ERROR] LogOutputStream:75 - [STDERR_REDIRECT] [Fatal Error] :1:1: Premature end of file.
2025-11-30 16:51:46,962 [ERROR] LogOutputStream:75 - [STDERR_REDIRECT] 
2025-11-30 16:51:47,957 [ERROR] LogOutputStream:75 - [STDERR_REDIRECT] [Fatal Error] :1:1: Premature end of file.
2025-11-30 16:51:47,957 [ERROR] LogOutputStream:75 - [STDERR_REDIRECT] 
2025-11-30 16:51:48,960 [ERROR] LogOutputStream:75 - [STDERR_REDIRECT] [Fatal Error] :1:1: Premature end of file.
2025-11-30 16:51:48,960 [ERROR] LogOutputStream:75 - [STDERR_REDIRECT] 
2025-11-30 16:51:49,957 [ERROR] LogOutputStream:75 - [STDERR_REDIRECT] [Fatal Error] :1:1: Premature end of file.
2025-11-30 16:51:49,958 [ERROR] LogOutputStream:75 - [STDERR_REDIRECT] 
2025-11-30 16:51:50,969 [ERROR] LogOutputStream:75 - [STDERR_REDIRECT] [Fatal Error] :1:1: Premature end of file.
2025-11-30 16:51:50,969 [ERROR] LogOutputStream:75 - [STDERR_REDIRECT] 
2025-11-30 16:51:51,970 [ERROR] LogOutputStream:75 - [STDERR_REDIRECT] [Fatal Error] :1:1: Premature end of file.
2025-11-30 16:51:51,971 [ERROR] LogOutputStream:75 - [STDERR_REDIRECT] 
2025-11-30 16:51:53,014 [ERROR] LogOutputStream:75 - [STDERR_REDIRECT] [Fatal Error] :1:1: Premature end of file.
2025-11-30 16:51:53,015 [ERROR] LogOutputStream:75 - [STDERR_REDIRECT] 
2025-11-30 16:51:53,977 [ERROR] LogOutputStream:75 - [STDERR_REDIRECT] [Fatal Error] :1:1: Premature end of file.
2025-11-30 16:51:53,978 [ERROR] LogOutputStream:75 - [STDERR_REDIRECT] 
2025-11-30 16:51:54,981 [ERROR] LogOutputStream:75 - [STDERR_REDIRECT] [Fatal Error] :1:1: Premature end of file.
2025-11-30 16:51:54,981 [ERROR] LogOutputStream:75 - [STDERR_REDIRECT] 
2025-11-30 16:51:55,959 [ERROR] LogOutputStream:75 - [STDERR_REDIRECT] [Fatal Error] :1:1: Premature end of file.
2025-11-30 16:51:55,960 [ERROR] LogOutputStream:75 - [STDERR_REDIRECT] 
2025-11-30 16:51:56,966 [ERROR] LogOutputStream:75 - [STDERR_REDIRECT] [Fatal Error] :1:1: Premature end of file.
2025-11-30 16:51:56,966 [ERROR] LogOutputStream:75 - [STDERR_REDIRECT] 
2025-11-30 16:51:57,966 [ERROR] LogOutputStream:75 - [STDERR_REDIRECT] [Fatal Error] :1:1: Premature end of file.
2025-11-30 16:51:57,967 [ERROR] LogOutputStream:75 - [STDERR_REDIRECT] 
2025-11-30 16:51:58,962 [ERROR] LogOutputStream:75 - [STDERR_REDIRECT] [Fatal Error] :1:1: Premature end of file.
2025-11-30 16:51:58,963 [ERROR] LogOutputStream:75 - [STDERR_REDIRECT] 
2025-11-30 16:51:59,961 [ERROR] LogOutputStream:75 - [STDERR_REDIRECT] [Fatal Error] :1:1: Premature end of file.
2025-11-30 16:51:59,961 [ERROR] LogOutputStream:75 - [STDERR_REDIRECT] 
2025-11-30 16:52:00,966 [ERROR] LogOutputStream:75 - [STDERR_REDIRECT] [Fatal Error] :1:1: Premature end of file.
2025-11-30 16:52:00,966 [ERROR] LogOutputStream:75 - [STDERR_REDIRECT] 
2025-11-30 16:52:01,755 [INFO] UtilMem:75 - End SaveConfig() Used Memory: 728594104 Bytes (1073741824)
2025-11-30 16:52:01,973 [ERROR] LogOutputStream:75 - [STDERR_REDIRECT] [Fatal Error] :1:1: Premature end of file.
2025-11-30 16:52:01,974 [ERROR] LogOutputStream:75 - [STDERR_REDIRECT] 
2025-11-30 16:52:02,956 [ERROR] LogOutputStream:75 - [STDERR_REDIRECT] [Fatal Error] :1:1: Premature end of file.
2025-11-30 16:52:02,956 [ERROR] LogOutputStream:75 - [STDERR_REDIRECT] 
2025-11-30 16:52:03,986 [ERROR] LogOutputStream:75 - [STDERR_REDIRECT] [Fatal Error] :1:1: Premature end of file.
2025-11-30 16:52:03,987 [ERROR] LogOutputStream:75 - [STDERR_REDIRECT] 
2025-11-30 16:52:04,149 [INFO] UtilMem:75 - End SaveConfig() Used Memory: 972933680 Bytes (1073741824)
2025-11-30 16:52:04,980 [ERROR] LogOutputStream:75 - [STDERR_REDIRECT] [Fatal Error] :1:1: Premature end of file.
2025-11-30 16:52:04,981 [ERROR] LogOutputStream:75 - [STDERR_REDIRECT] 
2025-11-30 16:52:05,320 [INFO] BlockDiagram:2775 - set Specific Code input for plugin: USB_Device
2025-11-30 16:52:05,320 [INFO] BlockDiagram:2775 - set Specific Code input for plugin: SYS
2025-11-30 16:52:05,320 [INFO] BlockDiagram:2775 - set Specific Code input for plugin: RCC
2025-11-30 16:52:05,322 [INFO] BlockDiagram:2775 - set Specific Code input for plugin: NVIC
2025-11-30 16:52:05,322 [INFO] BlockDiagram:2775 - set Specific Code input for plugin: USART
2025-11-30 16:52:05,322 [INFO] BlockDiagram:2775 - set Specific Code input for plugin: USB
2025-11-30 16:52:05,323 [INFO] BlockDiagram:2775 - set Specific Code input for plugin: GPIO
2025-11-30 16:52:05,527 [INFO] CodeGenerator:892 - code generatio: config db path: C:\ST\STM32CubeIDE_1.18.1\STM32CubeIDE\plugins\com.st.stm32cube.common.mx_6.15.0.202507011659\\db\
2025-11-30 16:52:05,812 [INFO] CodeEngine:265 - oldGeneratedFile, F:\SNIFFER_CODING\HARDWARE\001_USB_detect_STM32G4\MXTmpFiles\license.tmp_save
2025-11-30 16:52:05,965 [ERROR] LogOutputStream:75 - [STDERR_REDIRECT] [Fatal Error] :1:1: Premature end of file.
2025-11-30 16:52:05,965 [ERROR] LogOutputStream:75 - [STDERR_REDIRECT] 
2025-11-30 16:52:06,230 [INFO] CodeEngine:289 - Generated code: F:\SNIFFER_CODING\HARDWARE\001_USB_detect_STM32G4\MXTmpFiles\license.tmp
2025-11-30 16:52:06,333 [INFO] CodeEngine:265 - oldGeneratedFile, F:\SNIFFER_CODING\HARDWARE\001_USB_detect_STM32G4\MXTmpFiles\gpio.tmp_save
2025-11-30 16:52:06,495 [INFO] CodeEngine:289 - Generated code: F:\SNIFFER_CODING\HARDWARE\001_USB_detect_STM32G4\MXTmpFiles\gpio.tmp
2025-11-30 16:52:06,593 [INFO] CodeEngine:265 - oldGeneratedFile, F:\SNIFFER_CODING\HARDWARE\001_USB_detect_STM32G4\MXTmpFiles\usb_vars.tmp_save
2025-11-30 16:52:06,690 [INFO] CodeEngine:289 - Generated code: F:\SNIFFER_CODING\HARDWARE\001_USB_detect_STM32G4\MXTmpFiles\usb_vars.tmp
2025-11-30 16:52:06,695 [INFO] CodeEngine:265 - oldGeneratedFile, F:\SNIFFER_CODING\HARDWARE\001_USB_detect_STM32G4\MXTmpFiles\usb_inc.tmp_save
2025-11-30 16:52:06,771 [INFO] CodeEngine:289 - Generated code: F:\SNIFFER_CODING\HARDWARE\001_USB_detect_STM32G4\MXTmpFiles\usb_inc.tmp
2025-11-30 16:52:06,778 [INFO] CodeEngine:265 - oldGeneratedFile, F:\SNIFFER_CODING\HARDWARE\001_USB_detect_STM32G4\MXTmpFiles\usb_HalInit.tmp_save
2025-11-30 16:52:06,889 [INFO] CodeEngine:289 - Generated code: F:\SNIFFER_CODING\HARDWARE\001_USB_detect_STM32G4\MXTmpFiles\usb_HalInit.tmp
2025-11-30 16:52:06,902 [INFO] CodeEngine:265 - oldGeneratedFile, F:\SNIFFER_CODING\HARDWARE\001_USB_detect_STM32G4\MXTmpFiles\usb_Msp.tmp_save
2025-11-30 16:52:06,974 [ERROR] LogOutputStream:75 - [STDERR_REDIRECT] [Fatal Error] :1:1: Premature end of file.
2025-11-30 16:52:06,975 [ERROR] LogOutputStream:75 - [STDERR_REDIRECT] 
2025-11-30 16:52:07,038 [INFO] CodeEngine:289 - Generated code: F:\SNIFFER_CODING\HARDWARE\001_USB_detect_STM32G4\MXTmpFiles\usb_Msp.tmp
2025-11-30 16:52:07,223 [INFO] Middleware:1452 - No code input for Bsp Dependency
2025-11-30 16:52:07,244 [INFO] Middleware:1452 - No code input for Bsp Dependency
2025-11-30 16:52:07,258 [INFO] CodeEngine:265 - oldGeneratedFile, F:\SNIFFER_CODING\HARDWARE\001_USB_detect_STM32G4\USB_Device\App\usb_device.c_save
2025-11-30 16:52:07,403 [INFO] CodeEngine:289 - Generated code: F:\SNIFFER_CODING\HARDWARE\001_USB_detect_STM32G4\USB_Device\App\usb_device.c
2025-11-30 16:52:07,410 [INFO] CodeEngine:265 - oldGeneratedFile, F:\SNIFFER_CODING\HARDWARE\001_USB_detect_STM32G4\USB_Device\App\usb_device.h_save
2025-11-30 16:52:07,500 [INFO] CodeEngine:289 - Generated code: F:\SNIFFER_CODING\HARDWARE\001_USB_detect_STM32G4\USB_Device\App\usb_device.h
2025-11-30 16:52:07,508 [INFO] CodeEngine:265 - oldGeneratedFile, F:\SNIFFER_CODING\HARDWARE\001_USB_detect_STM32G4\USB_Device\Target\usbd_conf.h_save
2025-11-30 16:52:07,603 [INFO] CodeEngine:289 - Generated code: F:\SNIFFER_CODING\HARDWARE\001_USB_detect_STM32G4\USB_Device\Target\usbd_conf.h
2025-11-30 16:52:07,629 [INFO] CodeEngine:265 - oldGeneratedFile, F:\SNIFFER_CODING\HARDWARE\001_USB_detect_STM32G4\USB_Device\Target\usbd_conf.c_save
2025-11-30 16:52:07,750 [INFO] CodeEngine:289 - Generated code: F:\SNIFFER_CODING\HARDWARE\001_USB_detect_STM32G4\USB_Device\Target\usbd_conf.c
2025-11-30 16:52:07,757 [INFO] CodeEngine:265 - oldGeneratedFile, F:\SNIFFER_CODING\HARDWARE\001_USB_detect_STM32G4\USB_Device\App\usbd_desc.h_save
2025-11-30 16:52:07,831 [INFO] CodeEngine:289 - Generated code: F:\SNIFFER_CODING\HARDWARE\001_USB_detect_STM32G4\USB_Device\App\usbd_desc.h
2025-11-30 16:52:07,839 [INFO] CodeEngine:265 - oldGeneratedFile, F:\SNIFFER_CODING\HARDWARE\001_USB_detect_STM32G4\USB_Device\App\usbd_desc.c_save
2025-11-30 16:52:07,971 [ERROR] LogOutputStream:75 - [STDERR_REDIRECT] [Fatal Error] :1:1: Premature end of file.
2025-11-30 16:52:07,971 [ERROR] LogOutputStream:75 - [STDERR_REDIRECT] 
2025-11-30 16:52:07,973 [INFO] CodeEngine:289 - Generated code: F:\SNIFFER_CODING\HARDWARE\001_USB_detect_STM32G4\USB_Device\App\usbd_desc.c
2025-11-30 16:52:07,981 [INFO] CodeEngine:265 - oldGeneratedFile, F:\SNIFFER_CODING\HARDWARE\001_USB_detect_STM32G4\USB_Device\App\usbd_cdc_if.h_save
2025-11-30 16:52:08,066 [INFO] CodeEngine:289 - Generated code: F:\SNIFFER_CODING\HARDWARE\001_USB_detect_STM32G4\USB_Device\App\usbd_cdc_if.h
2025-11-30 16:52:08,073 [INFO] CodeEngine:265 - oldGeneratedFile, F:\SNIFFER_CODING\HARDWARE\001_USB_detect_STM32G4\USB_Device\App\usbd_cdc_if.c_save
2025-11-30 16:52:08,155 [INFO] CodeEngine:289 - Generated code: F:\SNIFFER_CODING\HARDWARE\001_USB_detect_STM32G4\USB_Device\App\usbd_cdc_if.c
2025-11-30 16:52:08,203 [INFO] CodeEngine:265 - oldGeneratedFile, F:\SNIFFER_CODING\HARDWARE\001_USB_detect_STM32G4\Core\Src\stm32g4xx_it.c_save
2025-11-30 16:52:08,345 [INFO] CodeEngine:289 - Generated code: F:\SNIFFER_CODING\HARDWARE\001_USB_detect_STM32G4\Core\Src\stm32g4xx_it.c
2025-11-30 16:52:08,353 [INFO] CodeEngine:265 - oldGeneratedFile, F:\SNIFFER_CODING\HARDWARE\001_USB_detect_STM32G4\Core\Inc\stm32g4xx_it.h_save
2025-11-30 16:52:08,445 [INFO] CodeEngine:289 - Generated code: F:\SNIFFER_CODING\HARDWARE\001_USB_detect_STM32G4\Core\Inc\stm32g4xx_it.h
2025-11-30 16:52:08,473 [INFO] CodeEngine:265 - oldGeneratedFile, F:\SNIFFER_CODING\HARDWARE\001_USB_detect_STM32G4\Core\Src\stm32g4xx_hal_msp.c_save
2025-11-30 16:52:08,592 [INFO] CodeEngine:289 - Generated code: F:\SNIFFER_CODING\HARDWARE\001_USB_detect_STM32G4\Core\Src\stm32g4xx_hal_msp.c
2025-11-30 16:52:08,597 [INFO] CodeEngine:265 - oldGeneratedFile, F:\SNIFFER_CODING\HARDWARE\001_USB_detect_STM32G4\MXTmpFiles\system.tmp_save
2025-11-30 16:52:08,652 [INFO] CodeEngine:289 - Generated code: F:\SNIFFER_CODING\HARDWARE\001_USB_detect_STM32G4\MXTmpFiles\system.tmp
2025-11-30 16:52:08,665 [INFO] CodeEngine:321 - oldGeneratedFile, F:\SNIFFER_CODING\HARDWARE\001_USB_detect_STM32G4\Core\Inc\stm32g4xx_hal_conf.h_save
2025-11-30 16:52:08,748 [INFO] CodeEngine:345 - Generated code: F:\SNIFFER_CODING\HARDWARE\001_USB_detect_STM32G4\Core\Inc\stm32g4xx_hal_conf.h
2025-11-30 16:52:08,775 [WARN] IPConfigManager:3238 - Warning: the RefConfig RCC_CommonPeriphClockConfig is not available in your config.xml file
2025-11-30 16:52:08,802 [INFO] ApiDbMcu:532 - Load IP Config File for USART1
2025-11-30 16:52:08,807 [INFO] ApiDbMcu:532 - Load IP Config File for RCC
2025-11-30 16:52:08,828 [INFO] CodeEngine:265 - oldGeneratedFile, F:\SNIFFER_CODING\HARDWARE\001_USB_detect_STM32G4\Core\Inc\main.h_save
2025-11-30 16:52:08,925 [INFO] CodeEngine:289 - Generated code: F:\SNIFFER_CODING\HARDWARE\001_USB_detect_STM32G4\Core\Inc\main.h
2025-11-30 16:52:08,940 [INFO] CodeEngine:265 - oldGeneratedFile, F:\SNIFFER_CODING\HARDWARE\001_USB_detect_STM32G4\Core\Src\main.c_save
2025-11-30 16:52:08,965 [ERROR] LogOutputStream:75 - [STDERR_REDIRECT] [Fatal Error] :1:1: Premature end of file.
2025-11-30 16:52:08,965 [ERROR] LogOutputStream:75 - [STDERR_REDIRECT] 
2025-11-30 16:52:09,089 [INFO] CodeEngine:289 - Generated code: F:\SNIFFER_CODING\HARDWARE\001_USB_detect_STM32G4\Core\Src\main.c
2025-11-30 16:52:09,731 [INFO] ProjectBuilder:3606 - Time for Copy HAL[1] : 331mS.
2025-11-30 16:52:09,742 [INFO] ProjectBuilder:5216 - Project Generator version: 4.7.0-B52
2025-11-30 16:52:09,857 [INFO] ConfigFileManager:1595 - The Die is : DIE469
2025-11-30 16:52:09,862 [INFO] ApiDbMcu:532 - Load IP Config File for FATFS
2025-11-30 16:52:09,868 [INFO] ApiDbMcu:532 - Load IP Config File for FREERTOS
2025-11-30 16:52:09,878 [INFO] ApiDbMcu:532 - Load IP Config File for USBPD
2025-11-30 16:52:09,962 [ERROR] LogOutputStream:75 - [STDERR_REDIRECT] [Fatal Error] :1:1: Premature end of file.
2025-11-30 16:52:09,962 [ERROR] LogOutputStream:75 - [STDERR_REDIRECT] 
2025-11-30 16:52:10,468 [INFO] LogOutputStream:77 - [STDOUT_REDIRECT] 
2025-11-30 16:52:11,033 [ERROR] LogOutputStream:75 - [STDERR_REDIRECT] [Fatal Error] :1:1: Premature end of file.
2025-11-30 16:52:11,035 [ERROR] LogOutputStream:75 - [STDERR_REDIRECT] 
2025-11-30 16:52:11,963 [ERROR] LogOutputStream:75 - [STDERR_REDIRECT] [Fatal Error] :1:1: Premature end of file.
2025-11-30 16:52:11,963 [ERROR] LogOutputStream:75 - [STDERR_REDIRECT] 
2025-11-30 16:52:13,005 [ERROR] LogOutputStream:75 - [STDERR_REDIRECT] [Fatal Error] :1:1: Premature end of file.
2025-11-30 16:52:13,006 [ERROR] LogOutputStream:75 - [STDERR_REDIRECT] 
2025-11-30 16:52:13,438 [INFO] ProjectBuilder:5496 - Time for Generating toolchain IDE Files: 3696mS.
2025-11-30 16:52:13,441 [INFO] ProjectBuilder:3463 - Time for Copy CMSIS : 0mS.
2025-11-30 16:52:13,447 [INFO] ProjectBuilder:3463 - Time for Copy CMSIS : 0mS.
2025-11-30 16:52:13,958 [ERROR] LogOutputStream:75 - [STDERR_REDIRECT] [Fatal Error] :1:1: Premature end of file.
2025-11-30 16:52:13,958 [ERROR] LogOutputStream:75 - [STDERR_REDIRECT] 
2025-11-30 16:52:14,965 [ERROR] LogOutputStream:75 - [STDERR_REDIRECT] [Fatal Error] :1:1: Premature end of file.
2025-11-30 16:52:14,965 [ERROR] LogOutputStream:75 - [STDERR_REDIRECT] 
2025-11-30 16:52:15,957 [ERROR] LogOutputStream:75 - [STDERR_REDIRECT] [Fatal Error] :1:1: Premature end of file.
2025-11-30 16:52:15,957 [ERROR] LogOutputStream:75 - [STDERR_REDIRECT] 
2025-11-30 16:52:16,962 [ERROR] LogOutputStream:75 - [STDERR_REDIRECT] [Fatal Error] :1:1: Premature end of file.
2025-11-30 16:52:16,962 [ERROR] LogOutputStream:75 - [STDERR_REDIRECT] 
2025-11-30 16:52:17,968 [ERROR] LogOutputStream:75 - [STDERR_REDIRECT] [Fatal Error] :1:1: Premature end of file.
2025-11-30 16:52:17,970 [ERROR] LogOutputStream:75 - [STDERR_REDIRECT] 
2025-11-30 16:52:18,958 [ERROR] LogOutputStream:75 - [STDERR_REDIRECT] [Fatal Error] :1:1: Premature end of file.
2025-11-30 16:52:18,958 [ERROR] LogOutputStream:75 - [STDERR_REDIRECT] 
2025-11-30 16:52:19,958 [ERROR] LogOutputStream:75 - [STDERR_REDIRECT] [Fatal Error] :1:1: Premature end of file.
2025-11-30 16:52:19,958 [ERROR] LogOutputStream:75 - [STDERR_REDIRECT] 
2025-11-30 16:52:20,960 [ERROR] LogOutputStream:75 - [STDERR_REDIRECT] [Fatal Error] :1:1: Premature end of file.
2025-11-30 16:52:20,961 [ERROR] LogOutputStream:75 - [STDERR_REDIRECT] 
2025-11-30 16:52:21,961 [ERROR] LogOutputStream:75 - [STDERR_REDIRECT] [Fatal Error] :1:1: Premature end of file.
2025-11-30 16:52:21,961 [ERROR] LogOutputStream:75 - [STDERR_REDIRECT] 
2025-11-30 16:52:22,966 [ERROR] LogOutputStream:75 - [STDERR_REDIRECT] [Fatal Error] :1:1: Premature end of file.
2025-11-30 16:52:22,966 [ERROR] LogOutputStream:75 - [STDERR_REDIRECT] 
2025-11-30 16:52:23,958 [ERROR] LogOutputStream:75 - [STDERR_REDIRECT] [Fatal Error] :1:1: Premature end of file.
2025-11-30 16:52:23,958 [ERROR] LogOutputStream:75 - [STDERR_REDIRECT] 
2025-11-30 16:52:25,003 [ERROR] LogOutputStream:75 - [STDERR_REDIRECT] [Fatal Error] :1:1: Premature end of file.
2025-11-30 16:52:25,004 [ERROR] LogOutputStream:75 - [STDERR_REDIRECT] 
2025-11-30 16:52:25,966 [ERROR] LogOutputStream:75 - [STDERR_REDIRECT] [Fatal Error] :1:1: Premature end of file.
2025-11-30 16:52:25,966 [ERROR] LogOutputStream:75 - [STDERR_REDIRECT] 
2025-11-30 16:52:26,974 [ERROR] LogOutputStream:75 - [STDERR_REDIRECT] [Fatal Error] :1:1: Premature end of file.
2025-11-30 16:52:26,975 [ERROR] LogOutputStream:75 - [STDERR_REDIRECT] 
2025-11-30 16:52:28,127 [ERROR] LogOutputStream:75 - [STDERR_REDIRECT] [Fatal Error] :1:1: Premature end of file.
2025-11-30 16:52:28,128 [ERROR] LogOutputStream:75 - [STDERR_REDIRECT] 
2025-11-30 16:52:28,959 [ERROR] LogOutputStream:75 - [STDERR_REDIRECT] [Fatal Error] :1:1: Premature end of file.
2025-11-30 16:52:28,960 [ERROR] LogOutputStream:75 - [STDERR_REDIRECT] 
2025-11-30 16:52:29,972 [ERROR] LogOutputStream:75 - [STDERR_REDIRECT] [Fatal Error] :1:1: Premature end of file.
2025-11-30 16:52:29,972 [ERROR] LogOutputStream:75 - [STDERR_REDIRECT] 
2025-11-30 16:52:30,963 [ERROR] LogOutputStream:75 - [STDERR_REDIRECT] [Fatal Error] :1:1: Premature end of file.
2025-11-30 16:52:30,964 [ERROR] LogOutputStream:75 - [STDERR_REDIRECT] 
2025-11-30 16:52:31,962 [ERROR] LogOutputStream:75 - [STDERR_REDIRECT] [Fatal Error] :1:1: Premature end of file.
2025-11-30 16:52:31,964 [ERROR] LogOutputStream:75 - [STDERR_REDIRECT] 
2025-11-30 16:52:33,008 [ERROR] LogOutputStream:75 - [STDERR_REDIRECT] [Fatal Error] :1:1: Premature end of file.
2025-11-30 16:52:33,008 [ERROR] LogOutputStream:75 - [STDERR_REDIRECT] 
2025-11-30 16:52:33,966 [ERROR] LogOutputStream:75 - [STDERR_REDIRECT] [Fatal Error] :1:1: Premature end of file.
2025-11-30 16:52:33,967 [ERROR] LogOutputStream:75 - [STDERR_REDIRECT] 
2025-11-30 16:52:34,964 [ERROR] LogOutputStream:75 - [STDERR_REDIRECT] [Fatal Error] :1:1: Premature end of file.
2025-11-30 16:52:34,965 [ERROR] LogOutputStream:75 - [STDERR_REDIRECT] 
2025-11-30 16:52:35,962 [ERROR] LogOutputStream:75 - [STDERR_REDIRECT] [Fatal Error] :1:1: Premature end of file.
2025-11-30 16:52:35,962 [ERROR] LogOutputStream:75 - [STDERR_REDIRECT] 
2025-11-30 16:52:36,988 [ERROR] LogOutputStream:75 - [STDERR_REDIRECT] [Fatal Error] :1:1: Premature end of file.
2025-11-30 16:52:36,988 [ERROR] LogOutputStream:75 - [STDERR_REDIRECT] 
2025-11-30 16:52:37,972 [ERROR] LogOutputStream:75 - [STDERR_REDIRECT] [Fatal Error] :1:1: Premature end of file.
2025-11-30 16:52:37,973 [ERROR] LogOutputStream:75 - [STDERR_REDIRECT] 
2025-11-30 16:52:38,964 [ERROR] LogOutputStream:75 - [STDERR_REDIRECT] [Fatal Error] :1:1: Premature end of file.
2025-11-30 16:52:38,965 [ERROR] LogOutputStream:75 - [STDERR_REDIRECT] 
2025-11-30 16:52:39,978 [ERROR] LogOutputStream:75 - [STDERR_REDIRECT] [Fatal Error] :1:1: Premature end of file.
2025-11-30 16:52:39,978 [ERROR] LogOutputStream:75 - [STDERR_REDIRECT] 
2025-11-30 16:52:40,956 [ERROR] LogOutputStream:75 - [STDERR_REDIRECT] [Fatal Error] :1:1: Premature end of file.
2025-11-30 16:52:40,957 [ERROR] LogOutputStream:75 - [STDERR_REDIRECT] 
2025-11-30 16:52:41,969 [ERROR] LogOutputStream:75 - [STDERR_REDIRECT] [Fatal Error] :1:1: Premature end of file.
2025-11-30 16:52:41,970 [ERROR] LogOutputStream:75 - [STDERR_REDIRECT] 
2025-11-30 16:52:42,956 [ERROR] LogOutputStream:75 - [STDERR_REDIRECT] [Fatal Error] :1:1: Premature end of file.
2025-11-30 16:52:42,956 [ERROR] LogOutputStream:75 - [STDERR_REDIRECT] 
2025-11-30 16:52:43,966 [ERROR] LogOutputStream:75 - [STDERR_REDIRECT] [Fatal Error] :1:1: Premature end of file.
2025-11-30 16:52:43,967 [ERROR] LogOutputStream:75 - [STDERR_REDIRECT] 
2025-11-30 16:52:44,969 [ERROR] LogOutputStream:75 - [STDERR_REDIRECT] [Fatal Error] :1:1: Premature end of file.
2025-11-30 16:52:44,971 [ERROR] LogOutputStream:75 - [STDERR_REDIRECT] 
2025-11-30 16:52:45,962 [ERROR] LogOutputStream:75 - [STDERR_REDIRECT] [Fatal Error] :1:1: Premature end of file.
2025-11-30 16:52:45,963 [ERROR] LogOutputStream:75 - [STDERR_REDIRECT] 
2025-11-30 16:52:46,956 [ERROR] LogOutputStream:75 - [STDERR_REDIRECT] [Fatal Error] :1:1: Premature end of file.
2025-11-30 16:52:46,956 [ERROR] LogOutputStream:75 - [STDERR_REDIRECT] 
2025-11-30 16:52:47,963 [ERROR] LogOutputStream:75 - [STDERR_REDIRECT] [Fatal Error] :1:1: Premature end of file.
2025-11-30 16:52:47,963 [ERROR] LogOutputStream:75 - [STDERR_REDIRECT] 
2025-11-30 16:52:48,970 [ERROR] LogOutputStream:75 - [STDERR_REDIRECT] [Fatal Error] :1:1: Premature end of file.
2025-11-30 16:52:48,970 [ERROR] LogOutputStream:75 - [STDERR_REDIRECT] 
2025-11-30 16:52:49,959 [ERROR] LogOutputStream:75 - [STDERR_REDIRECT] [Fatal Error] :1:1: Premature end of file.
2025-11-30 16:52:49,959 [ERROR] LogOutputStream:75 - [STDERR_REDIRECT] 
2025-11-30 16:52:50,960 [ERROR] LogOutputStream:75 - [STDERR_REDIRECT] [Fatal Error] :1:1: Premature end of file.
2025-11-30 16:52:50,960 [ERROR] LogOutputStream:75 - [STDERR_REDIRECT] 
2025-11-30 16:52:51,958 [ERROR] LogOutputStream:75 - [STDERR_REDIRECT] [Fatal Error] :1:1: Premature end of file.
2025-11-30 16:52:51,959 [ERROR] LogOutputStream:75 - [STDERR_REDIRECT] 
2025-11-30 16:52:52,963 [ERROR] LogOutputStream:75 - [STDERR_REDIRECT] [Fatal Error] :1:1: Premature end of file.
2025-11-30 16:52:52,963 [ERROR] LogOutputStream:75 - [STDERR_REDIRECT] 
2025-11-30 16:52:53,958 [ERROR] LogOutputStream:75 - [STDERR_REDIRECT] [Fatal Error] :1:1: Premature end of file.
2025-11-30 16:52:53,959 [ERROR] LogOutputStream:75 - [STDERR_REDIRECT] 
2025-11-30 16:52:54,961 [ERROR] LogOutputStream:75 - [STDERR_REDIRECT] [Fatal Error] :1:1: Premature end of file.
2025-11-30 16:52:54,963 [ERROR] LogOutputStream:75 - [STDERR_REDIRECT] 
2025-11-30 16:52:55,959 [ERROR] LogOutputStream:75 - [STDERR_REDIRECT] [Fatal Error] :1:1: Premature end of file.
2025-11-30 16:52:55,959 [ERROR] LogOutputStream:75 - [STDERR_REDIRECT] 
2025-11-30 16:52:56,966 [ERROR] LogOutputStream:75 - [STDERR_REDIRECT] [Fatal Error] :1:1: Premature end of file.
2025-11-30 16:52:56,967 [ERROR] LogOutputStream:75 - [STDERR_REDIRECT] 
2025-11-30 16:52:57,960 [ERROR] LogOutputStream:75 - [STDERR_REDIRECT] [Fatal Error] :1:1: Premature end of file.
2025-11-30 16:52:57,960 [ERROR] LogOutputStream:75 - [STDERR_REDIRECT] 
2025-11-30 16:52:58,972 [ERROR] LogOutputStream:75 - [STDERR_REDIRECT] [Fatal Error] :1:1: Premature end of file.
2025-11-30 16:52:58,973 [ERROR] LogOutputStream:75 - [STDERR_REDIRECT] 
2025-11-30 16:52:59,961 [ERROR] LogOutputStream:75 - [STDERR_REDIRECT] [Fatal Error] :1:1: Premature end of file.
2025-11-30 16:52:59,961 [ERROR] LogOutputStream:75 - [STDERR_REDIRECT] 
2025-11-30 16:53:00,962 [ERROR] LogOutputStream:75 - [STDERR_REDIRECT] [Fatal Error] :1:1: Premature end of file.
2025-11-30 16:53:00,962 [ERROR] LogOutputStream:75 - [STDERR_REDIRECT] 
2025-11-30 16:53:01,968 [ERROR] LogOutputStream:75 - [STDERR_REDIRECT] [Fatal Error] :1:1: Premature end of file.
2025-11-30 16:53:01,968 [ERROR] LogOutputStream:75 - [STDERR_REDIRECT] 
2025-11-30 16:53:02,961 [ERROR] LogOutputStream:75 - [STDERR_REDIRECT] [Fatal Error] :1:1: Premature end of file.
2025-11-30 16:53:02,961 [ERROR] LogOutputStream:75 - [STDERR_REDIRECT] 
2025-11-30 16:53:03,962 [ERROR] LogOutputStream:75 - [STDERR_REDIRECT] [Fatal Error] :1:1: Premature end of file.
2025-11-30 16:53:03,962 [ERROR] LogOutputStream:75 - [STDERR_REDIRECT] 
2025-11-30 16:53:04,961 [ERROR] LogOutputStream:75 - [STDERR_REDIRECT] [Fatal Error] :1:1: Premature end of file.
2025-11-30 16:53:04,962 [ERROR] LogOutputStream:75 - [STDERR_REDIRECT] 
2025-11-30 16:53:05,960 [ERROR] LogOutputStream:75 - [STDERR_REDIRECT] [Fatal Error] :1:1: Premature end of file.
2025-11-30 16:53:05,962 [ERROR] LogOutputStream:75 - [STDERR_REDIRECT] 
2025-11-30 16:53:06,957 [ERROR] LogOutputStream:75 - [STDERR_REDIRECT] [Fatal Error] :1:1: Premature end of file.
2025-11-30 16:53:06,957 [ERROR] LogOutputStream:75 - [STDERR_REDIRECT] 
2025-11-30 16:53:07,969 [ERROR] LogOutputStream:75 - [STDERR_REDIRECT] [Fatal Error] :1:1: Premature end of file.
2025-11-30 16:53:07,970 [ERROR] LogOutputStream:75 - [STDERR_REDIRECT] 
2025-11-30 16:53:08,968 [ERROR] LogOutputStream:75 - [STDERR_REDIRECT] [Fatal Error] :1:1: Premature end of file.
2025-11-30 16:53:08,969 [ERROR] LogOutputStream:75 - [STDERR_REDIRECT] 
2025-11-30 16:53:09,960 [ERROR] LogOutputStream:75 - [STDERR_REDIRECT] [Fatal Error] :1:1: Premature end of file.
2025-11-30 16:53:09,961 [ERROR] LogOutputStream:75 - [STDERR_REDIRECT] 
2025-11-30 16:53:10,964 [ERROR] LogOutputStream:75 - [STDERR_REDIRECT] [Fatal Error] :1:1: Premature end of file.
2025-11-30 16:53:10,964 [ERROR] LogOutputStream:75 - [STDERR_REDIRECT] 
2025-11-30 16:53:11,962 [ERROR] LogOutputStream:75 - [STDERR_REDIRECT] [Fatal Error] :1:1: Premature end of file.
2025-11-30 16:53:11,963 [ERROR] LogOutputStream:75 - [STDERR_REDIRECT] 
2025-11-30 16:53:12,964 [ERROR] LogOutputStream:75 - [STDERR_REDIRECT] [Fatal Error] :1:1: Premature end of file.
2025-11-30 16:53:12,964 [ERROR] LogOutputStream:75 - [STDERR_REDIRECT] 
2025-11-30 16:53:13,960 [ERROR] LogOutputStream:75 - [STDERR_REDIRECT] [Fatal Error] :1:1: Premature end of file.
2025-11-30 16:53:13,961 [ERROR] LogOutputStream:75 - [STDERR_REDIRECT] 
2025-11-30 16:53:15,188 [ERROR] LogOutputStream:75 - [STDERR_REDIRECT] [Fatal Error] :1:1: Premature end of file.
2025-11-30 16:53:15,188 [ERROR] LogOutputStream:75 - [STDERR_REDIRECT] 
2025-11-30 16:53:15,972 [ERROR] LogOutputStream:75 - [STDERR_REDIRECT] [Fatal Error] :1:1: Premature end of file.
2025-11-30 16:53:15,972 [ERROR] LogOutputStream:75 - [STDERR_REDIRECT] 
2025-11-30 16:53:16,988 [ERROR] LogOutputStream:75 - [STDERR_REDIRECT] [Fatal Error] :1:1: Premature end of file.
2025-11-30 16:53:16,988 [ERROR] LogOutputStream:75 - [STDERR_REDIRECT] 
2025-11-30 16:53:17,965 [ERROR] LogOutputStream:75 - [STDERR_REDIRECT] [Fatal Error] :1:1: Premature end of file.
2025-11-30 16:53:17,965 [ERROR] LogOutputStream:75 - [STDERR_REDIRECT] 
2025-11-30 16:53:18,969 [ERROR] LogOutputStream:75 - [STDERR_REDIRECT] [Fatal Error] :1:1: Premature end of file.
2025-11-30 16:53:18,970 [ERROR] LogOutputStream:75 - [STDERR_REDIRECT] 
2025-11-30 16:53:19,971 [ERROR] LogOutputStream:75 - [STDERR_REDIRECT] [Fatal Error] :1:1: Premature end of file.
2025-11-30 16:53:19,971 [ERROR] LogOutputStream:75 - [STDERR_REDIRECT] 
2025-11-30 16:53:20,979 [ERROR] LogOutputStream:75 - [STDERR_REDIRECT] [Fatal Error] :1:1: Premature end of file.
2025-11-30 16:53:20,980 [ERROR] LogOutputStream:75 - [STDERR_REDIRECT] 
2025-11-30 16:53:21,968 [ERROR] LogOutputStream:75 - [STDERR_REDIRECT] [Fatal Error] :1:1: Premature end of file.
2025-11-30 16:53:21,969 [ERROR] LogOutputStream:75 - [STDERR_REDIRECT] 
2025-11-30 16:53:22,979 [ERROR] LogOutputStream:75 - [STDERR_REDIRECT] [Fatal Error] :1:1: Premature end of file.
2025-11-30 16:53:22,979 [ERROR] LogOutputStream:75 - [STDERR_REDIRECT] 
2025-11-30 16:53:23,980 [ERROR] LogOutputStream:75 - [STDERR_REDIRECT] [Fatal Error] :1:1: Premature end of file.
2025-11-30 16:53:23,980 [ERROR] LogOutputStream:75 - [STDERR_REDIRECT] 
2025-11-30 16:53:24,961 [ERROR] LogOutputStream:75 - [STDERR_REDIRECT] [Fatal Error] :1:1: Premature end of file.
2025-11-30 16:53:24,961 [ERROR] LogOutputStream:75 - [STDERR_REDIRECT] 
2025-11-30 16:53:25,973 [ERROR] LogOutputStream:75 - [STDERR_REDIRECT] [Fatal Error] :1:1: Premature end of file.
2025-11-30 16:53:25,973 [ERROR] LogOutputStream:75 - [STDERR_REDIRECT] 
2025-11-30 16:53:26,970 [ERROR] LogOutputStream:75 - [STDERR_REDIRECT] [Fatal Error] :1:1: Premature end of file.
2025-11-30 16:53:26,970 [ERROR] LogOutputStream:75 - [STDERR_REDIRECT] 
2025-11-30 16:53:27,974 [ERROR] LogOutputStream:75 - [STDERR_REDIRECT] [Fatal Error] :1:1: Premature end of file.
2025-11-30 16:53:27,975 [ERROR] LogOutputStream:75 - [STDERR_REDIRECT] 
2025-11-30 16:53:28,959 [ERROR] LogOutputStream:75 - [STDERR_REDIRECT] [Fatal Error] :1:1: Premature end of file.
2025-11-30 16:53:28,959 [ERROR] LogOutputStream:75 - [STDERR_REDIRECT] 
2025-11-30 16:53:29,963 [ERROR] LogOutputStream:75 - [STDERR_REDIRECT] [Fatal Error] :1:1: Premature end of file.
2025-11-30 16:53:29,963 [ERROR] LogOutputStream:75 - [STDERR_REDIRECT] 
2025-11-30 16:53:30,967 [ERROR] LogOutputStream:75 - [STDERR_REDIRECT] [Fatal Error] :1:1: Premature end of file.
2025-11-30 16:53:30,968 [ERROR] LogOutputStream:75 - [STDERR_REDIRECT] 
2025-11-30 16:53:31,967 [ERROR] LogOutputStream:75 - [STDERR_REDIRECT] [Fatal Error] :1:1: Premature end of file.
2025-11-30 16:53:31,967 [ERROR] LogOutputStream:75 - [STDERR_REDIRECT] 
2025-11-30 16:53:32,970 [ERROR] LogOutputStream:75 - [STDERR_REDIRECT] [Fatal Error] :1:1: Premature end of file.
2025-11-30 16:53:32,970 [ERROR] LogOutputStream:75 - [STDERR_REDIRECT] 
2025-11-30 16:53:33,957 [ERROR] LogOutputStream:75 - [STDERR_REDIRECT] [Fatal Error] :1:1: Premature end of file.
2025-11-30 16:53:33,957 [ERROR] LogOutputStream:75 - [STDERR_REDIRECT] 
2025-11-30 16:53:34,963 [ERROR] LogOutputStream:75 - [STDERR_REDIRECT] [Fatal Error] :1:1: Premature end of file.
2025-11-30 16:53:34,964 [ERROR] LogOutputStream:75 - [STDERR_REDIRECT] 
2025-11-30 16:53:35,961 [ERROR] LogOutputStream:75 - [STDERR_REDIRECT] [Fatal Error] :1:1: Premature end of file.
2025-11-30 16:53:35,961 [ERROR] LogOutputStream:75 - [STDERR_REDIRECT] 
2025-11-30 16:53:36,980 [ERROR] LogOutputStream:75 - [STDERR_REDIRECT] [Fatal Error] :1:1: Premature end of file.
2025-11-30 16:53:36,981 [ERROR] LogOutputStream:75 - [STDERR_REDIRECT] 
2025-11-30 16:53:37,961 [ERROR] LogOutputStream:75 - [STDERR_REDIRECT] [Fatal Error] :1:1: Premature end of file.
2025-11-30 16:53:37,961 [ERROR] LogOutputStream:75 - [STDERR_REDIRECT] 
2025-11-30 16:53:38,971 [ERROR] LogOutputStream:75 - [STDERR_REDIRECT] [Fatal Error] :1:1: Premature end of file.
2025-11-30 16:53:38,971 [ERROR] LogOutputStream:75 - [STDERR_REDIRECT] 
2025-11-30 16:53:39,957 [ERROR] LogOutputStream:75 - [STDERR_REDIRECT] [Fatal Error] :1:1: Premature end of file.
2025-11-30 16:53:39,958 [ERROR] LogOutputStream:75 - [STDERR_REDIRECT] 
2025-11-30 16:53:40,963 [ERROR] LogOutputStream:75 - [STDERR_REDIRECT] [Fatal Error] :1:1: Premature end of file.
2025-11-30 16:53:40,964 [ERROR] LogOutputStream:75 - [STDERR_REDIRECT] 
2025-11-30 16:53:41,969 [ERROR] LogOutputStream:75 - [STDERR_REDIRECT] [Fatal Error] :1:1: Premature end of file.
2025-11-30 16:53:41,969 [ERROR] LogOutputStream:75 - [STDERR_REDIRECT] 
2025-11-30 16:53:42,961 [ERROR] LogOutputStream:75 - [STDERR_REDIRECT] [Fatal Error] :1:1: Premature end of file.
2025-11-30 16:53:42,961 [ERROR] LogOutputStream:75 - [STDERR_REDIRECT] 
2025-11-30 16:53:43,960 [ERROR] LogOutputStream:75 - [STDERR_REDIRECT] [Fatal Error] :1:1: Premature end of file.
2025-11-30 16:53:43,960 [ERROR] LogOutputStream:75 - [STDERR_REDIRECT] 
2025-11-30 16:53:44,960 [ERROR] LogOutputStream:75 - [STDERR_REDIRECT] [Fatal Error] :1:1: Premature end of file.
2025-11-30 16:53:44,960 [ERROR] LogOutputStream:75 - [STDERR_REDIRECT] 
2025-11-30 16:53:45,962 [ERROR] LogOutputStream:75 - [STDERR_REDIRECT] [Fatal Error] :1:1: Premature end of file.
2025-11-30 16:53:45,963 [ERROR] LogOutputStream:75 - [STDERR_REDIRECT] 
2025-11-30 16:53:46,958 [ERROR] LogOutputStream:75 - [STDERR_REDIRECT] [Fatal Error] :1:1: Premature end of file.
2025-11-30 16:53:46,959 [ERROR] LogOutputStream:75 - [STDERR_REDIRECT] 
2025-11-30 16:53:47,959 [ERROR] LogOutputStream:75 - [STDERR_REDIRECT] [Fatal Error] :1:1: Premature end of file.
2025-11-30 16:53:47,959 [ERROR] LogOutputStream:75 - [STDERR_REDIRECT] 
2025-11-30 16:53:48,965 [ERROR] LogOutputStream:75 - [STDERR_REDIRECT] [Fatal Error] :1:1: Premature end of file.
2025-11-30 16:53:48,965 [ERROR] LogOutputStream:75 - [STDERR_REDIRECT] 
2025-11-30 16:53:49,964 [ERROR] LogOutputStream:75 - [STDERR_REDIRECT] [Fatal Error] :1:1: Premature end of file.
2025-11-30 16:53:49,965 [ERROR] LogOutputStream:75 - [STDERR_REDIRECT] 
2025-11-30 16:53:50,961 [ERROR] LogOutputStream:75 - [STDERR_REDIRECT] [Fatal Error] :1:1: Premature end of file.
2025-11-30 16:53:50,961 [ERROR] LogOutputStream:75 - [STDERR_REDIRECT] 
2025-11-30 16:53:51,962 [ERROR] LogOutputStream:75 - [STDERR_REDIRECT] [Fatal Error] :1:1: Premature end of file.
2025-11-30 16:53:51,963 [ERROR] LogOutputStream:75 - [STDERR_REDIRECT] 
2025-11-30 16:53:52,958 [ERROR] LogOutputStream:75 - [STDERR_REDIRECT] [Fatal Error] :1:1: Premature end of file.
2025-11-30 16:53:52,958 [ERROR] LogOutputStream:75 - [STDERR_REDIRECT] 
2025-11-30 16:53:53,961 [ERROR] LogOutputStream:75 - [STDERR_REDIRECT] [Fatal Error] :1:1: Premature end of file.
2025-11-30 16:53:53,961 [ERROR] LogOutputStream:75 - [STDERR_REDIRECT] 
2025-11-30 16:53:54,962 [ERROR] LogOutputStream:75 - [STDERR_REDIRECT] [Fatal Error] :1:1: Premature end of file.
2025-11-30 16:53:54,962 [ERROR] LogOutputStream:75 - [STDERR_REDIRECT] 
2025-11-30 16:53:55,958 [ERROR] LogOutputStream:75 - [STDERR_REDIRECT] [Fatal Error] :1:1: Premature end of file.
2025-11-30 16:53:55,958 [ERROR] LogOutputStream:75 - [STDERR_REDIRECT] 
2025-11-30 16:53:56,962 [ERROR] LogOutputStream:75 - [STDERR_REDIRECT] [Fatal Error] :1:1: Premature end of file.
2025-11-30 16:53:56,963 [ERROR] LogOutputStream:75 - [STDERR_REDIRECT] 
2025-11-30 16:53:57,957 [ERROR] LogOutputStream:75 - [STDERR_REDIRECT] [Fatal Error] :1:1: Premature end of file.
2025-11-30 16:53:57,957 [ERROR] LogOutputStream:75 - [STDERR_REDIRECT] 
2025-11-30 16:53:58,957 [ERROR] LogOutputStream:75 - [STDERR_REDIRECT] [Fatal Error] :1:1: Premature end of file.
2025-11-30 16:53:58,957 [ERROR] LogOutputStream:75 - [STDERR_REDIRECT] 
2025-11-30 16:53:59,978 [ERROR] LogOutputStream:75 - [STDERR_REDIRECT] [Fatal Error] :1:1: Premature end of file.
2025-11-30 16:53:59,978 [ERROR] LogOutputStream:75 - [STDERR_REDIRECT] 
2025-11-30 16:54:00,910 [ERROR] LogOutputStream:75 - [STDERR_REDIRECT] 
2025-11-30 16:54:00,912 [ERROR] LogOutputStream:75 - [STDERR_REDIRECT] 
2025-11-30 17:08:14,039 [INFO] Activator:176 - 


2025-11-30 17:08:14,124 [INFO] Activator:177 - !SESSION log4j initialized
2025-11-30 17:08:19,460 [INFO] LogOutputStream:77 - [STDOUT_REDIRECT] 
2025-11-30 17:22:58,975 [INFO] Activator:176 - 


2025-11-30 17:22:59,067 [INFO] Activator:177 - !SESSION log4j initialized
2025-11-30 17:23:04,117 [INFO] LogOutputStream:77 - [STDOUT_REDIRECT] 
2025-11-30 17:41:49,462 [INFO] Activator:176 - 


2025-11-30 17:41:49,578 [INFO] Activator:177 - !SESSION log4j initialized
2025-11-30 17:41:54,669 [INFO] LogOutputStream:77 - [STDOUT_REDIRECT] 
